-- Comprehensive Seed Data for SunnyBudget - Coffee Shop Edition
-- Generated by generate_seed_data.py
-- This file contains 2 years (2024-2025) of coffee shop sample data
-- Small company: 3-8 sales per day (realistic for small business)
-- Run with: supabase db reset (applies migrations then seed.sql)

-- ============================================================================
-- VENDORS (30 vendor records)
-- ============================================================================
INSERT INTO vendors (id, name, email, phone, address, contact_person, notes, is_active) VALUES
(1, 'Premium Coffee Roasters', 'orders@premiumcoffee.com', '+1 (555) 100-0001', '123 Coffee Bean Ave, Seattle, WA 98101', 'John Coffee', 'Primary coffee bean supplier', true),
(2, 'Milk & Dairy Distributor', 'sales@milkdist.com', '+1 (555) 100-0002', '456 Dairy Lane, Portland, OR 97201', 'Sarah Milk', 'Fresh milk and dairy products', true),
(3, 'Pastry Supplier Co.', 'orders@pastryco.com', '+1 (555) 100-0003', '789 Bakery St, San Francisco, CA 94102', 'Mike Baker', 'Fresh pastries and baked goods', true),
(4, 'Equipment Solutions', 'info@equipment.com', '+1 (555) 100-0004', '321 Machine Blvd, Los Angeles, CA 90001', 'Emily Tech', 'Coffee machines and equipment', true),
(5, 'Cleaning Services Pro', 'contact@cleaning.com', '+1 (555) 100-0005', '654 Clean Way, Chicago, IL 60601', 'Robert Clean', 'Professional cleaning services', true),
(6, 'Marketing Agency', 'hello@marketing.com', '+1 (555) 100-0006', '987 Ad Ave, New York, NY 10001', 'Lisa Market', 'Digital marketing and social media', true),
(7, 'Insurance Provider', 'info@insurance.com', '+1 (555) 100-0007', '147 Policy St, Boston, MA 02101', 'David Insure', 'Business insurance', true),
(8, 'Utilities Company', 'service@utilities.com', '+1 (555) 100-0008', '258 Power Rd, Miami, FL 33101', 'Jennifer Power', 'Electricity and water', true),
(9, 'Internet Provider', 'support@internet.com', '+1 (555) 100-0009', '369 Web Blvd, Austin, TX 78701', 'Michael Net', 'Internet and phone services', true),
(10, 'Legal Services', 'contact@legal.com', '+1 (555) 100-0010', '741 Law St, Denver, CO 80201', 'James Law', 'Legal consultation', true),
(11, 'Distributor 11', 'contact@distributor11.com', '+1 (555) 111-2011', '111 Distributor St, Portland, OR 10011', 'Contact Person 11', 'Auto-generated vendor 11', true),
(12, 'Supplier 12', 'contact@supplier12.com', '+1 (555) 112-2012', '112 Supplier St, San Francisco, CA 10012', 'Contact Person 12', 'Auto-generated vendor 12', true),
(13, 'Service Provider 13', 'contact@serviceprovider13.com', '+1 (555) 113-2013', '113 Service Provider St, Los Angeles, CA 10013', 'Contact Person 13', 'Auto-generated vendor 13', true),
(14, 'Distributor 14', 'contact@distributor14.com', '+1 (555) 114-2014', '114 Distributor St, Chicago, IL 10014', 'Contact Person 14', 'Auto-generated vendor 14', true),
(15, 'Supplier 15', 'contact@supplier15.com', '+1 (555) 115-2015', '115 Supplier St, New York, NY 10015', 'Contact Person 15', 'Auto-generated vendor 15', true),
(16, 'Service Provider 16', 'contact@serviceprovider16.com', '+1 (555) 116-2016', '116 Service Provider St, Boston, MA 10016', 'Contact Person 16', 'Auto-generated vendor 16', true),
(17, 'Distributor 17', 'contact@distributor17.com', '+1 (555) 117-2017', '117 Distributor St, Miami, FL 10017', 'Contact Person 17', 'Auto-generated vendor 17', true),
(18, 'Supplier 18', 'contact@supplier18.com', '+1 (555) 118-2018', '118 Supplier St, Austin, TX 10018', 'Contact Person 18', 'Auto-generated vendor 18', true),
(19, 'Service Provider 19', 'contact@serviceprovider19.com', '+1 (555) 119-2019', '119 Service Provider St, Denver, CO 10019', 'Contact Person 19', 'Auto-generated vendor 19', true),
(20, 'Distributor 20', 'contact@distributor20.com', '+1 (555) 120-2020', '120 Distributor St, Seattle, WA 10020', 'Contact Person 20', 'Auto-generated vendor 20', true),
(21, 'Supplier 21', 'contact@supplier21.com', '+1 (555) 121-2021', '121 Supplier St, Portland, OR 10021', 'Contact Person 21', 'Auto-generated vendor 21', true),
(22, 'Service Provider 22', 'contact@serviceprovider22.com', '+1 (555) 122-2022', '122 Service Provider St, San Francisco, CA 10022', 'Contact Person 22', 'Auto-generated vendor 22', true),
(23, 'Distributor 23', 'contact@distributor23.com', '+1 (555) 123-2023', '123 Distributor St, Los Angeles, CA 10023', 'Contact Person 23', 'Auto-generated vendor 23', true),
(24, 'Supplier 24', 'contact@supplier24.com', '+1 (555) 124-2024', '124 Supplier St, Chicago, IL 10024', 'Contact Person 24', 'Auto-generated vendor 24', true),
(25, 'Service Provider 25', 'contact@serviceprovider25.com', '+1 (555) 125-2025', '125 Service Provider St, New York, NY 10025', 'Contact Person 25', 'Auto-generated vendor 25', true),
(26, 'Distributor 26', 'contact@distributor26.com', '+1 (555) 126-2026', '126 Distributor St, Boston, MA 10026', 'Contact Person 26', 'Auto-generated vendor 26', true),
(27, 'Supplier 27', 'contact@supplier27.com', '+1 (555) 127-2027', '127 Supplier St, Miami, FL 10027', 'Contact Person 27', 'Auto-generated vendor 27', true),
(28, 'Service Provider 28', 'contact@serviceprovider28.com', '+1 (555) 128-2028', '128 Service Provider St, Austin, TX 10028', 'Contact Person 28', 'Auto-generated vendor 28', true),
(29, 'Distributor 29', 'contact@distributor29.com', '+1 (555) 129-2029', '129 Distributor St, Denver, CO 10029', 'Contact Person 29', 'Auto-generated vendor 29', true),
(30, 'Supplier 30', 'contact@supplier30.com', '+1 (555) 130-2030', '130 Supplier St, Seattle, WA 10030', 'Contact Person 30', 'Auto-generated vendor 30', true);
SELECT setval('vendors_id_seq', (SELECT MAX(id) FROM vendors));

-- ============================================================================
-- ITEMS (50 inventory items)
-- ============================================================================
INSERT INTO items (id, name, description, category, sku, unit, unit_price, vendor_id, notes, item_type, is_active) VALUES
(1, 'Premium Arabica Beans', 'High-quality arabica coffee beans from Colombia', 'Coffee', 'COFFEE-ARAB-001', 'kg', 28.50, 1, 'Best seller - premium quality', 'item', true),
(2, 'Robusta Beans', 'Strong robusta coffee beans', 'Coffee', 'COFFEE-ROB-001', 'kg', 22.00, 1, 'For espresso blends', 'item', true),
(3, 'Organic Milk', 'Fresh organic whole milk', 'Dairy', 'MILK-ORG-001', 'liter', 4.50, 2, 'Premium option', 'item', true),
(4, 'Regular Milk', 'Standard whole milk', 'Dairy', 'MILK-REG-001', 'liter', 3.20, 2, 'Standard option', 'item', true),
(5, 'Oat Milk', 'Plant-based oat milk', 'Dairy', 'MILK-OAT-001', 'liter', 5.50, 2, 'Vegan option', 'item', true),
(6, 'Almond Milk', 'Plant-based almond milk', 'Dairy', 'MILK-ALM-001', 'liter', 6.00, 2, 'Vegan option', 'item', true),
(7, 'Croissants', 'Fresh butter croissants', 'Pastry', 'PASTRY-CRO-001', 'piece', 2.50, 3, 'Daily delivery', 'item', true),
(8, 'Muffins', 'Assorted muffins', 'Pastry', 'PASTRY-MUF-001', 'piece', 3.00, 3, 'Daily delivery', 'item', true),
(9, 'Bagels', 'Fresh bagels', 'Pastry', 'PASTRY-BAG-001', 'piece', 2.00, 3, 'Daily delivery', 'item', true),
(10, 'Espresso Machine', 'Commercial espresso machine', 'Equipment', 'EQUIP-ESP-001', 'unit', 8500.00, 4, 'Main equipment', 'item', true),
(11, 'Grinder', 'Commercial coffee grinder', 'Equipment', 'EQUIP-GRIND-001', 'unit', 1200.00, 4, 'Coffee grinder', 'item', true),
(12, 'Refrigerator', 'Commercial refrigerator', 'Equipment', 'EQUIP-FRIDGE-001', 'unit', 3500.00, 4, 'Storage', 'item', true),
(13, 'Paper Cups', 'Disposable coffee cups', 'Supplies', 'SUPPLY-CUP-001', 'box', 25.00, 1, '500 cups per box', 'item', true),
(14, 'Lids', 'Cup lids', 'Supplies', 'SUPPLY-LID-001', 'box', 12.00, 1, '500 lids per box', 'item', true),
(15, 'Napkins', 'Paper napkins', 'Supplies', 'SUPPLY-NAP-001', 'pack', 8.00, 1, '1000 napkins per pack', 'item', true),
(16, 'Sugar Packets', 'Sugar packets', 'Supplies', 'SUPPLY-SUG-001', 'box', 15.00, 1, '1000 packets per box', 'item', true),
(17, 'Syrup - Vanilla', 'Vanilla syrup', 'Supplies', 'SUPPLY-SYR-VAN-001', 'bottle', 12.00, 1, '750ml bottle', 'item', true),
(18, 'Syrup - Caramel', 'Caramel syrup', 'Supplies', 'SUPPLY-SYR-CAR-001', 'bottle', 12.00, 1, '750ml bottle', 'item', true),
(19, 'Syrup - Hazelnut', 'Hazelnut syrup', 'Supplies', 'SUPPLY-SYR-HAZ-001', 'bottle', 12.00, 1, '750ml bottle', 'item', true),
(20, 'Cleaning Supplies', 'General cleaning supplies', 'Supplies', 'SUPPLY-CLEAN-001', 'set', 45.00, 5, 'Monthly restock', 'item', true),
(21, 'Item 21', 'Description for Item 21', 'Equipment', 'ITEM-021', 'piece', 47.00, 22, 'Auto-generated item 21', 'item', true),
(22, 'Item 22', 'Description for Item 22', 'Supplies', 'ITEM-022', 'kg', 49.00, 23, 'Auto-generated item 22', 'item', true),
(23, 'Item 23', 'Description for Item 23', 'Food', 'ITEM-023', 'liter', 51.00, 24, 'Auto-generated item 23', 'item', true),
(24, 'Item 24', 'Description for Item 24', 'Coffee', 'ITEM-024', 'box', 53.00, 25, 'Auto-generated item 24', 'item', true),
(25, 'Item 25', 'Description for Item 25', 'Dairy', 'ITEM-025', 'bottle', 55.00, 26, 'Auto-generated item 25', 'item', true),
(26, 'Item 26', 'Description for Item 26', 'Pastry', 'ITEM-026', 'pack', 57.00, 27, 'Auto-generated item 26', 'item', true),
(27, 'Item 27', 'Description for Item 27', 'Equipment', 'ITEM-027', 'set', 59.00, 28, 'Auto-generated item 27', 'item', true),
(28, 'Item 28', 'Description for Item 28', 'Supplies', 'ITEM-028', 'piece', 61.00, 29, 'Auto-generated item 28', 'item', true),
(29, 'Item 29', 'Description for Item 29', 'Food', 'ITEM-029', 'kg', 63.00, 30, 'Auto-generated item 29', 'item', true),
(30, 'Item 30', 'Description for Item 30', 'Coffee', 'ITEM-030', 'liter', 65.00, 1, 'Auto-generated item 30', 'item', true),
(31, 'Item 31', 'Description for Item 31', 'Dairy', 'ITEM-031', 'box', 67.00, 2, 'Auto-generated item 31', 'item', true),
(32, 'Item 32', 'Description for Item 32', 'Pastry', 'ITEM-032', 'bottle', 69.00, 3, 'Auto-generated item 32', 'item', true),
(33, 'Item 33', 'Description for Item 33', 'Equipment', 'ITEM-033', 'pack', 71.00, 4, 'Auto-generated item 33', 'item', true),
(34, 'Item 34', 'Description for Item 34', 'Supplies', 'ITEM-034', 'set', 73.00, 5, 'Auto-generated item 34', 'item', true),
(35, 'Item 35', 'Description for Item 35', 'Food', 'ITEM-035', 'piece', 75.00, 6, 'Auto-generated item 35', 'item', true),
(36, 'Item 36', 'Description for Item 36', 'Coffee', 'ITEM-036', 'kg', 77.00, 7, 'Auto-generated item 36', 'item', true),
(37, 'Item 37', 'Description for Item 37', 'Dairy', 'ITEM-037', 'liter', 79.00, 8, 'Auto-generated item 37', 'item', true),
(38, 'Item 38', 'Description for Item 38', 'Pastry', 'ITEM-038', 'box', 81.00, 9, 'Auto-generated item 38', 'item', true),
(39, 'Item 39', 'Description for Item 39', 'Equipment', 'ITEM-039', 'bottle', 83.00, 10, 'Auto-generated item 39', 'item', true),
(40, 'Item 40', 'Description for Item 40', 'Supplies', 'ITEM-040', 'pack', 85.00, 11, 'Auto-generated item 40', 'item', true),
(41, 'Item 41', 'Description for Item 41', 'Food', 'ITEM-041', 'set', 87.00, 12, 'Auto-generated item 41', 'item', true),
(42, 'Item 42', 'Description for Item 42', 'Coffee', 'ITEM-042', 'piece', 89.00, 13, 'Auto-generated item 42', 'item', true),
(43, 'Item 43', 'Description for Item 43', 'Dairy', 'ITEM-043', 'kg', 91.00, 14, 'Auto-generated item 43', 'item', true),
(44, 'Item 44', 'Description for Item 44', 'Pastry', 'ITEM-044', 'liter', 93.00, 15, 'Auto-generated item 44', 'item', true),
(45, 'Item 45', 'Description for Item 45', 'Equipment', 'ITEM-045', 'box', 95.00, 16, 'Auto-generated item 45', 'item', true),
(46, 'Item 46', 'Description for Item 46', 'Supplies', 'ITEM-046', 'bottle', 97.00, 17, 'Auto-generated item 46', 'item', true),
(47, 'Item 47', 'Description for Item 47', 'Food', 'ITEM-047', 'pack', 99.00, 18, 'Auto-generated item 47', 'item', true),
(48, 'Item 48', 'Description for Item 48', 'Coffee', 'ITEM-048', 'set', 101.00, 19, 'Auto-generated item 48', 'item', true),
(49, 'Item 49', 'Description for Item 49', 'Dairy', 'ITEM-049', 'piece', 103.00, 20, 'Auto-generated item 49', 'item', true),
(50, 'Item 50', 'Description for Item 50', 'Pastry', 'ITEM-050', 'kg', 105.00, 21, 'Auto-generated item 50', 'item', true);
SELECT setval('items_id_seq', (SELECT MAX(id) FROM items));

-- ============================================================================
-- SUBSCRIPTIONS (Recurring expenses)
-- ============================================================================
INSERT INTO subscriptions (id, name, category, amount, recurrence, start_date, end_date, description, vendor, is_active) VALUES
(1, 'Rent - Main Location', 'rent', 4500.00, 'monthly', '2024-01-01', NULL, 'Rent - Main Location subscription', 'Vendor 2', true),
(2, 'Rent - Storage Unit', 'rent', 300.00, 'monthly', '2024-01-01', NULL, 'Rent - Storage Unit subscription', 'Vendor 3', true),
(3, 'Electricity', 'utilities', 650.00, 'monthly', '2024-01-01', NULL, 'Electricity subscription', 'Vendor 4', true),
(4, 'Water', 'utilities', 180.00, 'monthly', '2024-01-01', NULL, 'Water subscription', 'Vendor 5', true),
(5, 'Internet & Phone', 'utilities', 120.00, 'monthly', '2024-01-01', NULL, 'Internet & Phone subscription', 'Vendor 6', true),
(6, 'Gas', 'utilities', 250.00, 'monthly', '2024-01-01', NULL, 'Gas subscription', 'Vendor 7', true),
(7, 'Waste Management', 'utilities', 80.00, 'monthly', '2024-01-01', NULL, 'Waste Management subscription', 'Vendor 8', true),
(8, 'Coffee Beans - Monthly', 'supplies', 2800.00, 'monthly', '2024-01-01', NULL, 'Coffee Beans - Monthly subscription', 'Vendor 9', true),
(9, 'Milk & Dairy - Weekly', 'supplies', 600.00, 'monthly', '2024-01-01', NULL, 'Milk & Dairy - Weekly subscription', 'Vendor 10', true),
(10, 'Pastries - Daily', 'supplies', 1200.00, 'monthly', '2024-01-01', NULL, 'Pastries - Daily subscription', 'Vendor 11', true),
(11, 'Paper Products', 'supplies', 180.00, 'monthly', '2024-01-01', NULL, 'Paper Products subscription', 'Vendor 12', true),
(12, 'Cleaning Supplies', 'supplies', 150.00, 'monthly', '2024-01-01', NULL, 'Cleaning Supplies subscription', 'Vendor 13', true),
(13, 'Social Media Marketing', 'marketing', 500.00, 'monthly', '2024-01-01', NULL, 'Social Media Marketing subscription', 'Vendor 14', true),
(14, 'Local Advertising', 'marketing', 300.00, 'monthly', '2024-02-01', NULL, 'Local Advertising subscription', 'Vendor 15', true),
(15, 'Business Insurance', 'insurance', 350.00, 'monthly', '2024-01-01', NULL, 'Business Insurance subscription', 'Vendor 16', true),
(16, 'Equipment Insurance', 'insurance', 120.00, 'monthly', '2024-01-01', NULL, 'Equipment Insurance subscription', 'Vendor 17', true),
(17, 'Equipment Maintenance', 'maintenance', 200.00, 'monthly', '2024-01-01', NULL, 'Equipment Maintenance subscription', 'Vendor 18', true),
(18, 'Cleaning Service', 'maintenance', 400.00, 'monthly', '2024-01-01', NULL, 'Cleaning Service subscription', 'Vendor 19', true),
(19, 'Accounting Services', 'professional_services', 600.00, 'monthly', '2024-01-01', NULL, 'Accounting Services subscription', 'Vendor 20', true),
(20, 'Legal Services', 'professional_services', 200.00, 'quarterly', '2024-01-01', NULL, 'Legal Services subscription', 'Vendor 21', true);
SELECT setval('subscriptions_id_seq', (SELECT MAX(id) FROM subscriptions));

-- ============================================================================
-- EXPENSES (Expense payments)
-- ============================================================================
INSERT INTO expenses (id, name, category, amount, recurrence, start_date, expense_date, description, vendor, subscription_id) VALUES
(1, 'Initial Setup Cost', 'other', 5000.00, 'one_time', '2024-01-05', '2024-01-05', 'Initial Setup Cost expense', 'Vendor', NULL),
(2, 'Signage Installation', 'other', 1800.00, 'one_time', '2024-01-10', '2024-01-10', 'Signage Installation expense', 'Vendor', NULL),
(3, 'Initial Marketing Campaign', 'marketing', 3000.00, 'one_time', '2024-01-15', '2024-01-15', 'Initial Marketing Campaign expense', 'Vendor', NULL),
(4, 'Equipment Purchase', 'other', 15000.00, 'one_time', '2024-02-01', '2024-02-01', 'Equipment Purchase expense', 'Vendor', NULL),
(5, 'Renovation Costs', 'other', 12000.00, 'one_time', '2024-01-20', '2024-01-20', 'Renovation Costs expense', 'Vendor', NULL),
(6, 'Payment - Sub 1 - 2024-01', 'rent', 100.00, 'one_time', '2024-01-02', '2024-01-02', 'Payment for subscription 1', 'Vendor 1', 1),
(7, 'Payment - Sub 2 - 2024-01', 'rent', 110.00, 'one_time', '2024-01-03', '2024-01-03', 'Payment for subscription 2', 'Vendor 2', 2),
(8, 'Payment - Sub 3 - 2024-01', 'rent', 120.00, 'one_time', '2024-01-04', '2024-01-04', 'Payment for subscription 3', 'Vendor 3', 3),
(9, 'Payment - Sub 4 - 2024-01', 'rent', 130.00, 'one_time', '2024-01-05', '2024-01-05', 'Payment for subscription 4', 'Vendor 4', 4),
(10, 'Payment - Sub 5 - 2024-01', 'rent', 140.00, 'one_time', '2024-01-06', '2024-01-06', 'Payment for subscription 5', 'Vendor 5', 5),
(11, 'Payment - Sub 6 - 2024-01', 'rent', 150.00, 'one_time', '2024-01-07', '2024-01-07', 'Payment for subscription 6', 'Vendor 6', 6),
(12, 'Payment - Sub 7 - 2024-01', 'rent', 160.00, 'one_time', '2024-01-08', '2024-01-08', 'Payment for subscription 7', 'Vendor 7', 7),
(13, 'Payment - Sub 8 - 2024-01', 'rent', 170.00, 'one_time', '2024-01-09', '2024-01-09', 'Payment for subscription 8', 'Vendor 8', 8),
(14, 'Payment - Sub 9 - 2024-01', 'rent', 180.00, 'one_time', '2024-01-10', '2024-01-10', 'Payment for subscription 9', 'Vendor 9', 9),
(15, 'Payment - Sub 10 - 2024-01', 'rent', 190.00, 'one_time', '2024-01-11', '2024-01-11', 'Payment for subscription 10', 'Vendor 10', 10),
(16, 'Payment - Sub 11 - 2024-01', 'rent', 200.00, 'one_time', '2024-01-12', '2024-01-12', 'Payment for subscription 11', 'Vendor 11', 11),
(17, 'Payment - Sub 12 - 2024-01', 'rent', 210.00, 'one_time', '2024-01-13', '2024-01-13', 'Payment for subscription 12', 'Vendor 12', 12),
(18, 'Payment - Sub 13 - 2024-01', 'rent', 220.00, 'one_time', '2024-01-14', '2024-01-14', 'Payment for subscription 13', 'Vendor 13', 13),
(19, 'Payment - Sub 14 - 2024-01', 'rent', 230.00, 'one_time', '2024-01-15', '2024-01-15', 'Payment for subscription 14', 'Vendor 14', 14),
(20, 'Payment - Sub 15 - 2024-01', 'rent', 240.00, 'one_time', '2024-01-16', '2024-01-16', 'Payment for subscription 15', 'Vendor 15', 15),
(21, 'Payment - Sub 16 - 2024-01', 'rent', 250.00, 'one_time', '2024-01-17', '2024-01-17', 'Payment for subscription 16', 'Vendor 16', 16),
(22, 'Payment - Sub 17 - 2024-01', 'rent', 260.00, 'one_time', '2024-01-18', '2024-01-18', 'Payment for subscription 17', 'Vendor 17', 17),
(23, 'Payment - Sub 18 - 2024-01', 'rent', 270.00, 'one_time', '2024-01-19', '2024-01-19', 'Payment for subscription 18', 'Vendor 18', 18),
(24, 'Payment - Sub 19 - 2024-01', 'rent', 280.00, 'one_time', '2024-01-20', '2024-01-20', 'Payment for subscription 19', 'Vendor 19', 19),
(25, 'Payment - Sub 20 - 2024-01', 'rent', 290.00, 'one_time', '2024-01-21', '2024-01-21', 'Payment for subscription 20', 'Vendor 20', 20),
(26, 'Payment - Sub 1 - 2024-01', 'rent', 100.00, 'one_time', '2024-01-02', '2024-01-02', 'Payment for subscription 1', 'Vendor 1', 1),
(27, 'Payment - Sub 2 - 2024-01', 'rent', 110.00, 'one_time', '2024-01-03', '2024-01-03', 'Payment for subscription 2', 'Vendor 2', 2),
(28, 'Payment - Sub 3 - 2024-01', 'rent', 120.00, 'one_time', '2024-01-04', '2024-01-04', 'Payment for subscription 3', 'Vendor 3', 3),
(29, 'Payment - Sub 4 - 2024-01', 'rent', 130.00, 'one_time', '2024-01-05', '2024-01-05', 'Payment for subscription 4', 'Vendor 4', 4),
(30, 'Payment - Sub 5 - 2024-01', 'rent', 140.00, 'one_time', '2024-01-06', '2024-01-06', 'Payment for subscription 5', 'Vendor 5', 5),
(31, 'Payment - Sub 6 - 2024-01', 'rent', 150.00, 'one_time', '2024-01-07', '2024-01-07', 'Payment for subscription 6', 'Vendor 6', 6),
(32, 'Payment - Sub 7 - 2024-01', 'rent', 160.00, 'one_time', '2024-01-08', '2024-01-08', 'Payment for subscription 7', 'Vendor 7', 7),
(33, 'Payment - Sub 8 - 2024-01', 'rent', 170.00, 'one_time', '2024-01-09', '2024-01-09', 'Payment for subscription 8', 'Vendor 8', 8),
(34, 'Payment - Sub 9 - 2024-01', 'rent', 180.00, 'one_time', '2024-01-10', '2024-01-10', 'Payment for subscription 9', 'Vendor 9', 9),
(35, 'Payment - Sub 10 - 2024-01', 'rent', 190.00, 'one_time', '2024-01-11', '2024-01-11', 'Payment for subscription 10', 'Vendor 10', 10),
(36, 'Payment - Sub 11 - 2024-01', 'rent', 200.00, 'one_time', '2024-01-12', '2024-01-12', 'Payment for subscription 11', 'Vendor 11', 11),
(37, 'Payment - Sub 12 - 2024-01', 'rent', 210.00, 'one_time', '2024-01-13', '2024-01-13', 'Payment for subscription 12', 'Vendor 12', 12),
(38, 'Payment - Sub 13 - 2024-01', 'rent', 220.00, 'one_time', '2024-01-14', '2024-01-14', 'Payment for subscription 13', 'Vendor 13', 13),
(39, 'Payment - Sub 14 - 2024-01', 'rent', 230.00, 'one_time', '2024-01-15', '2024-01-15', 'Payment for subscription 14', 'Vendor 14', 14),
(40, 'Payment - Sub 15 - 2024-01', 'rent', 240.00, 'one_time', '2024-01-16', '2024-01-16', 'Payment for subscription 15', 'Vendor 15', 15),
(41, 'Payment - Sub 16 - 2024-01', 'rent', 250.00, 'one_time', '2024-01-17', '2024-01-17', 'Payment for subscription 16', 'Vendor 16', 16),
(42, 'Payment - Sub 17 - 2024-01', 'rent', 260.00, 'one_time', '2024-01-18', '2024-01-18', 'Payment for subscription 17', 'Vendor 17', 17),
(43, 'Payment - Sub 18 - 2024-01', 'rent', 270.00, 'one_time', '2024-01-19', '2024-01-19', 'Payment for subscription 18', 'Vendor 18', 18),
(44, 'Payment - Sub 19 - 2024-01', 'rent', 280.00, 'one_time', '2024-01-20', '2024-01-20', 'Payment for subscription 19', 'Vendor 19', 19),
(45, 'Payment - Sub 20 - 2024-01', 'rent', 290.00, 'one_time', '2024-01-21', '2024-01-21', 'Payment for subscription 20', 'Vendor 20', 20),
(46, 'Payment - Sub 1 - 2024-03', 'rent', 100.00, 'one_time', '2024-03-02', '2024-03-02', 'Payment for subscription 1', 'Vendor 1', 1),
(47, 'Payment - Sub 2 - 2024-03', 'rent', 110.00, 'one_time', '2024-03-03', '2024-03-03', 'Payment for subscription 2', 'Vendor 2', 2),
(48, 'Payment - Sub 3 - 2024-03', 'rent', 120.00, 'one_time', '2024-03-04', '2024-03-04', 'Payment for subscription 3', 'Vendor 3', 3),
(49, 'Payment - Sub 4 - 2024-03', 'rent', 130.00, 'one_time', '2024-03-05', '2024-03-05', 'Payment for subscription 4', 'Vendor 4', 4),
(50, 'Payment - Sub 5 - 2024-03', 'rent', 140.00, 'one_time', '2024-03-06', '2024-03-06', 'Payment for subscription 5', 'Vendor 5', 5),
(51, 'Payment - Sub 6 - 2024-03', 'rent', 150.00, 'one_time', '2024-03-07', '2024-03-07', 'Payment for subscription 6', 'Vendor 6', 6),
(52, 'Payment - Sub 7 - 2024-03', 'rent', 160.00, 'one_time', '2024-03-08', '2024-03-08', 'Payment for subscription 7', 'Vendor 7', 7),
(53, 'Payment - Sub 8 - 2024-03', 'rent', 170.00, 'one_time', '2024-03-09', '2024-03-09', 'Payment for subscription 8', 'Vendor 8', 8),
(54, 'Payment - Sub 9 - 2024-03', 'rent', 180.00, 'one_time', '2024-03-10', '2024-03-10', 'Payment for subscription 9', 'Vendor 9', 9),
(55, 'Payment - Sub 10 - 2024-03', 'rent', 190.00, 'one_time', '2024-03-11', '2024-03-11', 'Payment for subscription 10', 'Vendor 10', 10),
(56, 'Payment - Sub 11 - 2024-03', 'rent', 200.00, 'one_time', '2024-03-12', '2024-03-12', 'Payment for subscription 11', 'Vendor 11', 11),
(57, 'Payment - Sub 12 - 2024-03', 'rent', 210.00, 'one_time', '2024-03-13', '2024-03-13', 'Payment for subscription 12', 'Vendor 12', 12),
(58, 'Payment - Sub 13 - 2024-03', 'rent', 220.00, 'one_time', '2024-03-14', '2024-03-14', 'Payment for subscription 13', 'Vendor 13', 13),
(59, 'Payment - Sub 14 - 2024-03', 'rent', 230.00, 'one_time', '2024-03-15', '2024-03-15', 'Payment for subscription 14', 'Vendor 14', 14),
(60, 'Payment - Sub 15 - 2024-03', 'rent', 240.00, 'one_time', '2024-03-16', '2024-03-16', 'Payment for subscription 15', 'Vendor 15', 15),
(61, 'Payment - Sub 16 - 2024-03', 'rent', 250.00, 'one_time', '2024-03-17', '2024-03-17', 'Payment for subscription 16', 'Vendor 16', 16),
(62, 'Payment - Sub 17 - 2024-03', 'rent', 260.00, 'one_time', '2024-03-18', '2024-03-18', 'Payment for subscription 17', 'Vendor 17', 17),
(63, 'Payment - Sub 18 - 2024-03', 'rent', 270.00, 'one_time', '2024-03-19', '2024-03-19', 'Payment for subscription 18', 'Vendor 18', 18),
(64, 'Payment - Sub 19 - 2024-03', 'rent', 280.00, 'one_time', '2024-03-20', '2024-03-20', 'Payment for subscription 19', 'Vendor 19', 19),
(65, 'Payment - Sub 20 - 2024-03', 'rent', 290.00, 'one_time', '2024-03-21', '2024-03-21', 'Payment for subscription 20', 'Vendor 20', 20),
(66, 'Payment - Sub 1 - 2024-03', 'rent', 100.00, 'one_time', '2024-03-02', '2024-03-02', 'Payment for subscription 1', 'Vendor 1', 1),
(67, 'Payment - Sub 2 - 2024-03', 'rent', 110.00, 'one_time', '2024-03-03', '2024-03-03', 'Payment for subscription 2', 'Vendor 2', 2),
(68, 'Payment - Sub 3 - 2024-03', 'rent', 120.00, 'one_time', '2024-03-04', '2024-03-04', 'Payment for subscription 3', 'Vendor 3', 3),
(69, 'Payment - Sub 4 - 2024-03', 'rent', 130.00, 'one_time', '2024-03-05', '2024-03-05', 'Payment for subscription 4', 'Vendor 4', 4),
(70, 'Payment - Sub 5 - 2024-03', 'rent', 140.00, 'one_time', '2024-03-06', '2024-03-06', 'Payment for subscription 5', 'Vendor 5', 5),
(71, 'Payment - Sub 6 - 2024-03', 'rent', 150.00, 'one_time', '2024-03-07', '2024-03-07', 'Payment for subscription 6', 'Vendor 6', 6),
(72, 'Payment - Sub 7 - 2024-03', 'rent', 160.00, 'one_time', '2024-03-08', '2024-03-08', 'Payment for subscription 7', 'Vendor 7', 7),
(73, 'Payment - Sub 8 - 2024-03', 'rent', 170.00, 'one_time', '2024-03-09', '2024-03-09', 'Payment for subscription 8', 'Vendor 8', 8),
(74, 'Payment - Sub 9 - 2024-03', 'rent', 180.00, 'one_time', '2024-03-10', '2024-03-10', 'Payment for subscription 9', 'Vendor 9', 9),
(75, 'Payment - Sub 10 - 2024-03', 'rent', 190.00, 'one_time', '2024-03-11', '2024-03-11', 'Payment for subscription 10', 'Vendor 10', 10),
(76, 'Payment - Sub 11 - 2024-03', 'rent', 200.00, 'one_time', '2024-03-12', '2024-03-12', 'Payment for subscription 11', 'Vendor 11', 11),
(77, 'Payment - Sub 12 - 2024-03', 'rent', 210.00, 'one_time', '2024-03-13', '2024-03-13', 'Payment for subscription 12', 'Vendor 12', 12),
(78, 'Payment - Sub 13 - 2024-03', 'rent', 220.00, 'one_time', '2024-03-14', '2024-03-14', 'Payment for subscription 13', 'Vendor 13', 13),
(79, 'Payment - Sub 14 - 2024-03', 'rent', 230.00, 'one_time', '2024-03-15', '2024-03-15', 'Payment for subscription 14', 'Vendor 14', 14),
(80, 'Payment - Sub 15 - 2024-03', 'rent', 240.00, 'one_time', '2024-03-16', '2024-03-16', 'Payment for subscription 15', 'Vendor 15', 15),
(81, 'Payment - Sub 16 - 2024-03', 'rent', 250.00, 'one_time', '2024-03-17', '2024-03-17', 'Payment for subscription 16', 'Vendor 16', 16),
(82, 'Payment - Sub 17 - 2024-03', 'rent', 260.00, 'one_time', '2024-03-18', '2024-03-18', 'Payment for subscription 17', 'Vendor 17', 17),
(83, 'Payment - Sub 18 - 2024-03', 'rent', 270.00, 'one_time', '2024-03-19', '2024-03-19', 'Payment for subscription 18', 'Vendor 18', 18),
(84, 'Payment - Sub 19 - 2024-03', 'rent', 280.00, 'one_time', '2024-03-20', '2024-03-20', 'Payment for subscription 19', 'Vendor 19', 19),
(85, 'Payment - Sub 20 - 2024-03', 'rent', 290.00, 'one_time', '2024-03-21', '2024-03-21', 'Payment for subscription 20', 'Vendor 20', 20),
(86, 'Payment - Sub 1 - 2024-04', 'rent', 100.00, 'one_time', '2024-04-02', '2024-04-02', 'Payment for subscription 1', 'Vendor 1', 1),
(87, 'Payment - Sub 2 - 2024-04', 'rent', 110.00, 'one_time', '2024-04-03', '2024-04-03', 'Payment for subscription 2', 'Vendor 2', 2),
(88, 'Payment - Sub 3 - 2024-04', 'rent', 120.00, 'one_time', '2024-04-04', '2024-04-04', 'Payment for subscription 3', 'Vendor 3', 3),
(89, 'Payment - Sub 4 - 2024-04', 'rent', 130.00, 'one_time', '2024-04-05', '2024-04-05', 'Payment for subscription 4', 'Vendor 4', 4),
(90, 'Payment - Sub 5 - 2024-04', 'rent', 140.00, 'one_time', '2024-04-06', '2024-04-06', 'Payment for subscription 5', 'Vendor 5', 5),
(91, 'Payment - Sub 6 - 2024-04', 'rent', 150.00, 'one_time', '2024-04-07', '2024-04-07', 'Payment for subscription 6', 'Vendor 6', 6),
(92, 'Payment - Sub 7 - 2024-04', 'rent', 160.00, 'one_time', '2024-04-08', '2024-04-08', 'Payment for subscription 7', 'Vendor 7', 7),
(93, 'Payment - Sub 8 - 2024-04', 'rent', 170.00, 'one_time', '2024-04-09', '2024-04-09', 'Payment for subscription 8', 'Vendor 8', 8),
(94, 'Payment - Sub 9 - 2024-04', 'rent', 180.00, 'one_time', '2024-04-10', '2024-04-10', 'Payment for subscription 9', 'Vendor 9', 9),
(95, 'Payment - Sub 10 - 2024-04', 'rent', 190.00, 'one_time', '2024-04-11', '2024-04-11', 'Payment for subscription 10', 'Vendor 10', 10),
(96, 'Payment - Sub 11 - 2024-04', 'rent', 200.00, 'one_time', '2024-04-12', '2024-04-12', 'Payment for subscription 11', 'Vendor 11', 11),
(97, 'Payment - Sub 12 - 2024-04', 'rent', 210.00, 'one_time', '2024-04-13', '2024-04-13', 'Payment for subscription 12', 'Vendor 12', 12),
(98, 'Payment - Sub 13 - 2024-04', 'rent', 220.00, 'one_time', '2024-04-14', '2024-04-14', 'Payment for subscription 13', 'Vendor 13', 13),
(99, 'Payment - Sub 14 - 2024-04', 'rent', 230.00, 'one_time', '2024-04-15', '2024-04-15', 'Payment for subscription 14', 'Vendor 14', 14),
(100, 'Payment - Sub 15 - 2024-04', 'rent', 240.00, 'one_time', '2024-04-16', '2024-04-16', 'Payment for subscription 15', 'Vendor 15', 15),
(101, 'Payment - Sub 16 - 2024-04', 'rent', 250.00, 'one_time', '2024-04-17', '2024-04-17', 'Payment for subscription 16', 'Vendor 16', 16),
(102, 'Payment - Sub 17 - 2024-04', 'rent', 260.00, 'one_time', '2024-04-18', '2024-04-18', 'Payment for subscription 17', 'Vendor 17', 17),
(103, 'Payment - Sub 18 - 2024-04', 'rent', 270.00, 'one_time', '2024-04-19', '2024-04-19', 'Payment for subscription 18', 'Vendor 18', 18),
(104, 'Payment - Sub 19 - 2024-04', 'rent', 280.00, 'one_time', '2024-04-20', '2024-04-20', 'Payment for subscription 19', 'Vendor 19', 19),
(105, 'Payment - Sub 20 - 2024-04', 'rent', 290.00, 'one_time', '2024-04-21', '2024-04-21', 'Payment for subscription 20', 'Vendor 20', 20),
(106, 'Payment - Sub 1 - 2024-05', 'rent', 100.00, 'one_time', '2024-05-02', '2024-05-02', 'Payment for subscription 1', 'Vendor 1', 1),
(107, 'Payment - Sub 2 - 2024-05', 'rent', 110.00, 'one_time', '2024-05-03', '2024-05-03', 'Payment for subscription 2', 'Vendor 2', 2),
(108, 'Payment - Sub 3 - 2024-05', 'rent', 120.00, 'one_time', '2024-05-04', '2024-05-04', 'Payment for subscription 3', 'Vendor 3', 3),
(109, 'Payment - Sub 4 - 2024-05', 'rent', 130.00, 'one_time', '2024-05-05', '2024-05-05', 'Payment for subscription 4', 'Vendor 4', 4),
(110, 'Payment - Sub 5 - 2024-05', 'rent', 140.00, 'one_time', '2024-05-06', '2024-05-06', 'Payment for subscription 5', 'Vendor 5', 5),
(111, 'Payment - Sub 6 - 2024-05', 'rent', 150.00, 'one_time', '2024-05-07', '2024-05-07', 'Payment for subscription 6', 'Vendor 6', 6),
(112, 'Payment - Sub 7 - 2024-05', 'rent', 160.00, 'one_time', '2024-05-08', '2024-05-08', 'Payment for subscription 7', 'Vendor 7', 7),
(113, 'Payment - Sub 8 - 2024-05', 'rent', 170.00, 'one_time', '2024-05-09', '2024-05-09', 'Payment for subscription 8', 'Vendor 8', 8),
(114, 'Payment - Sub 9 - 2024-05', 'rent', 180.00, 'one_time', '2024-05-10', '2024-05-10', 'Payment for subscription 9', 'Vendor 9', 9),
(115, 'Payment - Sub 10 - 2024-05', 'rent', 190.00, 'one_time', '2024-05-11', '2024-05-11', 'Payment for subscription 10', 'Vendor 10', 10),
(116, 'Payment - Sub 11 - 2024-05', 'rent', 200.00, 'one_time', '2024-05-12', '2024-05-12', 'Payment for subscription 11', 'Vendor 11', 11),
(117, 'Payment - Sub 12 - 2024-05', 'rent', 210.00, 'one_time', '2024-05-13', '2024-05-13', 'Payment for subscription 12', 'Vendor 12', 12),
(118, 'Payment - Sub 13 - 2024-05', 'rent', 220.00, 'one_time', '2024-05-14', '2024-05-14', 'Payment for subscription 13', 'Vendor 13', 13),
(119, 'Payment - Sub 14 - 2024-05', 'rent', 230.00, 'one_time', '2024-05-15', '2024-05-15', 'Payment for subscription 14', 'Vendor 14', 14),
(120, 'Payment - Sub 15 - 2024-05', 'rent', 240.00, 'one_time', '2024-05-16', '2024-05-16', 'Payment for subscription 15', 'Vendor 15', 15),
(121, 'Payment - Sub 16 - 2024-05', 'rent', 250.00, 'one_time', '2024-05-17', '2024-05-17', 'Payment for subscription 16', 'Vendor 16', 16),
(122, 'Payment - Sub 17 - 2024-05', 'rent', 260.00, 'one_time', '2024-05-18', '2024-05-18', 'Payment for subscription 17', 'Vendor 17', 17),
(123, 'Payment - Sub 18 - 2024-05', 'rent', 270.00, 'one_time', '2024-05-19', '2024-05-19', 'Payment for subscription 18', 'Vendor 18', 18),
(124, 'Payment - Sub 19 - 2024-05', 'rent', 280.00, 'one_time', '2024-05-20', '2024-05-20', 'Payment for subscription 19', 'Vendor 19', 19),
(125, 'Payment - Sub 20 - 2024-05', 'rent', 290.00, 'one_time', '2024-05-21', '2024-05-21', 'Payment for subscription 20', 'Vendor 20', 20),
(126, 'Payment - Sub 1 - 2024-06', 'rent', 100.00, 'one_time', '2024-06-02', '2024-06-02', 'Payment for subscription 1', 'Vendor 1', 1),
(127, 'Payment - Sub 2 - 2024-06', 'rent', 110.00, 'one_time', '2024-06-03', '2024-06-03', 'Payment for subscription 2', 'Vendor 2', 2),
(128, 'Payment - Sub 3 - 2024-06', 'rent', 120.00, 'one_time', '2024-06-04', '2024-06-04', 'Payment for subscription 3', 'Vendor 3', 3),
(129, 'Payment - Sub 4 - 2024-06', 'rent', 130.00, 'one_time', '2024-06-05', '2024-06-05', 'Payment for subscription 4', 'Vendor 4', 4),
(130, 'Payment - Sub 5 - 2024-06', 'rent', 140.00, 'one_time', '2024-06-06', '2024-06-06', 'Payment for subscription 5', 'Vendor 5', 5),
(131, 'Payment - Sub 6 - 2024-06', 'rent', 150.00, 'one_time', '2024-06-07', '2024-06-07', 'Payment for subscription 6', 'Vendor 6', 6),
(132, 'Payment - Sub 7 - 2024-06', 'rent', 160.00, 'one_time', '2024-06-08', '2024-06-08', 'Payment for subscription 7', 'Vendor 7', 7),
(133, 'Payment - Sub 8 - 2024-06', 'rent', 170.00, 'one_time', '2024-06-09', '2024-06-09', 'Payment for subscription 8', 'Vendor 8', 8),
(134, 'Payment - Sub 9 - 2024-06', 'rent', 180.00, 'one_time', '2024-06-10', '2024-06-10', 'Payment for subscription 9', 'Vendor 9', 9),
(135, 'Payment - Sub 10 - 2024-06', 'rent', 190.00, 'one_time', '2024-06-11', '2024-06-11', 'Payment for subscription 10', 'Vendor 10', 10),
(136, 'Payment - Sub 11 - 2024-06', 'rent', 200.00, 'one_time', '2024-06-12', '2024-06-12', 'Payment for subscription 11', 'Vendor 11', 11),
(137, 'Payment - Sub 12 - 2024-06', 'rent', 210.00, 'one_time', '2024-06-13', '2024-06-13', 'Payment for subscription 12', 'Vendor 12', 12),
(138, 'Payment - Sub 13 - 2024-06', 'rent', 220.00, 'one_time', '2024-06-14', '2024-06-14', 'Payment for subscription 13', 'Vendor 13', 13),
(139, 'Payment - Sub 14 - 2024-06', 'rent', 230.00, 'one_time', '2024-06-15', '2024-06-15', 'Payment for subscription 14', 'Vendor 14', 14),
(140, 'Payment - Sub 15 - 2024-06', 'rent', 240.00, 'one_time', '2024-06-16', '2024-06-16', 'Payment for subscription 15', 'Vendor 15', 15),
(141, 'Payment - Sub 16 - 2024-06', 'rent', 250.00, 'one_time', '2024-06-17', '2024-06-17', 'Payment for subscription 16', 'Vendor 16', 16),
(142, 'Payment - Sub 17 - 2024-06', 'rent', 260.00, 'one_time', '2024-06-18', '2024-06-18', 'Payment for subscription 17', 'Vendor 17', 17),
(143, 'Payment - Sub 18 - 2024-06', 'rent', 270.00, 'one_time', '2024-06-19', '2024-06-19', 'Payment for subscription 18', 'Vendor 18', 18),
(144, 'Payment - Sub 19 - 2024-06', 'rent', 280.00, 'one_time', '2024-06-20', '2024-06-20', 'Payment for subscription 19', 'Vendor 19', 19),
(145, 'Payment - Sub 20 - 2024-06', 'rent', 290.00, 'one_time', '2024-06-21', '2024-06-21', 'Payment for subscription 20', 'Vendor 20', 20),
(146, 'Payment - Sub 1 - 2024-07', 'rent', 100.00, 'one_time', '2024-07-02', '2024-07-02', 'Payment for subscription 1', 'Vendor 1', 1),
(147, 'Payment - Sub 2 - 2024-07', 'rent', 110.00, 'one_time', '2024-07-03', '2024-07-03', 'Payment for subscription 2', 'Vendor 2', 2),
(148, 'Payment - Sub 3 - 2024-07', 'rent', 120.00, 'one_time', '2024-07-04', '2024-07-04', 'Payment for subscription 3', 'Vendor 3', 3),
(149, 'Payment - Sub 4 - 2024-07', 'rent', 130.00, 'one_time', '2024-07-05', '2024-07-05', 'Payment for subscription 4', 'Vendor 4', 4),
(150, 'Payment - Sub 5 - 2024-07', 'rent', 140.00, 'one_time', '2024-07-06', '2024-07-06', 'Payment for subscription 5', 'Vendor 5', 5),
(151, 'Payment - Sub 6 - 2024-07', 'rent', 150.00, 'one_time', '2024-07-07', '2024-07-07', 'Payment for subscription 6', 'Vendor 6', 6),
(152, 'Payment - Sub 7 - 2024-07', 'rent', 160.00, 'one_time', '2024-07-08', '2024-07-08', 'Payment for subscription 7', 'Vendor 7', 7),
(153, 'Payment - Sub 8 - 2024-07', 'rent', 170.00, 'one_time', '2024-07-09', '2024-07-09', 'Payment for subscription 8', 'Vendor 8', 8),
(154, 'Payment - Sub 9 - 2024-07', 'rent', 180.00, 'one_time', '2024-07-10', '2024-07-10', 'Payment for subscription 9', 'Vendor 9', 9),
(155, 'Payment - Sub 10 - 2024-07', 'rent', 190.00, 'one_time', '2024-07-11', '2024-07-11', 'Payment for subscription 10', 'Vendor 10', 10),
(156, 'Payment - Sub 11 - 2024-07', 'rent', 200.00, 'one_time', '2024-07-12', '2024-07-12', 'Payment for subscription 11', 'Vendor 11', 11),
(157, 'Payment - Sub 12 - 2024-07', 'rent', 210.00, 'one_time', '2024-07-13', '2024-07-13', 'Payment for subscription 12', 'Vendor 12', 12),
(158, 'Payment - Sub 13 - 2024-07', 'rent', 220.00, 'one_time', '2024-07-14', '2024-07-14', 'Payment for subscription 13', 'Vendor 13', 13),
(159, 'Payment - Sub 14 - 2024-07', 'rent', 230.00, 'one_time', '2024-07-15', '2024-07-15', 'Payment for subscription 14', 'Vendor 14', 14),
(160, 'Payment - Sub 15 - 2024-07', 'rent', 240.00, 'one_time', '2024-07-16', '2024-07-16', 'Payment for subscription 15', 'Vendor 15', 15),
(161, 'Payment - Sub 16 - 2024-07', 'rent', 250.00, 'one_time', '2024-07-17', '2024-07-17', 'Payment for subscription 16', 'Vendor 16', 16),
(162, 'Payment - Sub 17 - 2024-07', 'rent', 260.00, 'one_time', '2024-07-18', '2024-07-18', 'Payment for subscription 17', 'Vendor 17', 17),
(163, 'Payment - Sub 18 - 2024-07', 'rent', 270.00, 'one_time', '2024-07-19', '2024-07-19', 'Payment for subscription 18', 'Vendor 18', 18),
(164, 'Payment - Sub 19 - 2024-07', 'rent', 280.00, 'one_time', '2024-07-20', '2024-07-20', 'Payment for subscription 19', 'Vendor 19', 19),
(165, 'Payment - Sub 20 - 2024-07', 'rent', 290.00, 'one_time', '2024-07-21', '2024-07-21', 'Payment for subscription 20', 'Vendor 20', 20),
(166, 'Payment - Sub 1 - 2024-08', 'rent', 100.00, 'one_time', '2024-08-02', '2024-08-02', 'Payment for subscription 1', 'Vendor 1', 1),
(167, 'Payment - Sub 2 - 2024-08', 'rent', 110.00, 'one_time', '2024-08-03', '2024-08-03', 'Payment for subscription 2', 'Vendor 2', 2),
(168, 'Payment - Sub 3 - 2024-08', 'rent', 120.00, 'one_time', '2024-08-04', '2024-08-04', 'Payment for subscription 3', 'Vendor 3', 3),
(169, 'Payment - Sub 4 - 2024-08', 'rent', 130.00, 'one_time', '2024-08-05', '2024-08-05', 'Payment for subscription 4', 'Vendor 4', 4),
(170, 'Payment - Sub 5 - 2024-08', 'rent', 140.00, 'one_time', '2024-08-06', '2024-08-06', 'Payment for subscription 5', 'Vendor 5', 5),
(171, 'Payment - Sub 6 - 2024-08', 'rent', 150.00, 'one_time', '2024-08-07', '2024-08-07', 'Payment for subscription 6', 'Vendor 6', 6),
(172, 'Payment - Sub 7 - 2024-08', 'rent', 160.00, 'one_time', '2024-08-08', '2024-08-08', 'Payment for subscription 7', 'Vendor 7', 7),
(173, 'Payment - Sub 8 - 2024-08', 'rent', 170.00, 'one_time', '2024-08-09', '2024-08-09', 'Payment for subscription 8', 'Vendor 8', 8),
(174, 'Payment - Sub 9 - 2024-08', 'rent', 180.00, 'one_time', '2024-08-10', '2024-08-10', 'Payment for subscription 9', 'Vendor 9', 9),
(175, 'Payment - Sub 10 - 2024-08', 'rent', 190.00, 'one_time', '2024-08-11', '2024-08-11', 'Payment for subscription 10', 'Vendor 10', 10),
(176, 'Payment - Sub 11 - 2024-08', 'rent', 200.00, 'one_time', '2024-08-12', '2024-08-12', 'Payment for subscription 11', 'Vendor 11', 11),
(177, 'Payment - Sub 12 - 2024-08', 'rent', 210.00, 'one_time', '2024-08-13', '2024-08-13', 'Payment for subscription 12', 'Vendor 12', 12),
(178, 'Payment - Sub 13 - 2024-08', 'rent', 220.00, 'one_time', '2024-08-14', '2024-08-14', 'Payment for subscription 13', 'Vendor 13', 13),
(179, 'Payment - Sub 14 - 2024-08', 'rent', 230.00, 'one_time', '2024-08-15', '2024-08-15', 'Payment for subscription 14', 'Vendor 14', 14),
(180, 'Payment - Sub 15 - 2024-08', 'rent', 240.00, 'one_time', '2024-08-16', '2024-08-16', 'Payment for subscription 15', 'Vendor 15', 15),
(181, 'Payment - Sub 16 - 2024-08', 'rent', 250.00, 'one_time', '2024-08-17', '2024-08-17', 'Payment for subscription 16', 'Vendor 16', 16),
(182, 'Payment - Sub 17 - 2024-08', 'rent', 260.00, 'one_time', '2024-08-18', '2024-08-18', 'Payment for subscription 17', 'Vendor 17', 17),
(183, 'Payment - Sub 18 - 2024-08', 'rent', 270.00, 'one_time', '2024-08-19', '2024-08-19', 'Payment for subscription 18', 'Vendor 18', 18),
(184, 'Payment - Sub 19 - 2024-08', 'rent', 280.00, 'one_time', '2024-08-20', '2024-08-20', 'Payment for subscription 19', 'Vendor 19', 19),
(185, 'Payment - Sub 20 - 2024-08', 'rent', 290.00, 'one_time', '2024-08-21', '2024-08-21', 'Payment for subscription 20', 'Vendor 20', 20),
(186, 'Payment - Sub 1 - 2024-09', 'rent', 100.00, 'one_time', '2024-09-02', '2024-09-02', 'Payment for subscription 1', 'Vendor 1', 1),
(187, 'Payment - Sub 2 - 2024-09', 'rent', 110.00, 'one_time', '2024-09-03', '2024-09-03', 'Payment for subscription 2', 'Vendor 2', 2),
(188, 'Payment - Sub 3 - 2024-09', 'rent', 120.00, 'one_time', '2024-09-04', '2024-09-04', 'Payment for subscription 3', 'Vendor 3', 3),
(189, 'Payment - Sub 4 - 2024-09', 'rent', 130.00, 'one_time', '2024-09-05', '2024-09-05', 'Payment for subscription 4', 'Vendor 4', 4),
(190, 'Payment - Sub 5 - 2024-09', 'rent', 140.00, 'one_time', '2024-09-06', '2024-09-06', 'Payment for subscription 5', 'Vendor 5', 5),
(191, 'Payment - Sub 6 - 2024-09', 'rent', 150.00, 'one_time', '2024-09-07', '2024-09-07', 'Payment for subscription 6', 'Vendor 6', 6),
(192, 'Payment - Sub 7 - 2024-09', 'rent', 160.00, 'one_time', '2024-09-08', '2024-09-08', 'Payment for subscription 7', 'Vendor 7', 7),
(193, 'Payment - Sub 8 - 2024-09', 'rent', 170.00, 'one_time', '2024-09-09', '2024-09-09', 'Payment for subscription 8', 'Vendor 8', 8),
(194, 'Payment - Sub 9 - 2024-09', 'rent', 180.00, 'one_time', '2024-09-10', '2024-09-10', 'Payment for subscription 9', 'Vendor 9', 9),
(195, 'Payment - Sub 10 - 2024-09', 'rent', 190.00, 'one_time', '2024-09-11', '2024-09-11', 'Payment for subscription 10', 'Vendor 10', 10),
(196, 'Payment - Sub 11 - 2024-09', 'rent', 200.00, 'one_time', '2024-09-12', '2024-09-12', 'Payment for subscription 11', 'Vendor 11', 11),
(197, 'Payment - Sub 12 - 2024-09', 'rent', 210.00, 'one_time', '2024-09-13', '2024-09-13', 'Payment for subscription 12', 'Vendor 12', 12),
(198, 'Payment - Sub 13 - 2024-09', 'rent', 220.00, 'one_time', '2024-09-14', '2024-09-14', 'Payment for subscription 13', 'Vendor 13', 13),
(199, 'Payment - Sub 14 - 2024-09', 'rent', 230.00, 'one_time', '2024-09-15', '2024-09-15', 'Payment for subscription 14', 'Vendor 14', 14),
(200, 'Payment - Sub 15 - 2024-09', 'rent', 240.00, 'one_time', '2024-09-16', '2024-09-16', 'Payment for subscription 15', 'Vendor 15', 15),
(201, 'Payment - Sub 16 - 2024-09', 'rent', 250.00, 'one_time', '2024-09-17', '2024-09-17', 'Payment for subscription 16', 'Vendor 16', 16),
(202, 'Payment - Sub 17 - 2024-09', 'rent', 260.00, 'one_time', '2024-09-18', '2024-09-18', 'Payment for subscription 17', 'Vendor 17', 17),
(203, 'Payment - Sub 18 - 2024-09', 'rent', 270.00, 'one_time', '2024-09-19', '2024-09-19', 'Payment for subscription 18', 'Vendor 18', 18),
(204, 'Payment - Sub 19 - 2024-09', 'rent', 280.00, 'one_time', '2024-09-20', '2024-09-20', 'Payment for subscription 19', 'Vendor 19', 19),
(205, 'Payment - Sub 20 - 2024-09', 'rent', 290.00, 'one_time', '2024-09-21', '2024-09-21', 'Payment for subscription 20', 'Vendor 20', 20),
(206, 'Payment - Sub 1 - 2024-10', 'rent', 100.00, 'one_time', '2024-10-02', '2024-10-02', 'Payment for subscription 1', 'Vendor 1', 1),
(207, 'Payment - Sub 2 - 2024-10', 'rent', 110.00, 'one_time', '2024-10-03', '2024-10-03', 'Payment for subscription 2', 'Vendor 2', 2),
(208, 'Payment - Sub 3 - 2024-10', 'rent', 120.00, 'one_time', '2024-10-04', '2024-10-04', 'Payment for subscription 3', 'Vendor 3', 3),
(209, 'Payment - Sub 4 - 2024-10', 'rent', 130.00, 'one_time', '2024-10-05', '2024-10-05', 'Payment for subscription 4', 'Vendor 4', 4),
(210, 'Payment - Sub 5 - 2024-10', 'rent', 140.00, 'one_time', '2024-10-06', '2024-10-06', 'Payment for subscription 5', 'Vendor 5', 5),
(211, 'Payment - Sub 6 - 2024-10', 'rent', 150.00, 'one_time', '2024-10-07', '2024-10-07', 'Payment for subscription 6', 'Vendor 6', 6),
(212, 'Payment - Sub 7 - 2024-10', 'rent', 160.00, 'one_time', '2024-10-08', '2024-10-08', 'Payment for subscription 7', 'Vendor 7', 7),
(213, 'Payment - Sub 8 - 2024-10', 'rent', 170.00, 'one_time', '2024-10-09', '2024-10-09', 'Payment for subscription 8', 'Vendor 8', 8),
(214, 'Payment - Sub 9 - 2024-10', 'rent', 180.00, 'one_time', '2024-10-10', '2024-10-10', 'Payment for subscription 9', 'Vendor 9', 9),
(215, 'Payment - Sub 10 - 2024-10', 'rent', 190.00, 'one_time', '2024-10-11', '2024-10-11', 'Payment for subscription 10', 'Vendor 10', 10),
(216, 'Payment - Sub 11 - 2024-10', 'rent', 200.00, 'one_time', '2024-10-12', '2024-10-12', 'Payment for subscription 11', 'Vendor 11', 11),
(217, 'Payment - Sub 12 - 2024-10', 'rent', 210.00, 'one_time', '2024-10-13', '2024-10-13', 'Payment for subscription 12', 'Vendor 12', 12),
(218, 'Payment - Sub 13 - 2024-10', 'rent', 220.00, 'one_time', '2024-10-14', '2024-10-14', 'Payment for subscription 13', 'Vendor 13', 13),
(219, 'Payment - Sub 14 - 2024-10', 'rent', 230.00, 'one_time', '2024-10-15', '2024-10-15', 'Payment for subscription 14', 'Vendor 14', 14),
(220, 'Payment - Sub 15 - 2024-10', 'rent', 240.00, 'one_time', '2024-10-16', '2024-10-16', 'Payment for subscription 15', 'Vendor 15', 15),
(221, 'Payment - Sub 16 - 2024-10', 'rent', 250.00, 'one_time', '2024-10-17', '2024-10-17', 'Payment for subscription 16', 'Vendor 16', 16),
(222, 'Payment - Sub 17 - 2024-10', 'rent', 260.00, 'one_time', '2024-10-18', '2024-10-18', 'Payment for subscription 17', 'Vendor 17', 17),
(223, 'Payment - Sub 18 - 2024-10', 'rent', 270.00, 'one_time', '2024-10-19', '2024-10-19', 'Payment for subscription 18', 'Vendor 18', 18),
(224, 'Payment - Sub 19 - 2024-10', 'rent', 280.00, 'one_time', '2024-10-20', '2024-10-20', 'Payment for subscription 19', 'Vendor 19', 19),
(225, 'Payment - Sub 20 - 2024-10', 'rent', 290.00, 'one_time', '2024-10-21', '2024-10-21', 'Payment for subscription 20', 'Vendor 20', 20),
(226, 'Payment - Sub 1 - 2024-11', 'rent', 100.00, 'one_time', '2024-11-02', '2024-11-02', 'Payment for subscription 1', 'Vendor 1', 1),
(227, 'Payment - Sub 2 - 2024-11', 'rent', 110.00, 'one_time', '2024-11-03', '2024-11-03', 'Payment for subscription 2', 'Vendor 2', 2),
(228, 'Payment - Sub 3 - 2024-11', 'rent', 120.00, 'one_time', '2024-11-04', '2024-11-04', 'Payment for subscription 3', 'Vendor 3', 3),
(229, 'Payment - Sub 4 - 2024-11', 'rent', 130.00, 'one_time', '2024-11-05', '2024-11-05', 'Payment for subscription 4', 'Vendor 4', 4),
(230, 'Payment - Sub 5 - 2024-11', 'rent', 140.00, 'one_time', '2024-11-06', '2024-11-06', 'Payment for subscription 5', 'Vendor 5', 5),
(231, 'Payment - Sub 6 - 2024-11', 'rent', 150.00, 'one_time', '2024-11-07', '2024-11-07', 'Payment for subscription 6', 'Vendor 6', 6),
(232, 'Payment - Sub 7 - 2024-11', 'rent', 160.00, 'one_time', '2024-11-08', '2024-11-08', 'Payment for subscription 7', 'Vendor 7', 7),
(233, 'Payment - Sub 8 - 2024-11', 'rent', 170.00, 'one_time', '2024-11-09', '2024-11-09', 'Payment for subscription 8', 'Vendor 8', 8),
(234, 'Payment - Sub 9 - 2024-11', 'rent', 180.00, 'one_time', '2024-11-10', '2024-11-10', 'Payment for subscription 9', 'Vendor 9', 9),
(235, 'Payment - Sub 10 - 2024-11', 'rent', 190.00, 'one_time', '2024-11-11', '2024-11-11', 'Payment for subscription 10', 'Vendor 10', 10),
(236, 'Payment - Sub 11 - 2024-11', 'rent', 200.00, 'one_time', '2024-11-12', '2024-11-12', 'Payment for subscription 11', 'Vendor 11', 11),
(237, 'Payment - Sub 12 - 2024-11', 'rent', 210.00, 'one_time', '2024-11-13', '2024-11-13', 'Payment for subscription 12', 'Vendor 12', 12),
(238, 'Payment - Sub 13 - 2024-11', 'rent', 220.00, 'one_time', '2024-11-14', '2024-11-14', 'Payment for subscription 13', 'Vendor 13', 13),
(239, 'Payment - Sub 14 - 2024-11', 'rent', 230.00, 'one_time', '2024-11-15', '2024-11-15', 'Payment for subscription 14', 'Vendor 14', 14),
(240, 'Payment - Sub 15 - 2024-11', 'rent', 240.00, 'one_time', '2024-11-16', '2024-11-16', 'Payment for subscription 15', 'Vendor 15', 15),
(241, 'Payment - Sub 16 - 2024-11', 'rent', 250.00, 'one_time', '2024-11-17', '2024-11-17', 'Payment for subscription 16', 'Vendor 16', 16),
(242, 'Payment - Sub 17 - 2024-11', 'rent', 260.00, 'one_time', '2024-11-18', '2024-11-18', 'Payment for subscription 17', 'Vendor 17', 17),
(243, 'Payment - Sub 18 - 2024-11', 'rent', 270.00, 'one_time', '2024-11-19', '2024-11-19', 'Payment for subscription 18', 'Vendor 18', 18),
(244, 'Payment - Sub 19 - 2024-11', 'rent', 280.00, 'one_time', '2024-11-20', '2024-11-20', 'Payment for subscription 19', 'Vendor 19', 19),
(245, 'Payment - Sub 20 - 2024-11', 'rent', 290.00, 'one_time', '2024-11-21', '2024-11-21', 'Payment for subscription 20', 'Vendor 20', 20),
(246, 'Payment - Sub 1 - 2024-12', 'rent', 100.00, 'one_time', '2024-12-02', '2024-12-02', 'Payment for subscription 1', 'Vendor 1', 1),
(247, 'Payment - Sub 2 - 2024-12', 'rent', 110.00, 'one_time', '2024-12-03', '2024-12-03', 'Payment for subscription 2', 'Vendor 2', 2),
(248, 'Payment - Sub 3 - 2024-12', 'rent', 120.00, 'one_time', '2024-12-04', '2024-12-04', 'Payment for subscription 3', 'Vendor 3', 3),
(249, 'Payment - Sub 4 - 2024-12', 'rent', 130.00, 'one_time', '2024-12-05', '2024-12-05', 'Payment for subscription 4', 'Vendor 4', 4),
(250, 'Payment - Sub 5 - 2024-12', 'rent', 140.00, 'one_time', '2024-12-06', '2024-12-06', 'Payment for subscription 5', 'Vendor 5', 5),
(251, 'Payment - Sub 6 - 2024-12', 'rent', 150.00, 'one_time', '2024-12-07', '2024-12-07', 'Payment for subscription 6', 'Vendor 6', 6),
(252, 'Payment - Sub 7 - 2024-12', 'rent', 160.00, 'one_time', '2024-12-08', '2024-12-08', 'Payment for subscription 7', 'Vendor 7', 7),
(253, 'Payment - Sub 8 - 2024-12', 'rent', 170.00, 'one_time', '2024-12-09', '2024-12-09', 'Payment for subscription 8', 'Vendor 8', 8),
(254, 'Payment - Sub 9 - 2024-12', 'rent', 180.00, 'one_time', '2024-12-10', '2024-12-10', 'Payment for subscription 9', 'Vendor 9', 9),
(255, 'Payment - Sub 10 - 2024-12', 'rent', 190.00, 'one_time', '2024-12-11', '2024-12-11', 'Payment for subscription 10', 'Vendor 10', 10),
(256, 'Payment - Sub 11 - 2024-12', 'rent', 200.00, 'one_time', '2024-12-12', '2024-12-12', 'Payment for subscription 11', 'Vendor 11', 11),
(257, 'Payment - Sub 12 - 2024-12', 'rent', 210.00, 'one_time', '2024-12-13', '2024-12-13', 'Payment for subscription 12', 'Vendor 12', 12),
(258, 'Payment - Sub 13 - 2024-12', 'rent', 220.00, 'one_time', '2024-12-14', '2024-12-14', 'Payment for subscription 13', 'Vendor 13', 13),
(259, 'Payment - Sub 14 - 2024-12', 'rent', 230.00, 'one_time', '2024-12-15', '2024-12-15', 'Payment for subscription 14', 'Vendor 14', 14),
(260, 'Payment - Sub 15 - 2024-12', 'rent', 240.00, 'one_time', '2024-12-16', '2024-12-16', 'Payment for subscription 15', 'Vendor 15', 15),
(261, 'Payment - Sub 16 - 2024-12', 'rent', 250.00, 'one_time', '2024-12-17', '2024-12-17', 'Payment for subscription 16', 'Vendor 16', 16),
(262, 'Payment - Sub 17 - 2024-12', 'rent', 260.00, 'one_time', '2024-12-18', '2024-12-18', 'Payment for subscription 17', 'Vendor 17', 17),
(263, 'Payment - Sub 18 - 2024-12', 'rent', 270.00, 'one_time', '2024-12-19', '2024-12-19', 'Payment for subscription 18', 'Vendor 18', 18),
(264, 'Payment - Sub 19 - 2024-12', 'rent', 280.00, 'one_time', '2024-12-20', '2024-12-20', 'Payment for subscription 19', 'Vendor 19', 19),
(265, 'Payment - Sub 20 - 2024-12', 'rent', 290.00, 'one_time', '2024-12-21', '2024-12-21', 'Payment for subscription 20', 'Vendor 20', 20),
(266, 'Payment - Sub 1 - 2025-01', 'rent', 100.00, 'one_time', '2025-01-02', '2025-01-02', 'Payment for subscription 1', 'Vendor 1', 1),
(267, 'Payment - Sub 2 - 2025-01', 'rent', 110.00, 'one_time', '2025-01-03', '2025-01-03', 'Payment for subscription 2', 'Vendor 2', 2),
(268, 'Payment - Sub 3 - 2025-01', 'rent', 120.00, 'one_time', '2025-01-04', '2025-01-04', 'Payment for subscription 3', 'Vendor 3', 3),
(269, 'Payment - Sub 4 - 2025-01', 'rent', 130.00, 'one_time', '2025-01-05', '2025-01-05', 'Payment for subscription 4', 'Vendor 4', 4),
(270, 'Payment - Sub 5 - 2025-01', 'rent', 140.00, 'one_time', '2025-01-06', '2025-01-06', 'Payment for subscription 5', 'Vendor 5', 5),
(271, 'Payment - Sub 6 - 2025-01', 'rent', 150.00, 'one_time', '2025-01-07', '2025-01-07', 'Payment for subscription 6', 'Vendor 6', 6),
(272, 'Payment - Sub 7 - 2025-01', 'rent', 160.00, 'one_time', '2025-01-08', '2025-01-08', 'Payment for subscription 7', 'Vendor 7', 7),
(273, 'Payment - Sub 8 - 2025-01', 'rent', 170.00, 'one_time', '2025-01-09', '2025-01-09', 'Payment for subscription 8', 'Vendor 8', 8),
(274, 'Payment - Sub 9 - 2025-01', 'rent', 180.00, 'one_time', '2025-01-10', '2025-01-10', 'Payment for subscription 9', 'Vendor 9', 9),
(275, 'Payment - Sub 10 - 2025-01', 'rent', 190.00, 'one_time', '2025-01-11', '2025-01-11', 'Payment for subscription 10', 'Vendor 10', 10),
(276, 'Payment - Sub 11 - 2025-01', 'rent', 200.00, 'one_time', '2025-01-12', '2025-01-12', 'Payment for subscription 11', 'Vendor 11', 11),
(277, 'Payment - Sub 12 - 2025-01', 'rent', 210.00, 'one_time', '2025-01-13', '2025-01-13', 'Payment for subscription 12', 'Vendor 12', 12),
(278, 'Payment - Sub 13 - 2025-01', 'rent', 220.00, 'one_time', '2025-01-14', '2025-01-14', 'Payment for subscription 13', 'Vendor 13', 13),
(279, 'Payment - Sub 14 - 2025-01', 'rent', 230.00, 'one_time', '2025-01-15', '2025-01-15', 'Payment for subscription 14', 'Vendor 14', 14),
(280, 'Payment - Sub 15 - 2025-01', 'rent', 240.00, 'one_time', '2025-01-16', '2025-01-16', 'Payment for subscription 15', 'Vendor 15', 15),
(281, 'Payment - Sub 16 - 2025-01', 'rent', 250.00, 'one_time', '2025-01-17', '2025-01-17', 'Payment for subscription 16', 'Vendor 16', 16),
(282, 'Payment - Sub 17 - 2025-01', 'rent', 260.00, 'one_time', '2025-01-18', '2025-01-18', 'Payment for subscription 17', 'Vendor 17', 17),
(283, 'Payment - Sub 18 - 2025-01', 'rent', 270.00, 'one_time', '2025-01-19', '2025-01-19', 'Payment for subscription 18', 'Vendor 18', 18),
(284, 'Payment - Sub 19 - 2025-01', 'rent', 280.00, 'one_time', '2025-01-20', '2025-01-20', 'Payment for subscription 19', 'Vendor 19', 19),
(285, 'Payment - Sub 20 - 2025-01', 'rent', 290.00, 'one_time', '2025-01-21', '2025-01-21', 'Payment for subscription 20', 'Vendor 20', 20),
(286, 'Payment - Sub 1 - 2025-02', 'rent', 100.00, 'one_time', '2025-02-02', '2025-02-02', 'Payment for subscription 1', 'Vendor 1', 1),
(287, 'Payment - Sub 2 - 2025-02', 'rent', 110.00, 'one_time', '2025-02-03', '2025-02-03', 'Payment for subscription 2', 'Vendor 2', 2),
(288, 'Payment - Sub 3 - 2025-02', 'rent', 120.00, 'one_time', '2025-02-04', '2025-02-04', 'Payment for subscription 3', 'Vendor 3', 3),
(289, 'Payment - Sub 4 - 2025-02', 'rent', 130.00, 'one_time', '2025-02-05', '2025-02-05', 'Payment for subscription 4', 'Vendor 4', 4),
(290, 'Payment - Sub 5 - 2025-02', 'rent', 140.00, 'one_time', '2025-02-06', '2025-02-06', 'Payment for subscription 5', 'Vendor 5', 5),
(291, 'Payment - Sub 6 - 2025-02', 'rent', 150.00, 'one_time', '2025-02-07', '2025-02-07', 'Payment for subscription 6', 'Vendor 6', 6),
(292, 'Payment - Sub 7 - 2025-02', 'rent', 160.00, 'one_time', '2025-02-08', '2025-02-08', 'Payment for subscription 7', 'Vendor 7', 7),
(293, 'Payment - Sub 8 - 2025-02', 'rent', 170.00, 'one_time', '2025-02-09', '2025-02-09', 'Payment for subscription 8', 'Vendor 8', 8),
(294, 'Payment - Sub 9 - 2025-02', 'rent', 180.00, 'one_time', '2025-02-10', '2025-02-10', 'Payment for subscription 9', 'Vendor 9', 9),
(295, 'Payment - Sub 10 - 2025-02', 'rent', 190.00, 'one_time', '2025-02-11', '2025-02-11', 'Payment for subscription 10', 'Vendor 10', 10),
(296, 'Payment - Sub 11 - 2025-02', 'rent', 200.00, 'one_time', '2025-02-12', '2025-02-12', 'Payment for subscription 11', 'Vendor 11', 11),
(297, 'Payment - Sub 12 - 2025-02', 'rent', 210.00, 'one_time', '2025-02-13', '2025-02-13', 'Payment for subscription 12', 'Vendor 12', 12),
(298, 'Payment - Sub 13 - 2025-02', 'rent', 220.00, 'one_time', '2025-02-14', '2025-02-14', 'Payment for subscription 13', 'Vendor 13', 13),
(299, 'Payment - Sub 14 - 2025-02', 'rent', 230.00, 'one_time', '2025-02-15', '2025-02-15', 'Payment for subscription 14', 'Vendor 14', 14),
(300, 'Payment - Sub 15 - 2025-02', 'rent', 240.00, 'one_time', '2025-02-16', '2025-02-16', 'Payment for subscription 15', 'Vendor 15', 15),
(301, 'Payment - Sub 16 - 2025-02', 'rent', 250.00, 'one_time', '2025-02-17', '2025-02-17', 'Payment for subscription 16', 'Vendor 16', 16),
(302, 'Payment - Sub 17 - 2025-02', 'rent', 260.00, 'one_time', '2025-02-18', '2025-02-18', 'Payment for subscription 17', 'Vendor 17', 17),
(303, 'Payment - Sub 18 - 2025-02', 'rent', 270.00, 'one_time', '2025-02-19', '2025-02-19', 'Payment for subscription 18', 'Vendor 18', 18),
(304, 'Payment - Sub 19 - 2025-02', 'rent', 280.00, 'one_time', '2025-02-20', '2025-02-20', 'Payment for subscription 19', 'Vendor 19', 19),
(305, 'Payment - Sub 20 - 2025-02', 'rent', 290.00, 'one_time', '2025-02-21', '2025-02-21', 'Payment for subscription 20', 'Vendor 20', 20),
(306, 'Payment - Sub 1 - 2025-03', 'rent', 100.00, 'one_time', '2025-03-02', '2025-03-02', 'Payment for subscription 1', 'Vendor 1', 1),
(307, 'Payment - Sub 2 - 2025-03', 'rent', 110.00, 'one_time', '2025-03-03', '2025-03-03', 'Payment for subscription 2', 'Vendor 2', 2),
(308, 'Payment - Sub 3 - 2025-03', 'rent', 120.00, 'one_time', '2025-03-04', '2025-03-04', 'Payment for subscription 3', 'Vendor 3', 3),
(309, 'Payment - Sub 4 - 2025-03', 'rent', 130.00, 'one_time', '2025-03-05', '2025-03-05', 'Payment for subscription 4', 'Vendor 4', 4),
(310, 'Payment - Sub 5 - 2025-03', 'rent', 140.00, 'one_time', '2025-03-06', '2025-03-06', 'Payment for subscription 5', 'Vendor 5', 5),
(311, 'Payment - Sub 6 - 2025-03', 'rent', 150.00, 'one_time', '2025-03-07', '2025-03-07', 'Payment for subscription 6', 'Vendor 6', 6),
(312, 'Payment - Sub 7 - 2025-03', 'rent', 160.00, 'one_time', '2025-03-08', '2025-03-08', 'Payment for subscription 7', 'Vendor 7', 7),
(313, 'Payment - Sub 8 - 2025-03', 'rent', 170.00, 'one_time', '2025-03-09', '2025-03-09', 'Payment for subscription 8', 'Vendor 8', 8),
(314, 'Payment - Sub 9 - 2025-03', 'rent', 180.00, 'one_time', '2025-03-10', '2025-03-10', 'Payment for subscription 9', 'Vendor 9', 9),
(315, 'Payment - Sub 10 - 2025-03', 'rent', 190.00, 'one_time', '2025-03-11', '2025-03-11', 'Payment for subscription 10', 'Vendor 10', 10),
(316, 'Payment - Sub 11 - 2025-03', 'rent', 200.00, 'one_time', '2025-03-12', '2025-03-12', 'Payment for subscription 11', 'Vendor 11', 11),
(317, 'Payment - Sub 12 - 2025-03', 'rent', 210.00, 'one_time', '2025-03-13', '2025-03-13', 'Payment for subscription 12', 'Vendor 12', 12),
(318, 'Payment - Sub 13 - 2025-03', 'rent', 220.00, 'one_time', '2025-03-14', '2025-03-14', 'Payment for subscription 13', 'Vendor 13', 13),
(319, 'Payment - Sub 14 - 2025-03', 'rent', 230.00, 'one_time', '2025-03-15', '2025-03-15', 'Payment for subscription 14', 'Vendor 14', 14),
(320, 'Payment - Sub 15 - 2025-03', 'rent', 240.00, 'one_time', '2025-03-16', '2025-03-16', 'Payment for subscription 15', 'Vendor 15', 15),
(321, 'Payment - Sub 16 - 2025-03', 'rent', 250.00, 'one_time', '2025-03-17', '2025-03-17', 'Payment for subscription 16', 'Vendor 16', 16),
(322, 'Payment - Sub 17 - 2025-03', 'rent', 260.00, 'one_time', '2025-03-18', '2025-03-18', 'Payment for subscription 17', 'Vendor 17', 17),
(323, 'Payment - Sub 18 - 2025-03', 'rent', 270.00, 'one_time', '2025-03-19', '2025-03-19', 'Payment for subscription 18', 'Vendor 18', 18),
(324, 'Payment - Sub 19 - 2025-03', 'rent', 280.00, 'one_time', '2025-03-20', '2025-03-20', 'Payment for subscription 19', 'Vendor 19', 19),
(325, 'Payment - Sub 20 - 2025-03', 'rent', 290.00, 'one_time', '2025-03-21', '2025-03-21', 'Payment for subscription 20', 'Vendor 20', 20),
(326, 'Payment - Sub 1 - 2025-04', 'rent', 100.00, 'one_time', '2025-04-02', '2025-04-02', 'Payment for subscription 1', 'Vendor 1', 1),
(327, 'Payment - Sub 2 - 2025-04', 'rent', 110.00, 'one_time', '2025-04-03', '2025-04-03', 'Payment for subscription 2', 'Vendor 2', 2),
(328, 'Payment - Sub 3 - 2025-04', 'rent', 120.00, 'one_time', '2025-04-04', '2025-04-04', 'Payment for subscription 3', 'Vendor 3', 3),
(329, 'Payment - Sub 4 - 2025-04', 'rent', 130.00, 'one_time', '2025-04-05', '2025-04-05', 'Payment for subscription 4', 'Vendor 4', 4),
(330, 'Payment - Sub 5 - 2025-04', 'rent', 140.00, 'one_time', '2025-04-06', '2025-04-06', 'Payment for subscription 5', 'Vendor 5', 5),
(331, 'Payment - Sub 6 - 2025-04', 'rent', 150.00, 'one_time', '2025-04-07', '2025-04-07', 'Payment for subscription 6', 'Vendor 6', 6),
(332, 'Payment - Sub 7 - 2025-04', 'rent', 160.00, 'one_time', '2025-04-08', '2025-04-08', 'Payment for subscription 7', 'Vendor 7', 7),
(333, 'Payment - Sub 8 - 2025-04', 'rent', 170.00, 'one_time', '2025-04-09', '2025-04-09', 'Payment for subscription 8', 'Vendor 8', 8),
(334, 'Payment - Sub 9 - 2025-04', 'rent', 180.00, 'one_time', '2025-04-10', '2025-04-10', 'Payment for subscription 9', 'Vendor 9', 9),
(335, 'Payment - Sub 10 - 2025-04', 'rent', 190.00, 'one_time', '2025-04-11', '2025-04-11', 'Payment for subscription 10', 'Vendor 10', 10),
(336, 'Payment - Sub 11 - 2025-04', 'rent', 200.00, 'one_time', '2025-04-12', '2025-04-12', 'Payment for subscription 11', 'Vendor 11', 11),
(337, 'Payment - Sub 12 - 2025-04', 'rent', 210.00, 'one_time', '2025-04-13', '2025-04-13', 'Payment for subscription 12', 'Vendor 12', 12),
(338, 'Payment - Sub 13 - 2025-04', 'rent', 220.00, 'one_time', '2025-04-14', '2025-04-14', 'Payment for subscription 13', 'Vendor 13', 13),
(339, 'Payment - Sub 14 - 2025-04', 'rent', 230.00, 'one_time', '2025-04-15', '2025-04-15', 'Payment for subscription 14', 'Vendor 14', 14),
(340, 'Payment - Sub 15 - 2025-04', 'rent', 240.00, 'one_time', '2025-04-16', '2025-04-16', 'Payment for subscription 15', 'Vendor 15', 15),
(341, 'Payment - Sub 16 - 2025-04', 'rent', 250.00, 'one_time', '2025-04-17', '2025-04-17', 'Payment for subscription 16', 'Vendor 16', 16),
(342, 'Payment - Sub 17 - 2025-04', 'rent', 260.00, 'one_time', '2025-04-18', '2025-04-18', 'Payment for subscription 17', 'Vendor 17', 17),
(343, 'Payment - Sub 18 - 2025-04', 'rent', 270.00, 'one_time', '2025-04-19', '2025-04-19', 'Payment for subscription 18', 'Vendor 18', 18),
(344, 'Payment - Sub 19 - 2025-04', 'rent', 280.00, 'one_time', '2025-04-20', '2025-04-20', 'Payment for subscription 19', 'Vendor 19', 19),
(345, 'Payment - Sub 20 - 2025-04', 'rent', 290.00, 'one_time', '2025-04-21', '2025-04-21', 'Payment for subscription 20', 'Vendor 20', 20),
(346, 'Payment - Sub 1 - 2025-05', 'rent', 100.00, 'one_time', '2025-05-02', '2025-05-02', 'Payment for subscription 1', 'Vendor 1', 1),
(347, 'Payment - Sub 2 - 2025-05', 'rent', 110.00, 'one_time', '2025-05-03', '2025-05-03', 'Payment for subscription 2', 'Vendor 2', 2),
(348, 'Payment - Sub 3 - 2025-05', 'rent', 120.00, 'one_time', '2025-05-04', '2025-05-04', 'Payment for subscription 3', 'Vendor 3', 3),
(349, 'Payment - Sub 4 - 2025-05', 'rent', 130.00, 'one_time', '2025-05-05', '2025-05-05', 'Payment for subscription 4', 'Vendor 4', 4),
(350, 'Payment - Sub 5 - 2025-05', 'rent', 140.00, 'one_time', '2025-05-06', '2025-05-06', 'Payment for subscription 5', 'Vendor 5', 5),
(351, 'Payment - Sub 6 - 2025-05', 'rent', 150.00, 'one_time', '2025-05-07', '2025-05-07', 'Payment for subscription 6', 'Vendor 6', 6),
(352, 'Payment - Sub 7 - 2025-05', 'rent', 160.00, 'one_time', '2025-05-08', '2025-05-08', 'Payment for subscription 7', 'Vendor 7', 7),
(353, 'Payment - Sub 8 - 2025-05', 'rent', 170.00, 'one_time', '2025-05-09', '2025-05-09', 'Payment for subscription 8', 'Vendor 8', 8),
(354, 'Payment - Sub 9 - 2025-05', 'rent', 180.00, 'one_time', '2025-05-10', '2025-05-10', 'Payment for subscription 9', 'Vendor 9', 9),
(355, 'Payment - Sub 10 - 2025-05', 'rent', 190.00, 'one_time', '2025-05-11', '2025-05-11', 'Payment for subscription 10', 'Vendor 10', 10),
(356, 'Payment - Sub 11 - 2025-05', 'rent', 200.00, 'one_time', '2025-05-12', '2025-05-12', 'Payment for subscription 11', 'Vendor 11', 11),
(357, 'Payment - Sub 12 - 2025-05', 'rent', 210.00, 'one_time', '2025-05-13', '2025-05-13', 'Payment for subscription 12', 'Vendor 12', 12),
(358, 'Payment - Sub 13 - 2025-05', 'rent', 220.00, 'one_time', '2025-05-14', '2025-05-14', 'Payment for subscription 13', 'Vendor 13', 13),
(359, 'Payment - Sub 14 - 2025-05', 'rent', 230.00, 'one_time', '2025-05-15', '2025-05-15', 'Payment for subscription 14', 'Vendor 14', 14),
(360, 'Payment - Sub 15 - 2025-05', 'rent', 240.00, 'one_time', '2025-05-16', '2025-05-16', 'Payment for subscription 15', 'Vendor 15', 15),
(361, 'Payment - Sub 16 - 2025-05', 'rent', 250.00, 'one_time', '2025-05-17', '2025-05-17', 'Payment for subscription 16', 'Vendor 16', 16),
(362, 'Payment - Sub 17 - 2025-05', 'rent', 260.00, 'one_time', '2025-05-18', '2025-05-18', 'Payment for subscription 17', 'Vendor 17', 17),
(363, 'Payment - Sub 18 - 2025-05', 'rent', 270.00, 'one_time', '2025-05-19', '2025-05-19', 'Payment for subscription 18', 'Vendor 18', 18),
(364, 'Payment - Sub 19 - 2025-05', 'rent', 280.00, 'one_time', '2025-05-20', '2025-05-20', 'Payment for subscription 19', 'Vendor 19', 19),
(365, 'Payment - Sub 20 - 2025-05', 'rent', 290.00, 'one_time', '2025-05-21', '2025-05-21', 'Payment for subscription 20', 'Vendor 20', 20),
(366, 'Payment - Sub 1 - 2025-06', 'rent', 100.00, 'one_time', '2025-06-02', '2025-06-02', 'Payment for subscription 1', 'Vendor 1', 1),
(367, 'Payment - Sub 2 - 2025-06', 'rent', 110.00, 'one_time', '2025-06-03', '2025-06-03', 'Payment for subscription 2', 'Vendor 2', 2),
(368, 'Payment - Sub 3 - 2025-06', 'rent', 120.00, 'one_time', '2025-06-04', '2025-06-04', 'Payment for subscription 3', 'Vendor 3', 3),
(369, 'Payment - Sub 4 - 2025-06', 'rent', 130.00, 'one_time', '2025-06-05', '2025-06-05', 'Payment for subscription 4', 'Vendor 4', 4),
(370, 'Payment - Sub 5 - 2025-06', 'rent', 140.00, 'one_time', '2025-06-06', '2025-06-06', 'Payment for subscription 5', 'Vendor 5', 5),
(371, 'Payment - Sub 6 - 2025-06', 'rent', 150.00, 'one_time', '2025-06-07', '2025-06-07', 'Payment for subscription 6', 'Vendor 6', 6),
(372, 'Payment - Sub 7 - 2025-06', 'rent', 160.00, 'one_time', '2025-06-08', '2025-06-08', 'Payment for subscription 7', 'Vendor 7', 7),
(373, 'Payment - Sub 8 - 2025-06', 'rent', 170.00, 'one_time', '2025-06-09', '2025-06-09', 'Payment for subscription 8', 'Vendor 8', 8),
(374, 'Payment - Sub 9 - 2025-06', 'rent', 180.00, 'one_time', '2025-06-10', '2025-06-10', 'Payment for subscription 9', 'Vendor 9', 9),
(375, 'Payment - Sub 10 - 2025-06', 'rent', 190.00, 'one_time', '2025-06-11', '2025-06-11', 'Payment for subscription 10', 'Vendor 10', 10),
(376, 'Payment - Sub 11 - 2025-06', 'rent', 200.00, 'one_time', '2025-06-12', '2025-06-12', 'Payment for subscription 11', 'Vendor 11', 11),
(377, 'Payment - Sub 12 - 2025-06', 'rent', 210.00, 'one_time', '2025-06-13', '2025-06-13', 'Payment for subscription 12', 'Vendor 12', 12),
(378, 'Payment - Sub 13 - 2025-06', 'rent', 220.00, 'one_time', '2025-06-14', '2025-06-14', 'Payment for subscription 13', 'Vendor 13', 13),
(379, 'Payment - Sub 14 - 2025-06', 'rent', 230.00, 'one_time', '2025-06-15', '2025-06-15', 'Payment for subscription 14', 'Vendor 14', 14),
(380, 'Payment - Sub 15 - 2025-06', 'rent', 240.00, 'one_time', '2025-06-16', '2025-06-16', 'Payment for subscription 15', 'Vendor 15', 15),
(381, 'Payment - Sub 16 - 2025-06', 'rent', 250.00, 'one_time', '2025-06-17', '2025-06-17', 'Payment for subscription 16', 'Vendor 16', 16),
(382, 'Payment - Sub 17 - 2025-06', 'rent', 260.00, 'one_time', '2025-06-18', '2025-06-18', 'Payment for subscription 17', 'Vendor 17', 17),
(383, 'Payment - Sub 18 - 2025-06', 'rent', 270.00, 'one_time', '2025-06-19', '2025-06-19', 'Payment for subscription 18', 'Vendor 18', 18),
(384, 'Payment - Sub 19 - 2025-06', 'rent', 280.00, 'one_time', '2025-06-20', '2025-06-20', 'Payment for subscription 19', 'Vendor 19', 19),
(385, 'Payment - Sub 20 - 2025-06', 'rent', 290.00, 'one_time', '2025-06-21', '2025-06-21', 'Payment for subscription 20', 'Vendor 20', 20),
(386, 'Payment - Sub 1 - 2025-07', 'rent', 100.00, 'one_time', '2025-07-02', '2025-07-02', 'Payment for subscription 1', 'Vendor 1', 1),
(387, 'Payment - Sub 2 - 2025-07', 'rent', 110.00, 'one_time', '2025-07-03', '2025-07-03', 'Payment for subscription 2', 'Vendor 2', 2),
(388, 'Payment - Sub 3 - 2025-07', 'rent', 120.00, 'one_time', '2025-07-04', '2025-07-04', 'Payment for subscription 3', 'Vendor 3', 3),
(389, 'Payment - Sub 4 - 2025-07', 'rent', 130.00, 'one_time', '2025-07-05', '2025-07-05', 'Payment for subscription 4', 'Vendor 4', 4),
(390, 'Payment - Sub 5 - 2025-07', 'rent', 140.00, 'one_time', '2025-07-06', '2025-07-06', 'Payment for subscription 5', 'Vendor 5', 5),
(391, 'Payment - Sub 6 - 2025-07', 'rent', 150.00, 'one_time', '2025-07-07', '2025-07-07', 'Payment for subscription 6', 'Vendor 6', 6),
(392, 'Payment - Sub 7 - 2025-07', 'rent', 160.00, 'one_time', '2025-07-08', '2025-07-08', 'Payment for subscription 7', 'Vendor 7', 7),
(393, 'Payment - Sub 8 - 2025-07', 'rent', 170.00, 'one_time', '2025-07-09', '2025-07-09', 'Payment for subscription 8', 'Vendor 8', 8),
(394, 'Payment - Sub 9 - 2025-07', 'rent', 180.00, 'one_time', '2025-07-10', '2025-07-10', 'Payment for subscription 9', 'Vendor 9', 9),
(395, 'Payment - Sub 10 - 2025-07', 'rent', 190.00, 'one_time', '2025-07-11', '2025-07-11', 'Payment for subscription 10', 'Vendor 10', 10),
(396, 'Payment - Sub 11 - 2025-07', 'rent', 200.00, 'one_time', '2025-07-12', '2025-07-12', 'Payment for subscription 11', 'Vendor 11', 11),
(397, 'Payment - Sub 12 - 2025-07', 'rent', 210.00, 'one_time', '2025-07-13', '2025-07-13', 'Payment for subscription 12', 'Vendor 12', 12),
(398, 'Payment - Sub 13 - 2025-07', 'rent', 220.00, 'one_time', '2025-07-14', '2025-07-14', 'Payment for subscription 13', 'Vendor 13', 13),
(399, 'Payment - Sub 14 - 2025-07', 'rent', 230.00, 'one_time', '2025-07-15', '2025-07-15', 'Payment for subscription 14', 'Vendor 14', 14),
(400, 'Payment - Sub 15 - 2025-07', 'rent', 240.00, 'one_time', '2025-07-16', '2025-07-16', 'Payment for subscription 15', 'Vendor 15', 15),
(401, 'Payment - Sub 16 - 2025-07', 'rent', 250.00, 'one_time', '2025-07-17', '2025-07-17', 'Payment for subscription 16', 'Vendor 16', 16),
(402, 'Payment - Sub 17 - 2025-07', 'rent', 260.00, 'one_time', '2025-07-18', '2025-07-18', 'Payment for subscription 17', 'Vendor 17', 17),
(403, 'Payment - Sub 18 - 2025-07', 'rent', 270.00, 'one_time', '2025-07-19', '2025-07-19', 'Payment for subscription 18', 'Vendor 18', 18),
(404, 'Payment - Sub 19 - 2025-07', 'rent', 280.00, 'one_time', '2025-07-20', '2025-07-20', 'Payment for subscription 19', 'Vendor 19', 19),
(405, 'Payment - Sub 20 - 2025-07', 'rent', 290.00, 'one_time', '2025-07-21', '2025-07-21', 'Payment for subscription 20', 'Vendor 20', 20),
(406, 'Payment - Sub 1 - 2025-08', 'rent', 100.00, 'one_time', '2025-08-02', '2025-08-02', 'Payment for subscription 1', 'Vendor 1', 1),
(407, 'Payment - Sub 2 - 2025-08', 'rent', 110.00, 'one_time', '2025-08-03', '2025-08-03', 'Payment for subscription 2', 'Vendor 2', 2),
(408, 'Payment - Sub 3 - 2025-08', 'rent', 120.00, 'one_time', '2025-08-04', '2025-08-04', 'Payment for subscription 3', 'Vendor 3', 3),
(409, 'Payment - Sub 4 - 2025-08', 'rent', 130.00, 'one_time', '2025-08-05', '2025-08-05', 'Payment for subscription 4', 'Vendor 4', 4),
(410, 'Payment - Sub 5 - 2025-08', 'rent', 140.00, 'one_time', '2025-08-06', '2025-08-06', 'Payment for subscription 5', 'Vendor 5', 5),
(411, 'Payment - Sub 6 - 2025-08', 'rent', 150.00, 'one_time', '2025-08-07', '2025-08-07', 'Payment for subscription 6', 'Vendor 6', 6),
(412, 'Payment - Sub 7 - 2025-08', 'rent', 160.00, 'one_time', '2025-08-08', '2025-08-08', 'Payment for subscription 7', 'Vendor 7', 7),
(413, 'Payment - Sub 8 - 2025-08', 'rent', 170.00, 'one_time', '2025-08-09', '2025-08-09', 'Payment for subscription 8', 'Vendor 8', 8),
(414, 'Payment - Sub 9 - 2025-08', 'rent', 180.00, 'one_time', '2025-08-10', '2025-08-10', 'Payment for subscription 9', 'Vendor 9', 9),
(415, 'Payment - Sub 10 - 2025-08', 'rent', 190.00, 'one_time', '2025-08-11', '2025-08-11', 'Payment for subscription 10', 'Vendor 10', 10),
(416, 'Payment - Sub 11 - 2025-08', 'rent', 200.00, 'one_time', '2025-08-12', '2025-08-12', 'Payment for subscription 11', 'Vendor 11', 11),
(417, 'Payment - Sub 12 - 2025-08', 'rent', 210.00, 'one_time', '2025-08-13', '2025-08-13', 'Payment for subscription 12', 'Vendor 12', 12),
(418, 'Payment - Sub 13 - 2025-08', 'rent', 220.00, 'one_time', '2025-08-14', '2025-08-14', 'Payment for subscription 13', 'Vendor 13', 13),
(419, 'Payment - Sub 14 - 2025-08', 'rent', 230.00, 'one_time', '2025-08-15', '2025-08-15', 'Payment for subscription 14', 'Vendor 14', 14),
(420, 'Payment - Sub 15 - 2025-08', 'rent', 240.00, 'one_time', '2025-08-16', '2025-08-16', 'Payment for subscription 15', 'Vendor 15', 15),
(421, 'Payment - Sub 16 - 2025-08', 'rent', 250.00, 'one_time', '2025-08-17', '2025-08-17', 'Payment for subscription 16', 'Vendor 16', 16),
(422, 'Payment - Sub 17 - 2025-08', 'rent', 260.00, 'one_time', '2025-08-18', '2025-08-18', 'Payment for subscription 17', 'Vendor 17', 17),
(423, 'Payment - Sub 18 - 2025-08', 'rent', 270.00, 'one_time', '2025-08-19', '2025-08-19', 'Payment for subscription 18', 'Vendor 18', 18),
(424, 'Payment - Sub 19 - 2025-08', 'rent', 280.00, 'one_time', '2025-08-20', '2025-08-20', 'Payment for subscription 19', 'Vendor 19', 19),
(425, 'Payment - Sub 20 - 2025-08', 'rent', 290.00, 'one_time', '2025-08-21', '2025-08-21', 'Payment for subscription 20', 'Vendor 20', 20),
(426, 'Payment - Sub 1 - 2025-09', 'rent', 100.00, 'one_time', '2025-09-02', '2025-09-02', 'Payment for subscription 1', 'Vendor 1', 1),
(427, 'Payment - Sub 2 - 2025-09', 'rent', 110.00, 'one_time', '2025-09-03', '2025-09-03', 'Payment for subscription 2', 'Vendor 2', 2),
(428, 'Payment - Sub 3 - 2025-09', 'rent', 120.00, 'one_time', '2025-09-04', '2025-09-04', 'Payment for subscription 3', 'Vendor 3', 3),
(429, 'Payment - Sub 4 - 2025-09', 'rent', 130.00, 'one_time', '2025-09-05', '2025-09-05', 'Payment for subscription 4', 'Vendor 4', 4),
(430, 'Payment - Sub 5 - 2025-09', 'rent', 140.00, 'one_time', '2025-09-06', '2025-09-06', 'Payment for subscription 5', 'Vendor 5', 5),
(431, 'Payment - Sub 6 - 2025-09', 'rent', 150.00, 'one_time', '2025-09-07', '2025-09-07', 'Payment for subscription 6', 'Vendor 6', 6),
(432, 'Payment - Sub 7 - 2025-09', 'rent', 160.00, 'one_time', '2025-09-08', '2025-09-08', 'Payment for subscription 7', 'Vendor 7', 7),
(433, 'Payment - Sub 8 - 2025-09', 'rent', 170.00, 'one_time', '2025-09-09', '2025-09-09', 'Payment for subscription 8', 'Vendor 8', 8),
(434, 'Payment - Sub 9 - 2025-09', 'rent', 180.00, 'one_time', '2025-09-10', '2025-09-10', 'Payment for subscription 9', 'Vendor 9', 9),
(435, 'Payment - Sub 10 - 2025-09', 'rent', 190.00, 'one_time', '2025-09-11', '2025-09-11', 'Payment for subscription 10', 'Vendor 10', 10),
(436, 'Payment - Sub 11 - 2025-09', 'rent', 200.00, 'one_time', '2025-09-12', '2025-09-12', 'Payment for subscription 11', 'Vendor 11', 11),
(437, 'Payment - Sub 12 - 2025-09', 'rent', 210.00, 'one_time', '2025-09-13', '2025-09-13', 'Payment for subscription 12', 'Vendor 12', 12),
(438, 'Payment - Sub 13 - 2025-09', 'rent', 220.00, 'one_time', '2025-09-14', '2025-09-14', 'Payment for subscription 13', 'Vendor 13', 13),
(439, 'Payment - Sub 14 - 2025-09', 'rent', 230.00, 'one_time', '2025-09-15', '2025-09-15', 'Payment for subscription 14', 'Vendor 14', 14),
(440, 'Payment - Sub 15 - 2025-09', 'rent', 240.00, 'one_time', '2025-09-16', '2025-09-16', 'Payment for subscription 15', 'Vendor 15', 15),
(441, 'Payment - Sub 16 - 2025-09', 'rent', 250.00, 'one_time', '2025-09-17', '2025-09-17', 'Payment for subscription 16', 'Vendor 16', 16),
(442, 'Payment - Sub 17 - 2025-09', 'rent', 260.00, 'one_time', '2025-09-18', '2025-09-18', 'Payment for subscription 17', 'Vendor 17', 17),
(443, 'Payment - Sub 18 - 2025-09', 'rent', 270.00, 'one_time', '2025-09-19', '2025-09-19', 'Payment for subscription 18', 'Vendor 18', 18),
(444, 'Payment - Sub 19 - 2025-09', 'rent', 280.00, 'one_time', '2025-09-20', '2025-09-20', 'Payment for subscription 19', 'Vendor 19', 19),
(445, 'Payment - Sub 20 - 2025-09', 'rent', 290.00, 'one_time', '2025-09-21', '2025-09-21', 'Payment for subscription 20', 'Vendor 20', 20),
(446, 'Payment - Sub 1 - 2025-10', 'rent', 100.00, 'one_time', '2025-10-02', '2025-10-02', 'Payment for subscription 1', 'Vendor 1', 1),
(447, 'Payment - Sub 2 - 2025-10', 'rent', 110.00, 'one_time', '2025-10-03', '2025-10-03', 'Payment for subscription 2', 'Vendor 2', 2),
(448, 'Payment - Sub 3 - 2025-10', 'rent', 120.00, 'one_time', '2025-10-04', '2025-10-04', 'Payment for subscription 3', 'Vendor 3', 3),
(449, 'Payment - Sub 4 - 2025-10', 'rent', 130.00, 'one_time', '2025-10-05', '2025-10-05', 'Payment for subscription 4', 'Vendor 4', 4),
(450, 'Payment - Sub 5 - 2025-10', 'rent', 140.00, 'one_time', '2025-10-06', '2025-10-06', 'Payment for subscription 5', 'Vendor 5', 5),
(451, 'Payment - Sub 6 - 2025-10', 'rent', 150.00, 'one_time', '2025-10-07', '2025-10-07', 'Payment for subscription 6', 'Vendor 6', 6),
(452, 'Payment - Sub 7 - 2025-10', 'rent', 160.00, 'one_time', '2025-10-08', '2025-10-08', 'Payment for subscription 7', 'Vendor 7', 7),
(453, 'Payment - Sub 8 - 2025-10', 'rent', 170.00, 'one_time', '2025-10-09', '2025-10-09', 'Payment for subscription 8', 'Vendor 8', 8),
(454, 'Payment - Sub 9 - 2025-10', 'rent', 180.00, 'one_time', '2025-10-10', '2025-10-10', 'Payment for subscription 9', 'Vendor 9', 9),
(455, 'Payment - Sub 10 - 2025-10', 'rent', 190.00, 'one_time', '2025-10-11', '2025-10-11', 'Payment for subscription 10', 'Vendor 10', 10),
(456, 'Payment - Sub 11 - 2025-10', 'rent', 200.00, 'one_time', '2025-10-12', '2025-10-12', 'Payment for subscription 11', 'Vendor 11', 11),
(457, 'Payment - Sub 12 - 2025-10', 'rent', 210.00, 'one_time', '2025-10-13', '2025-10-13', 'Payment for subscription 12', 'Vendor 12', 12),
(458, 'Payment - Sub 13 - 2025-10', 'rent', 220.00, 'one_time', '2025-10-14', '2025-10-14', 'Payment for subscription 13', 'Vendor 13', 13),
(459, 'Payment - Sub 14 - 2025-10', 'rent', 230.00, 'one_time', '2025-10-15', '2025-10-15', 'Payment for subscription 14', 'Vendor 14', 14),
(460, 'Payment - Sub 15 - 2025-10', 'rent', 240.00, 'one_time', '2025-10-16', '2025-10-16', 'Payment for subscription 15', 'Vendor 15', 15),
(461, 'Payment - Sub 16 - 2025-10', 'rent', 250.00, 'one_time', '2025-10-17', '2025-10-17', 'Payment for subscription 16', 'Vendor 16', 16),
(462, 'Payment - Sub 17 - 2025-10', 'rent', 260.00, 'one_time', '2025-10-18', '2025-10-18', 'Payment for subscription 17', 'Vendor 17', 17),
(463, 'Payment - Sub 18 - 2025-10', 'rent', 270.00, 'one_time', '2025-10-19', '2025-10-19', 'Payment for subscription 18', 'Vendor 18', 18),
(464, 'Payment - Sub 19 - 2025-10', 'rent', 280.00, 'one_time', '2025-10-20', '2025-10-20', 'Payment for subscription 19', 'Vendor 19', 19),
(465, 'Payment - Sub 20 - 2025-10', 'rent', 290.00, 'one_time', '2025-10-21', '2025-10-21', 'Payment for subscription 20', 'Vendor 20', 20),
(466, 'Payment - Sub 1 - 2025-11', 'rent', 100.00, 'one_time', '2025-11-02', '2025-11-02', 'Payment for subscription 1', 'Vendor 1', 1),
(467, 'Payment - Sub 2 - 2025-11', 'rent', 110.00, 'one_time', '2025-11-03', '2025-11-03', 'Payment for subscription 2', 'Vendor 2', 2),
(468, 'Payment - Sub 3 - 2025-11', 'rent', 120.00, 'one_time', '2025-11-04', '2025-11-04', 'Payment for subscription 3', 'Vendor 3', 3),
(469, 'Payment - Sub 4 - 2025-11', 'rent', 130.00, 'one_time', '2025-11-05', '2025-11-05', 'Payment for subscription 4', 'Vendor 4', 4),
(470, 'Payment - Sub 5 - 2025-11', 'rent', 140.00, 'one_time', '2025-11-06', '2025-11-06', 'Payment for subscription 5', 'Vendor 5', 5),
(471, 'Payment - Sub 6 - 2025-11', 'rent', 150.00, 'one_time', '2025-11-07', '2025-11-07', 'Payment for subscription 6', 'Vendor 6', 6),
(472, 'Payment - Sub 7 - 2025-11', 'rent', 160.00, 'one_time', '2025-11-08', '2025-11-08', 'Payment for subscription 7', 'Vendor 7', 7),
(473, 'Payment - Sub 8 - 2025-11', 'rent', 170.00, 'one_time', '2025-11-09', '2025-11-09', 'Payment for subscription 8', 'Vendor 8', 8),
(474, 'Payment - Sub 9 - 2025-11', 'rent', 180.00, 'one_time', '2025-11-10', '2025-11-10', 'Payment for subscription 9', 'Vendor 9', 9),
(475, 'Payment - Sub 10 - 2025-11', 'rent', 190.00, 'one_time', '2025-11-11', '2025-11-11', 'Payment for subscription 10', 'Vendor 10', 10),
(476, 'Payment - Sub 11 - 2025-11', 'rent', 200.00, 'one_time', '2025-11-12', '2025-11-12', 'Payment for subscription 11', 'Vendor 11', 11),
(477, 'Payment - Sub 12 - 2025-11', 'rent', 210.00, 'one_time', '2025-11-13', '2025-11-13', 'Payment for subscription 12', 'Vendor 12', 12),
(478, 'Payment - Sub 13 - 2025-11', 'rent', 220.00, 'one_time', '2025-11-14', '2025-11-14', 'Payment for subscription 13', 'Vendor 13', 13),
(479, 'Payment - Sub 14 - 2025-11', 'rent', 230.00, 'one_time', '2025-11-15', '2025-11-15', 'Payment for subscription 14', 'Vendor 14', 14),
(480, 'Payment - Sub 15 - 2025-11', 'rent', 240.00, 'one_time', '2025-11-16', '2025-11-16', 'Payment for subscription 15', 'Vendor 15', 15),
(481, 'Payment - Sub 16 - 2025-11', 'rent', 250.00, 'one_time', '2025-11-17', '2025-11-17', 'Payment for subscription 16', 'Vendor 16', 16),
(482, 'Payment - Sub 17 - 2025-11', 'rent', 260.00, 'one_time', '2025-11-18', '2025-11-18', 'Payment for subscription 17', 'Vendor 17', 17),
(483, 'Payment - Sub 18 - 2025-11', 'rent', 270.00, 'one_time', '2025-11-19', '2025-11-19', 'Payment for subscription 18', 'Vendor 18', 18),
(484, 'Payment - Sub 19 - 2025-11', 'rent', 280.00, 'one_time', '2025-11-20', '2025-11-20', 'Payment for subscription 19', 'Vendor 19', 19),
(485, 'Payment - Sub 20 - 2025-11', 'rent', 290.00, 'one_time', '2025-11-21', '2025-11-21', 'Payment for subscription 20', 'Vendor 20', 20);
SELECT setval('expenses_id_seq', (SELECT MAX(id) FROM expenses));

-- ============================================================================
-- LEASING PAYMENTS (3 leases)
-- ============================================================================
INSERT INTO leasing_payments (id, name, type, amount, start_date, end_date, frequency, description, lessor, is_active) VALUES
(1, 'Espresso Machine Lease', 'finance', 450.00, '2024-01-01', '2027-12-31', 'monthly', 'Espresso Machine Lease lease', 'Lessor 1', true),
(2, 'Delivery Vehicle Lease', 'operating', 650.00, '2024-02-01', '2027-01-31', 'monthly', 'Delivery Vehicle Lease lease', 'Lessor 2', true),
(3, 'Refrigeration Unit Lease', 'finance', 280.00, '2024-01-01', '2027-12-31', 'monthly', 'Refrigeration Unit Lease lease', 'Lessor 3', true);
SELECT setval('leasing_payments_id_seq', (SELECT MAX(id) FROM leasing_payments));

-- ============================================================================
-- LOANS (2 loans)
-- ============================================================================
INSERT INTO loans (id, name, loan_number, principal_amount, interest_rate, duration_months, start_date, status, lender, description) VALUES
(1, 'Coffee Shop Startup Loan', 'LOAN-001', 40000.00, 6.50, 60, '2024-01-01', 'active', 'Bank 1', 'Coffee Shop Startup Loan description'),
(2, 'Equipment Financing', 'LOAN-002', 25000.00, 5.50, 36, '2024-02-01', 'active', 'Bank 2', 'Equipment Financing description');
SELECT setval('loans_id_seq', (SELECT MAX(id) FROM loans));

-- ============================================================================
-- LOAN SCHEDULES
-- ============================================================================
INSERT INTO loan_schedules (id, loan_id, month, payment_date, principal_payment, interest_payment, total_payment, remaining_balance, is_paid, paid_date) VALUES
(1, 1, 1, '2024-01-01', 565.98, 216.67, 782.65, 39434.02, true, '2024-01-01'),
(2, 1, 2, '2024-01-31', 569.04, 213.60, 782.65, 38864.98, true, '2024-01-31'),
(3, 1, 3, '2024-03-01', 572.13, 210.52, 782.65, 38292.85, true, '2024-03-01'),
(4, 1, 4, '2024-03-31', 575.23, 207.42, 782.65, 37717.62, true, '2024-03-31'),
(5, 1, 5, '2024-04-30', 578.34, 204.30, 782.65, 37139.28, true, '2024-04-30'),
(6, 1, 6, '2024-05-30', 581.47, 201.17, 782.65, 36557.81, true, '2024-05-30'),
(7, 1, 7, '2024-06-29', 584.62, 198.02, 782.65, 35973.18, true, '2024-06-29'),
(8, 1, 8, '2024-07-29', 587.79, 194.85, 782.65, 35385.39, true, '2024-07-29'),
(9, 1, 9, '2024-08-28', 590.98, 191.67, 782.65, 34794.41, true, '2024-08-28'),
(10, 1, 10, '2024-09-27', 594.18, 188.47, 782.65, 34200.24, true, '2024-09-27'),
(11, 1, 11, '2024-10-27', 597.39, 185.25, 782.65, 33602.84, true, '2024-10-27'),
(12, 1, 12, '2024-11-26', 600.63, 182.02, 782.65, 33002.21, true, '2024-11-26'),
(13, 1, 13, '2024-12-26', 603.88, 178.76, 782.65, 32398.33, false, NULL),
(14, 1, 14, '2025-01-25', 607.15, 175.49, 782.65, 31791.17, false, NULL),
(15, 1, 15, '2025-02-24', 610.44, 172.20, 782.65, 31180.73, false, NULL),
(16, 1, 16, '2025-03-26', 613.75, 168.90, 782.65, 30566.98, false, NULL),
(17, 1, 17, '2025-04-25', 617.07, 165.57, 782.65, 29949.91, false, NULL),
(18, 1, 18, '2025-05-25', 620.42, 162.23, 782.65, 29329.49, false, NULL),
(19, 1, 19, '2025-06-24', 623.78, 158.87, 782.65, 28705.71, false, NULL),
(20, 1, 20, '2025-07-24', 627.16, 155.49, 782.65, 28078.55, false, NULL),
(21, 1, 21, '2025-08-23', 630.55, 152.09, 782.65, 27448.00, false, NULL),
(22, 1, 22, '2025-09-22', 633.97, 148.68, 782.65, 26814.03, false, NULL),
(23, 1, 23, '2025-10-22', 637.40, 145.24, 782.65, 26176.63, false, NULL),
(24, 1, 24, '2025-11-21', 640.86, 141.79, 782.65, 25535.77, false, NULL),
(25, 2, 1, '2024-02-01', 640.31, 114.58, 754.90, 24359.69, true, '2024-02-01'),
(26, 2, 2, '2024-03-02', 643.25, 111.65, 754.90, 23716.44, true, '2024-03-02'),
(27, 2, 3, '2024-04-01', 646.20, 108.70, 754.90, 23070.24, true, '2024-04-01'),
(28, 2, 4, '2024-05-01', 649.16, 105.74, 754.90, 22421.08, true, '2024-05-01'),
(29, 2, 5, '2024-05-31', 652.13, 102.76, 754.90, 21768.95, true, '2024-05-31'),
(30, 2, 6, '2024-06-30', 655.12, 99.77, 754.90, 21113.82, true, '2024-06-30'),
(31, 2, 7, '2024-07-30', 658.13, 96.77, 754.90, 20455.70, true, '2024-07-30'),
(32, 2, 8, '2024-08-29', 661.14, 93.76, 754.90, 19794.56, true, '2024-08-29'),
(33, 2, 9, '2024-09-28', 664.17, 90.73, 754.90, 19130.38, true, '2024-09-28'),
(34, 2, 10, '2024-10-28', 667.22, 87.68, 754.90, 18463.17, true, '2024-10-28'),
(35, 2, 11, '2024-11-27', 670.27, 84.62, 754.90, 17792.89, true, '2024-11-27'),
(36, 2, 12, '2024-12-27', 673.35, 81.55, 754.90, 17119.54, true, '2024-12-27'),
(37, 2, 13, '2025-01-26', 676.43, 78.46, 754.90, 16443.11, false, NULL),
(38, 2, 14, '2025-02-25', 679.53, 75.36, 754.90, 15763.58, false, NULL),
(39, 2, 15, '2025-03-27', 682.65, 72.25, 754.90, 15080.93, false, NULL),
(40, 2, 16, '2025-04-26', 685.78, 69.12, 754.90, 14395.15, false, NULL),
(41, 2, 17, '2025-05-26', 688.92, 65.98, 754.90, 13706.23, false, NULL),
(42, 2, 18, '2025-06-25', 692.08, 62.82, 754.90, 13014.16, false, NULL),
(43, 2, 19, '2025-07-25', 695.25, 59.65, 754.90, 12318.91, false, NULL),
(44, 2, 20, '2025-08-24', 698.44, 56.46, 754.90, 11620.47, false, NULL),
(45, 2, 21, '2025-09-23', 701.64, 53.26, 754.90, 10918.83, false, NULL),
(46, 2, 22, '2025-10-23', 704.85, 50.04, 754.90, 10213.98, false, NULL),
(47, 2, 23, '2025-11-22', 708.08, 46.81, 754.90, 9505.90, false, NULL),
(48, 2, 24, '2025-12-22', 711.33, 43.57, 754.90, 8794.57, false, NULL);
SELECT setval('loan_schedules_id_seq', (SELECT MAX(id) FROM loan_schedules));

-- ============================================================================
-- PERSONNEL (24 personnel records)
-- ============================================================================
INSERT INTO personnel (id, first_name, last_name, email, position, type, base_salary, employer_charges, employer_charges_type, start_date, end_date, is_active, notes) VALUES
(1, 'Ahmed', 'Ben Ali', 'ahmed.benali@coffeeshop.com', 'Barista', 'full_time', 1400.00, 262.50, 'percentage', '2024-01-01', NULL, true, NULL),
(2, 'Fatima', 'Trabelsi', 'fatima.trabelsi@coffeeshop.com', 'Barista', 'full_time', 1400.00, 262.50, 'percentage', '2024-02-01', NULL, true, NULL),
(3, 'Mohamed', 'Jebali', 'mohamed.jebali@coffeeshop.com', 'Barista', 'full_time', 1400.00, 262.50, 'percentage', '2024-03-01', NULL, true, NULL),
(4, 'Salma', 'Khelifi', 'salma.khelifi@coffeeshop.com', 'Senior Barista', 'full_time', 1600.00, 300.00, 'percentage', '2024-04-01', NULL, true, NULL),
(5, 'Youssef', 'Mansouri', 'youssef.mansouri@coffeeshop.com', 'Senior Barista', 'full_time', 1600.00, 300.00, 'percentage', '2024-05-01', NULL, true, NULL),
(6, 'Amira', 'Bouazizi', 'amira.bouazizi@coffeeshop.com', 'Senior Barista', 'full_time', 1600.00, 300.00, 'percentage', '2024-06-01', NULL, true, NULL),
(7, 'Karim', 'Hamdi', 'karim.hamdi@coffeeshop.com', 'Shift Manager', 'full_time', 2000.00, 375.00, 'percentage', '2024-07-01', NULL, true, NULL),
(8, 'Leila', 'Slimani', 'leila.slimani@coffeeshop.com', 'Shift Manager', 'full_time', 2000.00, 375.00, 'percentage', '2024-08-01', NULL, true, NULL),
(9, 'Hassan', 'Mezghani', 'hassan.mezghani@coffeeshop.com', 'Shift Manager', 'full_time', 2000.00, 375.00, 'percentage', '2024-09-01', NULL, true, NULL),
(10, 'Nour', 'Ben Ammar', 'nour.benammar@coffeeshop.com', 'Store Manager', 'full_time', 2800.00, 525.00, 'percentage', '2024-10-01', NULL, true, NULL),
(11, 'Omar', 'Chaabane', 'omar.chaabane@coffeeshop.com', 'Store Manager', 'full_time', 2800.00, 525.00, 'percentage', '2024-11-01', NULL, true, NULL),
(12, 'Ines', 'Ghanmi', 'ines.ghanmi@coffeeshop.com', 'Store Manager', 'full_time', 2800.00, 525.00, 'percentage', '2024-12-01', NULL, true, NULL),
(13, 'Mehdi', 'Bouslama', 'mehdi.bouslama@coffeeshop.com', 'Cashier', 'part_time', 1200.00, 225.00, 'percentage', '2024-01-01', NULL, true, NULL),
(14, 'Sana', 'Fadhel', 'sana.fadhel@coffeeshop.com', 'Cashier', 'part_time', 1200.00, 225.00, 'percentage', '2024-02-01', NULL, true, NULL),
(15, 'Tarek', 'Khelil', 'tarek.khelil@coffeeshop.com', 'Cashier', 'part_time', 1200.00, 225.00, 'percentage', '2024-03-01', NULL, true, NULL),
(16, 'Ahmed', 'Ben Ali', 'ahmed.benali@coffeeshop.com', 'Kitchen Assistant', 'part_time', 1100.00, 206.25, 'percentage', '2024-04-01', NULL, true, NULL),
(17, 'Fatima', 'Trabelsi', 'fatima.trabelsi@coffeeshop.com', 'Kitchen Assistant', 'part_time', 1100.00, 206.25, 'percentage', '2024-05-01', NULL, true, NULL),
(18, 'Mohamed', 'Jebali', 'mohamed.jebali@coffeeshop.com', 'Kitchen Assistant', 'part_time', 1100.00, 206.25, 'percentage', '2024-06-01', NULL, true, NULL),
(19, 'Salma', 'Khelifi', 'salma.khelifi@coffeeshop.com', 'Delivery Driver', 'part_time', 1300.00, 243.75, 'percentage', '2024-07-01', NULL, true, NULL),
(20, 'Youssef', 'Mansouri', 'youssef.mansouri@coffeeshop.com', 'Delivery Driver', 'part_time', 1300.00, 243.75, 'percentage', '2024-08-01', NULL, true, NULL),
(21, 'Amira', 'Bouazizi', 'amira.bouazizi@coffeeshop.com', 'Delivery Driver', 'part_time', 1300.00, 243.75, 'percentage', '2024-09-01', NULL, true, NULL),
(22, 'Karim', 'Hamdi', 'karim.hamdi@coffeeshop.com', 'Cleaning Staff', 'part_time', 1000.00, 187.50, 'percentage', '2024-10-01', NULL, true, NULL),
(23, 'Leila', 'Slimani', 'leila.slimani@coffeeshop.com', 'Cleaning Staff', 'part_time', 1000.00, 187.50, 'percentage', '2024-11-01', NULL, true, NULL),
(24, 'Hassan', 'Mezghani', 'hassan.mezghani@coffeeshop.com', 'Cleaning Staff', 'part_time', 1000.00, 187.50, 'percentage', '2024-12-01', NULL, true, NULL);
SELECT setval('personnel_id_seq', (SELECT MAX(id) FROM personnel));

-- ============================================================================
-- SALES (2 years: 2024-2025)
-- ============================================================================
-- Generating 4741 sales records...
INSERT INTO sales (id, date, type, amount, quantity, description) VALUES
(1, '2024-01-01', 'delivery', 351.00, 2, NULL),
(2, '2024-01-01', 'takeaway', 122.00, 3, NULL),
(3, '2024-01-01', 'on_site', 653.00, 1, NULL),
(4, '2024-01-01', 'delivery', 354.00, 2, NULL),
(5, '2024-01-01', 'takeaway', 125.00, 3, NULL),
(6, '2024-01-01', 'on_site', 656.00, 1, NULL),
(7, '2024-01-01', 'delivery', 357.00, 2, NULL),
(8, '2024-01-02', 'takeaway', 128.00, 3, NULL),
(9, '2024-01-02', 'on_site', 659.00, 1, NULL),
(10, '2024-01-02', 'delivery', 360.00, 2, NULL),
(11, '2024-01-02', 'takeaway', 131.00, 3, NULL),
(12, '2024-01-02', 'on_site', 662.00, 1, NULL),
(13, '2024-01-02', 'delivery', 363.00, 2, NULL),
(14, '2024-01-02', 'takeaway', 134.00, 3, NULL),
(15, '2024-01-03', 'on_site', 665.00, 1, NULL),
(16, '2024-01-03', 'delivery', 366.00, 2, NULL),
(17, '2024-01-03', 'takeaway', 137.00, 3, NULL),
(18, '2024-01-03', 'on_site', 668.00, 1, NULL),
(19, '2024-01-03', 'delivery', 369.00, 2, NULL),
(20, '2024-01-03', 'takeaway', 140.00, 3, NULL),
(21, '2024-01-03', 'on_site', 671.00, 1, NULL),
(22, '2024-01-04', 'delivery', 372.00, 2, NULL),
(23, '2024-01-04', 'takeaway', 143.00, 3, NULL),
(24, '2024-01-04', 'on_site', 674.00, 1, NULL),
(25, '2024-01-04', 'delivery', 375.00, 2, NULL),
(26, '2024-01-04', 'takeaway', 146.00, 3, NULL),
(27, '2024-01-04', 'on_site', 677.00, 1, NULL),
(28, '2024-01-04', 'delivery', 378.00, 2, NULL),
(29, '2024-01-05', 'takeaway', 149.00, 3, NULL),
(30, '2024-01-05', 'on_site', 680.00, 1, NULL),
(31, '2024-01-05', 'delivery', 381.00, 2, NULL),
(32, '2024-01-05', 'takeaway', 152.00, 3, NULL),
(33, '2024-01-05', 'on_site', 683.00, 1, NULL),
(34, '2024-01-05', 'delivery', 384.00, 2, NULL),
(35, '2024-01-05', 'takeaway', 155.00, 3, NULL),
(36, '2024-01-06', 'on_site', 788.90, 1, 'Weekend sale'),
(37, '2024-01-06', 'delivery', 445.05, 2, 'Weekend sale'),
(38, '2024-01-06', 'takeaway', 181.70, 3, 'Weekend sale'),
(39, '2024-01-06', 'on_site', 792.35, 1, 'Weekend sale'),
(40, '2024-01-06', 'delivery', 448.50, 2, 'Weekend sale'),
(41, '2024-01-07', 'takeaway', 185.15, 3, 'Weekend sale'),
(42, '2024-01-07', 'on_site', 795.80, 1, 'Weekend sale'),
(43, '2024-01-07', 'delivery', 451.95, 2, 'Weekend sale'),
(44, '2024-01-07', 'takeaway', 188.60, 3, 'Weekend sale'),
(45, '2024-01-07', 'on_site', 799.25, 1, 'Weekend sale'),
(46, '2024-01-08', 'delivery', 396.00, 2, NULL),
(47, '2024-01-08', 'takeaway', 167.00, 3, NULL),
(48, '2024-01-08', 'on_site', 698.00, 1, NULL),
(49, '2024-01-08', 'delivery', 399.00, 2, NULL),
(50, '2024-01-08', 'takeaway', 170.00, 3, 'Special promotion'),
(51, '2024-01-08', 'on_site', 701.00, 1, NULL),
(52, '2024-01-08', 'delivery', 402.00, 2, NULL),
(53, '2024-01-09', 'takeaway', 173.00, 3, NULL),
(54, '2024-01-09', 'on_site', 704.00, 1, NULL),
(55, '2024-01-09', 'delivery', 405.00, 2, NULL),
(56, '2024-01-09', 'takeaway', 176.00, 3, NULL),
(57, '2024-01-09', 'on_site', 707.00, 1, NULL),
(58, '2024-01-09', 'delivery', 408.00, 2, NULL),
(59, '2024-01-09', 'takeaway', 179.00, 3, NULL),
(60, '2024-01-10', 'on_site', 710.00, 1, NULL),
(61, '2024-01-10', 'delivery', 411.00, 2, NULL),
(62, '2024-01-10', 'takeaway', 182.00, 3, NULL),
(63, '2024-01-10', 'on_site', 713.00, 1, NULL),
(64, '2024-01-10', 'delivery', 414.00, 2, NULL),
(65, '2024-01-10', 'takeaway', 185.00, 3, NULL),
(66, '2024-01-10', 'on_site', 716.00, 1, NULL),
(67, '2024-01-11', 'delivery', 417.00, 2, NULL),
(68, '2024-01-11', 'takeaway', 188.00, 3, NULL),
(69, '2024-01-11', 'on_site', 719.00, 1, NULL),
(70, '2024-01-11', 'delivery', 420.00, 2, NULL),
(71, '2024-01-11', 'takeaway', 191.00, 3, NULL),
(72, '2024-01-11', 'on_site', 722.00, 1, NULL),
(73, '2024-01-11', 'delivery', 423.00, 2, NULL),
(74, '2024-01-12', 'takeaway', 194.00, 3, NULL),
(75, '2024-01-12', 'on_site', 725.00, 1, NULL),
(76, '2024-01-12', 'delivery', 426.00, 2, NULL),
(77, '2024-01-12', 'takeaway', 197.00, 3, NULL),
(78, '2024-01-12', 'on_site', 728.00, 1, NULL),
(79, '2024-01-12', 'delivery', 429.00, 2, NULL),
(80, '2024-01-12', 'takeaway', 200.00, 3, NULL),
(81, '2024-01-13', 'on_site', 840.65, 1, 'Weekend sale'),
(82, '2024-01-13', 'delivery', 496.80, 2, 'Weekend sale'),
(83, '2024-01-13', 'takeaway', 233.45, 3, 'Weekend sale'),
(84, '2024-01-13', 'on_site', 844.10, 1, 'Weekend sale'),
(85, '2024-01-13', 'delivery', 500.25, 2, 'Weekend sale'),
(86, '2024-01-14', 'takeaway', 236.90, 3, 'Weekend sale'),
(87, '2024-01-14', 'on_site', 847.55, 1, 'Weekend sale'),
(88, '2024-01-14', 'delivery', 503.70, 2, 'Weekend sale'),
(89, '2024-01-14', 'takeaway', 240.35, 3, 'Weekend sale'),
(90, '2024-01-14', 'on_site', 851.00, 1, 'Weekend sale'),
(91, '2024-01-15', 'delivery', 441.00, 2, NULL),
(92, '2024-01-15', 'takeaway', 212.00, 3, NULL),
(93, '2024-01-15', 'on_site', 743.00, 1, NULL),
(94, '2024-01-15', 'delivery', 444.00, 2, NULL),
(95, '2024-01-15', 'takeaway', 215.00, 3, NULL),
(96, '2024-01-15', 'on_site', 746.00, 1, NULL),
(97, '2024-01-15', 'delivery', 447.00, 2, NULL),
(98, '2024-01-16', 'takeaway', 218.00, 3, NULL),
(99, '2024-01-16', 'on_site', 749.00, 1, NULL),
(100, '2024-01-16', 'delivery', 450.00, 2, 'Special promotion'),
(101, '2024-01-16', 'takeaway', 221.00, 3, NULL),
(102, '2024-01-16', 'on_site', 752.00, 1, NULL),
(103, '2024-01-16', 'delivery', 453.00, 2, NULL),
(104, '2024-01-16', 'takeaway', 224.00, 3, NULL),
(105, '2024-01-17', 'on_site', 755.00, 1, NULL),
(106, '2024-01-17', 'delivery', 456.00, 2, NULL),
(107, '2024-01-17', 'takeaway', 227.00, 3, NULL),
(108, '2024-01-17', 'on_site', 758.00, 1, NULL),
(109, '2024-01-17', 'delivery', 459.00, 2, NULL),
(110, '2024-01-17', 'takeaway', 230.00, 3, NULL),
(111, '2024-01-17', 'on_site', 761.00, 1, NULL),
(112, '2024-01-18', 'delivery', 462.00, 2, NULL),
(113, '2024-01-18', 'takeaway', 233.00, 3, NULL),
(114, '2024-01-18', 'on_site', 764.00, 1, NULL),
(115, '2024-01-18', 'delivery', 465.00, 2, NULL),
(116, '2024-01-18', 'takeaway', 236.00, 3, NULL),
(117, '2024-01-18', 'on_site', 767.00, 1, NULL),
(118, '2024-01-18', 'delivery', 468.00, 2, NULL),
(119, '2024-01-19', 'takeaway', 239.00, 3, NULL),
(120, '2024-01-19', 'on_site', 770.00, 1, NULL),
(121, '2024-01-19', 'delivery', 471.00, 2, NULL),
(122, '2024-01-19', 'takeaway', 242.00, 3, NULL),
(123, '2024-01-19', 'on_site', 773.00, 1, NULL),
(124, '2024-01-19', 'delivery', 474.00, 2, NULL),
(125, '2024-01-19', 'takeaway', 245.00, 3, NULL),
(126, '2024-01-20', 'on_site', 892.40, 1, 'Weekend sale'),
(127, '2024-01-20', 'delivery', 548.55, 2, 'Weekend sale'),
(128, '2024-01-20', 'takeaway', 285.20, 3, 'Weekend sale'),
(129, '2024-01-20', 'on_site', 895.85, 1, 'Weekend sale'),
(130, '2024-01-20', 'delivery', 552.00, 2, 'Weekend sale'),
(131, '2024-01-21', 'takeaway', 288.65, 3, 'Weekend sale'),
(132, '2024-01-21', 'on_site', 899.30, 1, 'Weekend sale'),
(133, '2024-01-21', 'delivery', 555.45, 2, 'Weekend sale'),
(134, '2024-01-21', 'takeaway', 292.10, 3, 'Weekend sale'),
(135, '2024-01-21', 'on_site', 902.75, 1, 'Weekend sale'),
(136, '2024-01-22', 'delivery', 486.00, 2, NULL),
(137, '2024-01-22', 'takeaway', 257.00, 3, NULL),
(138, '2024-01-22', 'on_site', 788.00, 1, NULL),
(139, '2024-01-22', 'delivery', 489.00, 2, NULL),
(140, '2024-01-22', 'takeaway', 260.00, 3, NULL),
(141, '2024-01-22', 'on_site', 791.00, 1, NULL),
(142, '2024-01-22', 'delivery', 492.00, 2, NULL),
(143, '2024-01-23', 'takeaway', 263.00, 3, NULL),
(144, '2024-01-23', 'on_site', 794.00, 1, NULL),
(145, '2024-01-23', 'delivery', 495.00, 2, NULL),
(146, '2024-01-23', 'takeaway', 266.00, 3, NULL),
(147, '2024-01-23', 'on_site', 797.00, 1, NULL),
(148, '2024-01-23', 'delivery', 498.00, 2, NULL),
(149, '2024-01-23', 'takeaway', 269.00, 3, NULL),
(150, '2024-01-24', 'on_site', 800.00, 1, 'Special promotion'),
(151, '2024-01-24', 'delivery', 501.00, 2, NULL),
(152, '2024-01-24', 'takeaway', 272.00, 3, NULL),
(153, '2024-01-24', 'on_site', 803.00, 1, NULL),
(154, '2024-01-24', 'delivery', 504.00, 2, NULL),
(155, '2024-01-24', 'takeaway', 275.00, 3, NULL),
(156, '2024-01-24', 'on_site', 806.00, 1, NULL),
(157, '2024-01-25', 'delivery', 507.00, 2, NULL),
(158, '2024-01-25', 'takeaway', 278.00, 3, NULL),
(159, '2024-01-25', 'on_site', 809.00, 1, NULL),
(160, '2024-01-25', 'delivery', 510.00, 2, NULL),
(161, '2024-01-25', 'takeaway', 281.00, 3, NULL),
(162, '2024-01-25', 'on_site', 812.00, 1, NULL),
(163, '2024-01-25', 'delivery', 513.00, 2, NULL),
(164, '2024-01-26', 'takeaway', 284.00, 3, NULL),
(165, '2024-01-26', 'on_site', 815.00, 1, NULL),
(166, '2024-01-26', 'delivery', 516.00, 2, NULL),
(167, '2024-01-26', 'takeaway', 287.00, 3, NULL),
(168, '2024-01-26', 'on_site', 818.00, 1, NULL),
(169, '2024-01-26', 'delivery', 519.00, 2, NULL),
(170, '2024-01-26', 'takeaway', 290.00, 3, NULL),
(171, '2024-01-27', 'on_site', 944.15, 1, 'Weekend sale'),
(172, '2024-01-27', 'delivery', 600.30, 2, 'Weekend sale'),
(173, '2024-01-27', 'takeaway', 336.95, 3, 'Weekend sale'),
(174, '2024-01-27', 'on_site', 947.60, 1, 'Weekend sale'),
(175, '2024-01-27', 'delivery', 603.75, 2, 'Weekend sale'),
(176, '2024-01-28', 'takeaway', 340.40, 3, 'Weekend sale'),
(177, '2024-01-28', 'on_site', 951.05, 1, 'Weekend sale'),
(178, '2024-01-28', 'delivery', 607.20, 2, 'Weekend sale'),
(179, '2024-01-28', 'takeaway', 343.85, 3, 'Weekend sale'),
(180, '2024-01-28', 'on_site', 954.50, 1, 'Weekend sale'),
(181, '2024-01-29', 'delivery', 531.00, 2, NULL),
(182, '2024-01-29', 'takeaway', 302.00, 3, NULL),
(183, '2024-01-29', 'on_site', 833.00, 1, NULL),
(184, '2024-01-29', 'delivery', 534.00, 2, NULL),
(185, '2024-01-29', 'takeaway', 305.00, 3, NULL),
(186, '2024-01-29', 'on_site', 836.00, 1, NULL),
(187, '2024-01-29', 'delivery', 537.00, 2, NULL),
(188, '2024-01-30', 'takeaway', 308.00, 3, NULL),
(189, '2024-01-30', 'on_site', 839.00, 1, NULL),
(190, '2024-01-30', 'delivery', 540.00, 2, NULL),
(191, '2024-01-30', 'takeaway', 311.00, 3, NULL),
(192, '2024-01-30', 'on_site', 842.00, 1, NULL),
(193, '2024-01-30', 'delivery', 543.00, 2, NULL),
(194, '2024-01-30', 'takeaway', 314.00, 3, NULL),
(195, '2024-01-31', 'on_site', 845.00, 1, NULL),
(196, '2024-01-31', 'delivery', 546.00, 2, NULL),
(197, '2024-01-31', 'takeaway', 317.00, 3, NULL),
(198, '2024-01-31', 'on_site', 848.00, 1, NULL),
(199, '2024-01-31', 'delivery', 549.00, 2, NULL),
(200, '2024-01-31', 'takeaway', 320.00, 3, 'Special promotion'),
(201, '2024-01-31', 'on_site', 851.00, 1, NULL),
(202, '2024-02-01', 'delivery', 552.00, 2, NULL),
(203, '2024-02-01', 'takeaway', 323.00, 3, NULL),
(204, '2024-02-01', 'on_site', 854.00, 1, NULL),
(205, '2024-02-01', 'delivery', 555.00, 2, NULL),
(206, '2024-02-01', 'takeaway', 326.00, 3, NULL),
(207, '2024-02-01', 'on_site', 857.00, 1, NULL),
(208, '2024-02-01', 'delivery', 558.00, 2, NULL),
(209, '2024-02-02', 'takeaway', 329.00, 3, NULL),
(210, '2024-02-02', 'on_site', 860.00, 1, NULL),
(211, '2024-02-02', 'delivery', 561.00, 2, NULL),
(212, '2024-02-02', 'takeaway', 332.00, 3, NULL),
(213, '2024-02-02', 'on_site', 863.00, 1, NULL),
(214, '2024-02-02', 'delivery', 564.00, 2, NULL),
(215, '2024-02-02', 'takeaway', 335.00, 3, NULL),
(216, '2024-02-03', 'on_site', 995.90, 1, 'Weekend sale'),
(217, '2024-02-03', 'delivery', 652.05, 2, 'Weekend sale'),
(218, '2024-02-03', 'takeaway', 388.70, 3, 'Weekend sale'),
(219, '2024-02-03', 'on_site', 999.35, 1, 'Weekend sale'),
(220, '2024-02-03', 'delivery', 655.50, 2, 'Weekend sale'),
(221, '2024-02-04', 'takeaway', 392.15, 3, 'Weekend sale'),
(222, '2024-02-04', 'on_site', 1002.80, 1, 'Weekend sale'),
(223, '2024-02-04', 'delivery', 658.95, 2, 'Weekend sale'),
(224, '2024-02-04', 'takeaway', 395.60, 3, 'Weekend sale'),
(225, '2024-02-04', 'on_site', 1006.25, 1, 'Weekend sale'),
(226, '2024-02-05', 'delivery', 576.00, 2, NULL),
(227, '2024-02-05', 'takeaway', 347.00, 3, NULL),
(228, '2024-02-05', 'on_site', 878.00, 1, NULL),
(229, '2024-02-05', 'delivery', 579.00, 2, NULL),
(230, '2024-02-05', 'takeaway', 350.00, 3, NULL),
(231, '2024-02-05', 'on_site', 881.00, 1, NULL),
(232, '2024-02-05', 'delivery', 582.00, 2, NULL),
(233, '2024-02-06', 'takeaway', 353.00, 3, NULL),
(234, '2024-02-06', 'on_site', 884.00, 1, NULL),
(235, '2024-02-06', 'delivery', 585.00, 2, NULL),
(236, '2024-02-06', 'takeaway', 356.00, 3, NULL),
(237, '2024-02-06', 'on_site', 887.00, 1, NULL),
(238, '2024-02-06', 'delivery', 588.00, 2, NULL),
(239, '2024-02-06', 'takeaway', 359.00, 3, NULL),
(240, '2024-02-07', 'on_site', 890.00, 1, NULL),
(241, '2024-02-07', 'delivery', 591.00, 2, NULL),
(242, '2024-02-07', 'takeaway', 362.00, 3, NULL),
(243, '2024-02-07', 'on_site', 893.00, 1, NULL),
(244, '2024-02-07', 'delivery', 594.00, 2, NULL),
(245, '2024-02-07', 'takeaway', 365.00, 3, NULL),
(246, '2024-02-07', 'on_site', 896.00, 1, NULL),
(247, '2024-02-08', 'delivery', 597.00, 2, NULL),
(248, '2024-02-08', 'takeaway', 368.00, 3, NULL),
(249, '2024-02-08', 'on_site', 899.00, 1, NULL),
(250, '2024-02-08', 'delivery', 600.00, 2, 'Special promotion'),
(251, '2024-02-08', 'takeaway', 371.00, 3, NULL),
(252, '2024-02-08', 'on_site', 902.00, 1, NULL),
(253, '2024-02-08', 'delivery', 603.00, 2, NULL),
(254, '2024-02-09', 'takeaway', 374.00, 3, NULL),
(255, '2024-02-09', 'on_site', 905.00, 1, NULL),
(256, '2024-02-09', 'delivery', 606.00, 2, NULL),
(257, '2024-02-09', 'takeaway', 377.00, 3, NULL),
(258, '2024-02-09', 'on_site', 908.00, 1, NULL),
(259, '2024-02-09', 'delivery', 609.00, 2, NULL),
(260, '2024-02-09', 'takeaway', 380.00, 3, NULL),
(261, '2024-02-10', 'on_site', 1047.65, 1, 'Weekend sale'),
(262, '2024-02-10', 'delivery', 703.80, 2, 'Weekend sale'),
(263, '2024-02-10', 'takeaway', 440.45, 3, 'Weekend sale'),
(264, '2024-02-10', 'on_site', 1051.10, 1, 'Weekend sale'),
(265, '2024-02-10', 'delivery', 707.25, 2, 'Weekend sale'),
(266, '2024-02-11', 'takeaway', 443.90, 3, 'Weekend sale'),
(267, '2024-02-11', 'on_site', 1054.55, 1, 'Weekend sale'),
(268, '2024-02-11', 'delivery', 710.70, 2, 'Weekend sale'),
(269, '2024-02-11', 'takeaway', 447.35, 3, 'Weekend sale'),
(270, '2024-02-11', 'on_site', 1058.00, 1, 'Weekend sale'),
(271, '2024-02-12', 'delivery', 621.00, 2, NULL),
(272, '2024-02-12', 'takeaway', 392.00, 3, NULL),
(273, '2024-02-12', 'on_site', 923.00, 1, NULL),
(274, '2024-02-12', 'delivery', 624.00, 2, NULL),
(275, '2024-02-12', 'takeaway', 395.00, 3, NULL),
(276, '2024-02-12', 'on_site', 926.00, 1, NULL),
(277, '2024-02-12', 'delivery', 627.00, 2, NULL),
(278, '2024-02-13', 'takeaway', 398.00, 3, NULL),
(279, '2024-02-13', 'on_site', 929.00, 1, NULL),
(280, '2024-02-13', 'delivery', 630.00, 2, NULL),
(281, '2024-02-13', 'takeaway', 401.00, 3, NULL),
(282, '2024-02-13', 'on_site', 932.00, 1, NULL),
(283, '2024-02-13', 'delivery', 633.00, 2, NULL),
(284, '2024-02-13', 'takeaway', 404.00, 3, NULL),
(285, '2024-02-14', 'on_site', 935.00, 1, NULL),
(286, '2024-02-14', 'delivery', 636.00, 2, NULL),
(287, '2024-02-14', 'takeaway', 407.00, 3, NULL),
(288, '2024-02-14', 'on_site', 938.00, 1, NULL),
(289, '2024-02-14', 'delivery', 639.00, 2, NULL),
(290, '2024-02-14', 'takeaway', 410.00, 3, NULL),
(291, '2024-02-14', 'on_site', 941.00, 1, NULL),
(292, '2024-02-15', 'delivery', 642.00, 2, NULL),
(293, '2024-02-15', 'takeaway', 413.00, 3, NULL),
(294, '2024-02-15', 'on_site', 944.00, 1, NULL),
(295, '2024-02-15', 'delivery', 645.00, 2, NULL),
(296, '2024-02-15', 'takeaway', 416.00, 3, NULL),
(297, '2024-02-15', 'on_site', 947.00, 1, NULL),
(298, '2024-02-15', 'delivery', 648.00, 2, NULL),
(299, '2024-02-16', 'takeaway', 419.00, 3, NULL),
(300, '2024-02-16', 'on_site', 950.00, 1, 'Special promotion'),
(301, '2024-02-16', 'delivery', 651.00, 2, NULL),
(302, '2024-02-16', 'takeaway', 422.00, 3, NULL),
(303, '2024-02-16', 'on_site', 953.00, 1, NULL),
(304, '2024-02-16', 'delivery', 654.00, 2, NULL),
(305, '2024-02-16', 'takeaway', 425.00, 3, NULL),
(306, '2024-02-17', 'on_site', 1099.40, 1, 'Weekend sale'),
(307, '2024-02-17', 'delivery', 755.55, 2, 'Weekend sale'),
(308, '2024-02-17', 'takeaway', 492.20, 3, 'Weekend sale'),
(309, '2024-02-17', 'on_site', 1102.85, 1, 'Weekend sale'),
(310, '2024-02-17', 'delivery', 759.00, 2, 'Weekend sale'),
(311, '2024-02-18', 'takeaway', 495.65, 3, 'Weekend sale'),
(312, '2024-02-18', 'on_site', 1106.30, 1, 'Weekend sale'),
(313, '2024-02-18', 'delivery', 762.45, 2, 'Weekend sale'),
(314, '2024-02-18', 'takeaway', 499.10, 3, 'Weekend sale'),
(315, '2024-02-18', 'on_site', 1109.75, 1, 'Weekend sale'),
(316, '2024-02-19', 'delivery', 666.00, 2, NULL),
(317, '2024-02-19', 'takeaway', 437.00, 3, NULL),
(318, '2024-02-19', 'on_site', 968.00, 1, NULL),
(319, '2024-02-19', 'delivery', 669.00, 2, NULL),
(320, '2024-02-19', 'takeaway', 440.00, 3, NULL),
(321, '2024-02-19', 'on_site', 971.00, 1, NULL),
(322, '2024-02-19', 'delivery', 672.00, 2, NULL),
(323, '2024-02-20', 'takeaway', 443.00, 3, NULL),
(324, '2024-02-20', 'on_site', 974.00, 1, NULL),
(325, '2024-02-20', 'delivery', 675.00, 2, NULL),
(326, '2024-02-20', 'takeaway', 446.00, 3, NULL),
(327, '2024-02-20', 'on_site', 977.00, 1, NULL),
(328, '2024-02-20', 'delivery', 678.00, 2, NULL),
(329, '2024-02-20', 'takeaway', 449.00, 3, NULL),
(330, '2024-02-21', 'on_site', 980.00, 1, NULL),
(331, '2024-02-21', 'delivery', 681.00, 2, NULL),
(332, '2024-02-21', 'takeaway', 452.00, 3, NULL),
(333, '2024-02-21', 'on_site', 983.00, 1, NULL),
(334, '2024-02-21', 'delivery', 684.00, 2, NULL),
(335, '2024-02-21', 'takeaway', 455.00, 3, NULL),
(336, '2024-02-21', 'on_site', 986.00, 1, NULL),
(337, '2024-02-22', 'delivery', 687.00, 2, NULL),
(338, '2024-02-22', 'takeaway', 458.00, 3, NULL),
(339, '2024-02-22', 'on_site', 989.00, 1, NULL),
(340, '2024-02-22', 'delivery', 690.00, 2, NULL),
(341, '2024-02-22', 'takeaway', 461.00, 3, NULL),
(342, '2024-02-22', 'on_site', 992.00, 1, NULL),
(343, '2024-02-22', 'delivery', 693.00, 2, NULL),
(344, '2024-02-23', 'takeaway', 464.00, 3, NULL),
(345, '2024-02-23', 'on_site', 995.00, 1, NULL),
(346, '2024-02-23', 'delivery', 696.00, 2, NULL),
(347, '2024-02-23', 'takeaway', 467.00, 3, NULL),
(348, '2024-02-23', 'on_site', 998.00, 1, NULL),
(349, '2024-02-23', 'delivery', 699.00, 2, NULL),
(350, '2024-02-23', 'takeaway', 470.00, 3, 'Special promotion'),
(351, '2024-02-24', 'on_site', 1151.15, 1, 'Weekend sale'),
(352, '2024-02-24', 'delivery', 807.30, 2, 'Weekend sale'),
(353, '2024-02-24', 'takeaway', 543.95, 3, 'Weekend sale'),
(354, '2024-02-24', 'on_site', 1154.60, 1, 'Weekend sale'),
(355, '2024-02-24', 'delivery', 810.75, 2, 'Weekend sale'),
(356, '2024-02-25', 'takeaway', 547.40, 3, 'Weekend sale'),
(357, '2024-02-25', 'on_site', 1158.05, 1, 'Weekend sale'),
(358, '2024-02-25', 'delivery', 814.20, 2, 'Weekend sale'),
(359, '2024-02-25', 'takeaway', 550.85, 3, 'Weekend sale'),
(360, '2024-02-25', 'on_site', 1161.50, 1, 'Weekend sale'),
(361, '2024-02-26', 'delivery', 711.00, 2, NULL),
(362, '2024-02-26', 'takeaway', 482.00, 3, NULL),
(363, '2024-02-26', 'on_site', 1013.00, 1, NULL),
(364, '2024-02-26', 'delivery', 714.00, 2, NULL),
(365, '2024-02-26', 'takeaway', 485.00, 3, NULL),
(366, '2024-02-26', 'on_site', 1016.00, 1, NULL),
(367, '2024-02-26', 'delivery', 717.00, 2, NULL),
(368, '2024-02-27', 'takeaway', 488.00, 3, NULL),
(369, '2024-02-27', 'on_site', 1019.00, 1, NULL),
(370, '2024-02-27', 'delivery', 720.00, 2, NULL),
(371, '2024-02-27', 'takeaway', 491.00, 3, NULL),
(372, '2024-02-27', 'on_site', 1022.00, 1, NULL),
(373, '2024-02-27', 'delivery', 723.00, 2, NULL),
(374, '2024-02-27', 'takeaway', 494.00, 3, NULL),
(375, '2024-02-28', 'on_site', 1025.00, 1, NULL),
(376, '2024-02-28', 'delivery', 726.00, 2, NULL),
(377, '2024-02-28', 'takeaway', 497.00, 3, NULL),
(378, '2024-02-28', 'on_site', 1028.00, 1, NULL),
(379, '2024-02-28', 'delivery', 729.00, 2, NULL),
(380, '2024-02-28', 'takeaway', 500.00, 3, NULL),
(381, '2024-02-28', 'on_site', 1031.00, 1, NULL),
(382, '2024-02-29', 'delivery', 732.00, 2, NULL),
(383, '2024-02-29', 'takeaway', 503.00, 3, NULL),
(384, '2024-02-29', 'on_site', 1034.00, 1, NULL),
(385, '2024-02-29', 'delivery', 735.00, 2, NULL),
(386, '2024-02-29', 'takeaway', 506.00, 3, NULL),
(387, '2024-02-29', 'on_site', 1037.00, 1, NULL),
(388, '2024-02-29', 'delivery', 738.00, 2, NULL),
(389, '2024-03-01', 'takeaway', 509.00, 3, NULL),
(390, '2024-03-01', 'on_site', 1040.00, 1, NULL),
(391, '2024-03-01', 'delivery', 741.00, 2, NULL),
(392, '2024-03-01', 'takeaway', 512.00, 3, NULL),
(393, '2024-03-01', 'on_site', 1043.00, 1, NULL),
(394, '2024-03-01', 'delivery', 744.00, 2, NULL),
(395, '2024-03-01', 'takeaway', 515.00, 3, NULL),
(396, '2024-03-02', 'on_site', 1202.90, 1, 'Weekend sale'),
(397, '2024-03-02', 'delivery', 859.05, 2, 'Weekend sale'),
(398, '2024-03-02', 'takeaway', 595.70, 3, 'Weekend sale'),
(399, '2024-03-02', 'on_site', 1206.35, 1, 'Weekend sale'),
(400, '2024-03-02', 'delivery', 402.50, 2, 'Weekend sale'),
(401, '2024-03-03', 'takeaway', 139.15, 3, 'Weekend sale'),
(402, '2024-03-03', 'on_site', 749.80, 1, 'Weekend sale'),
(403, '2024-03-03', 'delivery', 405.95, 2, 'Weekend sale'),
(404, '2024-03-03', 'takeaway', 142.60, 3, 'Weekend sale'),
(405, '2024-03-03', 'on_site', 753.25, 1, 'Weekend sale'),
(406, '2024-03-04', 'delivery', 356.00, 2, NULL),
(407, '2024-03-04', 'takeaway', 127.00, 3, NULL),
(408, '2024-03-04', 'on_site', 658.00, 1, NULL),
(409, '2024-03-04', 'delivery', 359.00, 2, NULL),
(410, '2024-03-04', 'takeaway', 130.00, 3, NULL),
(411, '2024-03-04', 'on_site', 661.00, 1, NULL),
(412, '2024-03-04', 'delivery', 362.00, 2, NULL),
(413, '2024-03-05', 'takeaway', 133.00, 3, NULL),
(414, '2024-03-05', 'on_site', 664.00, 1, NULL),
(415, '2024-03-05', 'delivery', 365.00, 2, NULL),
(416, '2024-03-05', 'takeaway', 136.00, 3, NULL),
(417, '2024-03-05', 'on_site', 667.00, 1, NULL),
(418, '2024-03-05', 'delivery', 368.00, 2, NULL),
(419, '2024-03-05', 'takeaway', 139.00, 3, NULL),
(420, '2024-03-06', 'on_site', 670.00, 1, NULL),
(421, '2024-03-06', 'delivery', 371.00, 2, NULL),
(422, '2024-03-06', 'takeaway', 142.00, 3, NULL),
(423, '2024-03-06', 'on_site', 673.00, 1, NULL),
(424, '2024-03-06', 'delivery', 374.00, 2, NULL),
(425, '2024-03-06', 'takeaway', 145.00, 3, NULL),
(426, '2024-03-06', 'on_site', 676.00, 1, NULL),
(427, '2024-03-07', 'delivery', 377.00, 2, NULL),
(428, '2024-03-07', 'takeaway', 148.00, 3, NULL),
(429, '2024-03-07', 'on_site', 679.00, 1, NULL),
(430, '2024-03-07', 'delivery', 380.00, 2, NULL),
(431, '2024-03-07', 'takeaway', 151.00, 3, NULL),
(432, '2024-03-07', 'on_site', 682.00, 1, NULL),
(433, '2024-03-07', 'delivery', 383.00, 2, NULL),
(434, '2024-03-08', 'takeaway', 154.00, 3, NULL),
(435, '2024-03-08', 'on_site', 685.00, 1, NULL),
(436, '2024-03-08', 'delivery', 386.00, 2, NULL),
(437, '2024-03-08', 'takeaway', 157.00, 3, NULL),
(438, '2024-03-08', 'on_site', 688.00, 1, NULL),
(439, '2024-03-08', 'delivery', 389.00, 2, NULL),
(440, '2024-03-08', 'takeaway', 160.00, 3, NULL),
(441, '2024-03-09', 'on_site', 794.65, 1, 'Weekend sale'),
(442, '2024-03-09', 'delivery', 450.80, 2, 'Weekend sale'),
(443, '2024-03-09', 'takeaway', 187.45, 3, 'Weekend sale'),
(444, '2024-03-09', 'on_site', 798.10, 1, 'Weekend sale'),
(445, '2024-03-09', 'delivery', 454.25, 2, 'Weekend sale'),
(446, '2024-03-10', 'takeaway', 190.90, 3, 'Weekend sale'),
(447, '2024-03-10', 'on_site', 801.55, 1, 'Weekend sale'),
(448, '2024-03-10', 'delivery', 457.70, 2, 'Weekend sale'),
(449, '2024-03-10', 'takeaway', 194.35, 3, 'Weekend sale'),
(450, '2024-03-10', 'on_site', 805.00, 1, 'Weekend sale'),
(451, '2024-03-11', 'delivery', 401.00, 2, NULL),
(452, '2024-03-11', 'takeaway', 172.00, 3, NULL),
(453, '2024-03-11', 'on_site', 703.00, 1, NULL),
(454, '2024-03-11', 'delivery', 404.00, 2, NULL),
(455, '2024-03-11', 'takeaway', 175.00, 3, NULL),
(456, '2024-03-11', 'on_site', 706.00, 1, NULL),
(457, '2024-03-11', 'delivery', 407.00, 2, NULL),
(458, '2024-03-12', 'takeaway', 178.00, 3, NULL),
(459, '2024-03-12', 'on_site', 709.00, 1, NULL),
(460, '2024-03-12', 'delivery', 410.00, 2, NULL),
(461, '2024-03-12', 'takeaway', 181.00, 3, NULL),
(462, '2024-03-12', 'on_site', 712.00, 1, NULL),
(463, '2024-03-12', 'delivery', 413.00, 2, NULL),
(464, '2024-03-12', 'takeaway', 184.00, 3, NULL),
(465, '2024-03-13', 'on_site', 715.00, 1, NULL),
(466, '2024-03-13', 'delivery', 416.00, 2, NULL),
(467, '2024-03-13', 'takeaway', 187.00, 3, NULL),
(468, '2024-03-13', 'on_site', 718.00, 1, NULL),
(469, '2024-03-13', 'delivery', 419.00, 2, NULL),
(470, '2024-03-13', 'takeaway', 190.00, 3, NULL),
(471, '2024-03-13', 'on_site', 721.00, 1, NULL),
(472, '2024-03-14', 'delivery', 422.00, 2, NULL),
(473, '2024-03-14', 'takeaway', 193.00, 3, NULL),
(474, '2024-03-14', 'on_site', 724.00, 1, NULL),
(475, '2024-03-14', 'delivery', 425.00, 2, NULL),
(476, '2024-03-14', 'takeaway', 196.00, 3, NULL),
(477, '2024-03-14', 'on_site', 727.00, 1, NULL),
(478, '2024-03-14', 'delivery', 428.00, 2, NULL),
(479, '2024-03-15', 'takeaway', 199.00, 3, NULL),
(480, '2024-03-15', 'on_site', 730.00, 1, NULL),
(481, '2024-03-15', 'delivery', 431.00, 2, NULL),
(482, '2024-03-15', 'takeaway', 202.00, 3, NULL),
(483, '2024-03-15', 'on_site', 733.00, 1, NULL),
(484, '2024-03-15', 'delivery', 434.00, 2, NULL),
(485, '2024-03-15', 'takeaway', 205.00, 3, NULL),
(486, '2024-03-16', 'on_site', 846.40, 1, 'Weekend sale'),
(487, '2024-03-16', 'delivery', 502.55, 2, 'Weekend sale'),
(488, '2024-03-16', 'takeaway', 239.20, 3, 'Weekend sale'),
(489, '2024-03-16', 'on_site', 849.85, 1, 'Weekend sale'),
(490, '2024-03-16', 'delivery', 506.00, 2, 'Weekend sale'),
(491, '2024-03-17', 'takeaway', 242.65, 3, 'Weekend sale'),
(492, '2024-03-17', 'on_site', 853.30, 1, 'Weekend sale'),
(493, '2024-03-17', 'delivery', 509.45, 2, 'Weekend sale'),
(494, '2024-03-17', 'takeaway', 246.10, 3, 'Weekend sale'),
(495, '2024-03-17', 'on_site', 856.75, 1, 'Weekend sale'),
(496, '2024-03-18', 'delivery', 446.00, 2, NULL),
(497, '2024-03-18', 'takeaway', 217.00, 3, NULL),
(498, '2024-03-18', 'on_site', 748.00, 1, NULL),
(499, '2024-03-18', 'delivery', 449.00, 2, NULL),
(500, '2024-03-18', 'takeaway', 220.00, 3, 'Special promotion');

INSERT INTO sales (id, date, type, amount, quantity, description) VALUES
(501, '2024-03-18', 'on_site', 751.00, 1, NULL),
(502, '2024-03-18', 'delivery', 452.00, 2, NULL),
(503, '2024-03-19', 'takeaway', 223.00, 3, NULL),
(504, '2024-03-19', 'on_site', 754.00, 1, NULL),
(505, '2024-03-19', 'delivery', 455.00, 2, NULL),
(506, '2024-03-19', 'takeaway', 226.00, 3, NULL),
(507, '2024-03-19', 'on_site', 757.00, 1, NULL),
(508, '2024-03-19', 'delivery', 458.00, 2, NULL),
(509, '2024-03-19', 'takeaway', 229.00, 3, NULL),
(510, '2024-03-20', 'on_site', 760.00, 1, NULL),
(511, '2024-03-20', 'delivery', 461.00, 2, NULL),
(512, '2024-03-20', 'takeaway', 232.00, 3, NULL),
(513, '2024-03-20', 'on_site', 763.00, 1, NULL),
(514, '2024-03-20', 'delivery', 464.00, 2, NULL),
(515, '2024-03-20', 'takeaway', 235.00, 3, NULL),
(516, '2024-03-20', 'on_site', 766.00, 1, NULL),
(517, '2024-03-21', 'delivery', 467.00, 2, NULL),
(518, '2024-03-21', 'takeaway', 238.00, 3, NULL),
(519, '2024-03-21', 'on_site', 769.00, 1, NULL),
(520, '2024-03-21', 'delivery', 470.00, 2, NULL),
(521, '2024-03-21', 'takeaway', 241.00, 3, NULL),
(522, '2024-03-21', 'on_site', 772.00, 1, NULL),
(523, '2024-03-21', 'delivery', 473.00, 2, NULL),
(524, '2024-03-22', 'takeaway', 244.00, 3, NULL),
(525, '2024-03-22', 'on_site', 775.00, 1, NULL),
(526, '2024-03-22', 'delivery', 476.00, 2, NULL),
(527, '2024-03-22', 'takeaway', 247.00, 3, NULL),
(528, '2024-03-22', 'on_site', 778.00, 1, NULL),
(529, '2024-03-22', 'delivery', 479.00, 2, NULL),
(530, '2024-03-22', 'takeaway', 250.00, 3, NULL),
(531, '2024-03-23', 'on_site', 898.15, 1, 'Weekend sale'),
(532, '2024-03-23', 'delivery', 554.30, 2, 'Weekend sale'),
(533, '2024-03-23', 'takeaway', 290.95, 3, 'Weekend sale'),
(534, '2024-03-23', 'on_site', 901.60, 1, 'Weekend sale'),
(535, '2024-03-23', 'delivery', 557.75, 2, 'Weekend sale'),
(536, '2024-03-24', 'takeaway', 294.40, 3, 'Weekend sale'),
(537, '2024-03-24', 'on_site', 905.05, 1, 'Weekend sale'),
(538, '2024-03-24', 'delivery', 561.20, 2, 'Weekend sale'),
(539, '2024-03-24', 'takeaway', 297.85, 3, 'Weekend sale'),
(540, '2024-03-24', 'on_site', 908.50, 1, 'Weekend sale'),
(541, '2024-03-25', 'delivery', 491.00, 2, NULL),
(542, '2024-03-25', 'takeaway', 262.00, 3, NULL),
(543, '2024-03-25', 'on_site', 793.00, 1, NULL),
(544, '2024-03-25', 'delivery', 494.00, 2, NULL),
(545, '2024-03-25', 'takeaway', 265.00, 3, NULL),
(546, '2024-03-25', 'on_site', 796.00, 1, NULL),
(547, '2024-03-25', 'delivery', 497.00, 2, NULL),
(548, '2024-03-26', 'takeaway', 268.00, 3, NULL),
(549, '2024-03-26', 'on_site', 799.00, 1, NULL),
(550, '2024-03-26', 'delivery', 500.00, 2, 'Special promotion'),
(551, '2024-03-26', 'takeaway', 271.00, 3, NULL),
(552, '2024-03-26', 'on_site', 802.00, 1, NULL),
(553, '2024-03-26', 'delivery', 503.00, 2, NULL),
(554, '2024-03-26', 'takeaway', 274.00, 3, NULL),
(555, '2024-03-27', 'on_site', 805.00, 1, NULL),
(556, '2024-03-27', 'delivery', 506.00, 2, NULL),
(557, '2024-03-27', 'takeaway', 277.00, 3, NULL),
(558, '2024-03-27', 'on_site', 808.00, 1, NULL),
(559, '2024-03-27', 'delivery', 509.00, 2, NULL),
(560, '2024-03-27', 'takeaway', 280.00, 3, NULL),
(561, '2024-03-27', 'on_site', 811.00, 1, NULL),
(562, '2024-03-28', 'delivery', 512.00, 2, NULL),
(563, '2024-03-28', 'takeaway', 283.00, 3, NULL),
(564, '2024-03-28', 'on_site', 814.00, 1, NULL),
(565, '2024-03-28', 'delivery', 515.00, 2, NULL),
(566, '2024-03-28', 'takeaway', 286.00, 3, NULL),
(567, '2024-03-28', 'on_site', 817.00, 1, NULL),
(568, '2024-03-28', 'delivery', 518.00, 2, NULL),
(569, '2024-03-29', 'takeaway', 289.00, 3, NULL),
(570, '2024-03-29', 'on_site', 820.00, 1, NULL),
(571, '2024-03-29', 'delivery', 521.00, 2, NULL),
(572, '2024-03-29', 'takeaway', 292.00, 3, NULL),
(573, '2024-03-29', 'on_site', 823.00, 1, NULL),
(574, '2024-03-29', 'delivery', 524.00, 2, NULL),
(575, '2024-03-29', 'takeaway', 295.00, 3, NULL),
(576, '2024-03-30', 'on_site', 949.90, 1, 'Weekend sale'),
(577, '2024-03-30', 'delivery', 606.05, 2, 'Weekend sale'),
(578, '2024-03-30', 'takeaway', 342.70, 3, 'Weekend sale'),
(579, '2024-03-30', 'on_site', 953.35, 1, 'Weekend sale'),
(580, '2024-03-30', 'delivery', 609.50, 2, 'Weekend sale'),
(581, '2024-03-31', 'takeaway', 346.15, 3, 'Weekend sale'),
(582, '2024-03-31', 'on_site', 956.80, 1, 'Weekend sale'),
(583, '2024-03-31', 'delivery', 612.95, 2, 'Weekend sale'),
(584, '2024-03-31', 'takeaway', 349.60, 3, 'Weekend sale'),
(585, '2024-03-31', 'on_site', 960.25, 1, 'Weekend sale'),
(586, '2024-04-01', 'delivery', 536.00, 2, NULL),
(587, '2024-04-01', 'takeaway', 307.00, 3, NULL),
(588, '2024-04-01', 'on_site', 838.00, 1, NULL),
(589, '2024-04-01', 'delivery', 539.00, 2, NULL),
(590, '2024-04-01', 'takeaway', 310.00, 3, NULL),
(591, '2024-04-01', 'on_site', 841.00, 1, NULL),
(592, '2024-04-01', 'delivery', 542.00, 2, NULL),
(593, '2024-04-02', 'takeaway', 313.00, 3, NULL),
(594, '2024-04-02', 'on_site', 844.00, 1, NULL),
(595, '2024-04-02', 'delivery', 545.00, 2, NULL),
(596, '2024-04-02', 'takeaway', 316.00, 3, NULL),
(597, '2024-04-02', 'on_site', 847.00, 1, NULL),
(598, '2024-04-02', 'delivery', 548.00, 2, NULL),
(599, '2024-04-02', 'takeaway', 319.00, 3, NULL),
(600, '2024-04-03', 'on_site', 850.00, 1, 'Special promotion'),
(601, '2024-04-03', 'delivery', 551.00, 2, NULL),
(602, '2024-04-03', 'takeaway', 322.00, 3, NULL),
(603, '2024-04-03', 'on_site', 853.00, 1, NULL),
(604, '2024-04-03', 'delivery', 554.00, 2, NULL),
(605, '2024-04-03', 'takeaway', 325.00, 3, NULL),
(606, '2024-04-03', 'on_site', 856.00, 1, NULL),
(607, '2024-04-04', 'delivery', 557.00, 2, NULL),
(608, '2024-04-04', 'takeaway', 328.00, 3, NULL),
(609, '2024-04-04', 'on_site', 859.00, 1, NULL),
(610, '2024-04-04', 'delivery', 560.00, 2, NULL),
(611, '2024-04-04', 'takeaway', 331.00, 3, NULL),
(612, '2024-04-04', 'on_site', 862.00, 1, NULL),
(613, '2024-04-04', 'delivery', 563.00, 2, NULL),
(614, '2024-04-05', 'takeaway', 334.00, 3, NULL),
(615, '2024-04-05', 'on_site', 865.00, 1, NULL),
(616, '2024-04-05', 'delivery', 566.00, 2, NULL),
(617, '2024-04-05', 'takeaway', 337.00, 3, NULL),
(618, '2024-04-05', 'on_site', 868.00, 1, NULL),
(619, '2024-04-05', 'delivery', 569.00, 2, NULL),
(620, '2024-04-05', 'takeaway', 340.00, 3, NULL),
(621, '2024-04-06', 'on_site', 1001.65, 1, 'Weekend sale'),
(622, '2024-04-06', 'delivery', 657.80, 2, 'Weekend sale'),
(623, '2024-04-06', 'takeaway', 394.45, 3, 'Weekend sale'),
(624, '2024-04-06', 'on_site', 1005.10, 1, 'Weekend sale'),
(625, '2024-04-06', 'delivery', 661.25, 2, 'Weekend sale'),
(626, '2024-04-07', 'takeaway', 397.90, 3, 'Weekend sale'),
(627, '2024-04-07', 'on_site', 1008.55, 1, 'Weekend sale'),
(628, '2024-04-07', 'delivery', 664.70, 2, 'Weekend sale'),
(629, '2024-04-07', 'takeaway', 401.35, 3, 'Weekend sale'),
(630, '2024-04-07', 'on_site', 1012.00, 1, 'Weekend sale'),
(631, '2024-04-08', 'delivery', 581.00, 2, NULL),
(632, '2024-04-08', 'takeaway', 352.00, 3, NULL),
(633, '2024-04-08', 'on_site', 883.00, 1, NULL),
(634, '2024-04-08', 'delivery', 584.00, 2, NULL),
(635, '2024-04-08', 'takeaway', 355.00, 3, NULL),
(636, '2024-04-08', 'on_site', 886.00, 1, NULL),
(637, '2024-04-08', 'delivery', 587.00, 2, NULL),
(638, '2024-04-09', 'takeaway', 358.00, 3, NULL),
(639, '2024-04-09', 'on_site', 889.00, 1, NULL),
(640, '2024-04-09', 'delivery', 590.00, 2, NULL),
(641, '2024-04-09', 'takeaway', 361.00, 3, NULL),
(642, '2024-04-09', 'on_site', 892.00, 1, NULL),
(643, '2024-04-09', 'delivery', 593.00, 2, NULL),
(644, '2024-04-09', 'takeaway', 364.00, 3, NULL),
(645, '2024-04-10', 'on_site', 895.00, 1, NULL),
(646, '2024-04-10', 'delivery', 596.00, 2, NULL),
(647, '2024-04-10', 'takeaway', 367.00, 3, NULL),
(648, '2024-04-10', 'on_site', 898.00, 1, NULL),
(649, '2024-04-10', 'delivery', 599.00, 2, NULL),
(650, '2024-04-10', 'takeaway', 370.00, 3, 'Special promotion'),
(651, '2024-04-10', 'on_site', 901.00, 1, NULL),
(652, '2024-04-11', 'delivery', 602.00, 2, NULL),
(653, '2024-04-11', 'takeaway', 373.00, 3, NULL),
(654, '2024-04-11', 'on_site', 904.00, 1, NULL),
(655, '2024-04-11', 'delivery', 605.00, 2, NULL),
(656, '2024-04-11', 'takeaway', 376.00, 3, NULL),
(657, '2024-04-11', 'on_site', 907.00, 1, NULL),
(658, '2024-04-11', 'delivery', 608.00, 2, NULL),
(659, '2024-04-12', 'takeaway', 379.00, 3, NULL),
(660, '2024-04-12', 'on_site', 910.00, 1, NULL),
(661, '2024-04-12', 'delivery', 611.00, 2, NULL),
(662, '2024-04-12', 'takeaway', 382.00, 3, NULL),
(663, '2024-04-12', 'on_site', 913.00, 1, NULL),
(664, '2024-04-12', 'delivery', 614.00, 2, NULL),
(665, '2024-04-12', 'takeaway', 385.00, 3, NULL),
(666, '2024-04-13', 'on_site', 1053.40, 1, 'Weekend sale'),
(667, '2024-04-13', 'delivery', 709.55, 2, 'Weekend sale'),
(668, '2024-04-13', 'takeaway', 446.20, 3, 'Weekend sale'),
(669, '2024-04-13', 'on_site', 1056.85, 1, 'Weekend sale'),
(670, '2024-04-13', 'delivery', 713.00, 2, 'Weekend sale'),
(671, '2024-04-14', 'takeaway', 449.65, 3, 'Weekend sale'),
(672, '2024-04-14', 'on_site', 1060.30, 1, 'Weekend sale'),
(673, '2024-04-14', 'delivery', 716.45, 2, 'Weekend sale'),
(674, '2024-04-14', 'takeaway', 453.10, 3, 'Weekend sale'),
(675, '2024-04-14', 'on_site', 1063.75, 1, 'Weekend sale'),
(676, '2024-04-15', 'delivery', 626.00, 2, NULL),
(677, '2024-04-15', 'takeaway', 397.00, 3, NULL),
(678, '2024-04-15', 'on_site', 928.00, 1, NULL),
(679, '2024-04-15', 'delivery', 629.00, 2, NULL),
(680, '2024-04-15', 'takeaway', 400.00, 3, NULL),
(681, '2024-04-15', 'on_site', 931.00, 1, NULL),
(682, '2024-04-15', 'delivery', 632.00, 2, NULL),
(683, '2024-04-16', 'takeaway', 403.00, 3, NULL),
(684, '2024-04-16', 'on_site', 934.00, 1, NULL),
(685, '2024-04-16', 'delivery', 635.00, 2, NULL),
(686, '2024-04-16', 'takeaway', 406.00, 3, NULL),
(687, '2024-04-16', 'on_site', 937.00, 1, NULL),
(688, '2024-04-16', 'delivery', 638.00, 2, NULL),
(689, '2024-04-16', 'takeaway', 409.00, 3, NULL),
(690, '2024-04-17', 'on_site', 940.00, 1, NULL),
(691, '2024-04-17', 'delivery', 641.00, 2, NULL),
(692, '2024-04-17', 'takeaway', 412.00, 3, NULL),
(693, '2024-04-17', 'on_site', 943.00, 1, NULL),
(694, '2024-04-17', 'delivery', 644.00, 2, NULL),
(695, '2024-04-17', 'takeaway', 415.00, 3, NULL),
(696, '2024-04-17', 'on_site', 946.00, 1, NULL),
(697, '2024-04-18', 'delivery', 647.00, 2, NULL),
(698, '2024-04-18', 'takeaway', 418.00, 3, NULL),
(699, '2024-04-18', 'on_site', 949.00, 1, NULL),
(700, '2024-04-18', 'delivery', 650.00, 2, 'Special promotion'),
(701, '2024-04-18', 'takeaway', 421.00, 3, NULL),
(702, '2024-04-18', 'on_site', 952.00, 1, NULL),
(703, '2024-04-18', 'delivery', 653.00, 2, NULL),
(704, '2024-04-19', 'takeaway', 424.00, 3, NULL),
(705, '2024-04-19', 'on_site', 955.00, 1, NULL),
(706, '2024-04-19', 'delivery', 656.00, 2, NULL),
(707, '2024-04-19', 'takeaway', 427.00, 3, NULL),
(708, '2024-04-19', 'on_site', 958.00, 1, NULL),
(709, '2024-04-19', 'delivery', 659.00, 2, NULL),
(710, '2024-04-19', 'takeaway', 430.00, 3, NULL),
(711, '2024-04-20', 'on_site', 1105.15, 1, 'Weekend sale'),
(712, '2024-04-20', 'delivery', 761.30, 2, 'Weekend sale'),
(713, '2024-04-20', 'takeaway', 497.95, 3, 'Weekend sale'),
(714, '2024-04-20', 'on_site', 1108.60, 1, 'Weekend sale'),
(715, '2024-04-20', 'delivery', 764.75, 2, 'Weekend sale'),
(716, '2024-04-21', 'takeaway', 501.40, 3, 'Weekend sale'),
(717, '2024-04-21', 'on_site', 1112.05, 1, 'Weekend sale'),
(718, '2024-04-21', 'delivery', 768.20, 2, 'Weekend sale'),
(719, '2024-04-21', 'takeaway', 504.85, 3, 'Weekend sale'),
(720, '2024-04-21', 'on_site', 1115.50, 1, 'Weekend sale'),
(721, '2024-04-22', 'delivery', 671.00, 2, NULL),
(722, '2024-04-22', 'takeaway', 442.00, 3, NULL),
(723, '2024-04-22', 'on_site', 973.00, 1, NULL),
(724, '2024-04-22', 'delivery', 674.00, 2, NULL),
(725, '2024-04-22', 'takeaway', 445.00, 3, NULL),
(726, '2024-04-22', 'on_site', 976.00, 1, NULL),
(727, '2024-04-22', 'delivery', 677.00, 2, NULL),
(728, '2024-04-23', 'takeaway', 448.00, 3, NULL),
(729, '2024-04-23', 'on_site', 979.00, 1, NULL),
(730, '2024-04-23', 'delivery', 680.00, 2, NULL),
(731, '2024-04-23', 'takeaway', 451.00, 3, NULL),
(732, '2024-04-23', 'on_site', 982.00, 1, NULL),
(733, '2024-04-23', 'delivery', 683.00, 2, NULL),
(734, '2024-04-23', 'takeaway', 454.00, 3, NULL),
(735, '2024-04-24', 'on_site', 985.00, 1, NULL),
(736, '2024-04-24', 'delivery', 686.00, 2, NULL),
(737, '2024-04-24', 'takeaway', 457.00, 3, NULL),
(738, '2024-04-24', 'on_site', 988.00, 1, NULL),
(739, '2024-04-24', 'delivery', 689.00, 2, NULL),
(740, '2024-04-24', 'takeaway', 460.00, 3, NULL),
(741, '2024-04-24', 'on_site', 991.00, 1, NULL),
(742, '2024-04-25', 'delivery', 692.00, 2, NULL),
(743, '2024-04-25', 'takeaway', 463.00, 3, NULL),
(744, '2024-04-25', 'on_site', 994.00, 1, NULL),
(745, '2024-04-25', 'delivery', 695.00, 2, NULL),
(746, '2024-04-25', 'takeaway', 466.00, 3, NULL),
(747, '2024-04-25', 'on_site', 997.00, 1, NULL),
(748, '2024-04-25', 'delivery', 698.00, 2, NULL),
(749, '2024-04-26', 'takeaway', 469.00, 3, NULL),
(750, '2024-04-26', 'on_site', 1000.00, 1, 'Special promotion'),
(751, '2024-04-26', 'delivery', 701.00, 2, NULL),
(752, '2024-04-26', 'takeaway', 472.00, 3, NULL),
(753, '2024-04-26', 'on_site', 1003.00, 1, NULL),
(754, '2024-04-26', 'delivery', 704.00, 2, NULL),
(755, '2024-04-26', 'takeaway', 475.00, 3, NULL),
(756, '2024-04-27', 'on_site', 1156.90, 1, 'Weekend sale'),
(757, '2024-04-27', 'delivery', 813.05, 2, 'Weekend sale'),
(758, '2024-04-27', 'takeaway', 549.70, 3, 'Weekend sale'),
(759, '2024-04-27', 'on_site', 1160.35, 1, 'Weekend sale'),
(760, '2024-04-27', 'delivery', 816.50, 2, 'Weekend sale'),
(761, '2024-04-28', 'takeaway', 553.15, 3, 'Weekend sale'),
(762, '2024-04-28', 'on_site', 1163.80, 1, 'Weekend sale'),
(763, '2024-04-28', 'delivery', 819.95, 2, 'Weekend sale'),
(764, '2024-04-28', 'takeaway', 556.60, 3, 'Weekend sale'),
(765, '2024-04-28', 'on_site', 1167.25, 1, 'Weekend sale'),
(766, '2024-04-29', 'delivery', 716.00, 2, NULL),
(767, '2024-04-29', 'takeaway', 487.00, 3, NULL),
(768, '2024-04-29', 'on_site', 1018.00, 1, NULL),
(769, '2024-04-29', 'delivery', 719.00, 2, NULL),
(770, '2024-04-29', 'takeaway', 490.00, 3, NULL),
(771, '2024-04-29', 'on_site', 1021.00, 1, NULL),
(772, '2024-04-29', 'delivery', 722.00, 2, NULL),
(773, '2024-04-30', 'takeaway', 493.00, 3, NULL),
(774, '2024-04-30', 'on_site', 1024.00, 1, NULL),
(775, '2024-04-30', 'delivery', 725.00, 2, NULL),
(776, '2024-04-30', 'takeaway', 496.00, 3, NULL),
(777, '2024-04-30', 'on_site', 1027.00, 1, NULL),
(778, '2024-04-30', 'delivery', 728.00, 2, NULL),
(779, '2024-04-30', 'takeaway', 499.00, 3, NULL),
(780, '2024-05-01', 'on_site', 1030.00, 1, NULL),
(781, '2024-05-01', 'delivery', 731.00, 2, NULL),
(782, '2024-05-01', 'takeaway', 502.00, 3, NULL),
(783, '2024-05-01', 'on_site', 1033.00, 1, NULL),
(784, '2024-05-01', 'delivery', 734.00, 2, NULL),
(785, '2024-05-01', 'takeaway', 505.00, 3, NULL),
(786, '2024-05-01', 'on_site', 1036.00, 1, NULL),
(787, '2024-05-02', 'delivery', 737.00, 2, NULL),
(788, '2024-05-02', 'takeaway', 508.00, 3, NULL),
(789, '2024-05-02', 'on_site', 1039.00, 1, NULL),
(790, '2024-05-02', 'delivery', 740.00, 2, NULL),
(791, '2024-05-02', 'takeaway', 511.00, 3, NULL),
(792, '2024-05-02', 'on_site', 1042.00, 1, NULL),
(793, '2024-05-02', 'delivery', 743.00, 2, NULL),
(794, '2024-05-03', 'takeaway', 514.00, 3, NULL),
(795, '2024-05-03', 'on_site', 1045.00, 1, NULL),
(796, '2024-05-03', 'delivery', 746.00, 2, NULL),
(797, '2024-05-03', 'takeaway', 517.00, 3, NULL),
(798, '2024-05-03', 'on_site', 1048.00, 1, NULL),
(799, '2024-05-03', 'delivery', 749.00, 2, NULL),
(800, '2024-05-03', 'takeaway', 120.00, 3, 'Special promotion'),
(801, '2024-05-04', 'on_site', 748.65, 1, 'Weekend sale'),
(802, '2024-05-04', 'delivery', 404.80, 2, 'Weekend sale'),
(803, '2024-05-04', 'takeaway', 141.45, 3, 'Weekend sale'),
(804, '2024-05-04', 'on_site', 752.10, 1, 'Weekend sale'),
(805, '2024-05-04', 'delivery', 408.25, 2, 'Weekend sale'),
(806, '2024-05-05', 'takeaway', 144.90, 3, 'Weekend sale'),
(807, '2024-05-05', 'on_site', 755.55, 1, 'Weekend sale'),
(808, '2024-05-05', 'delivery', 411.70, 2, 'Weekend sale'),
(809, '2024-05-05', 'takeaway', 148.35, 3, 'Weekend sale'),
(810, '2024-05-05', 'on_site', 759.00, 1, 'Weekend sale'),
(811, '2024-05-06', 'delivery', 361.00, 2, NULL),
(812, '2024-05-06', 'takeaway', 132.00, 3, NULL),
(813, '2024-05-06', 'on_site', 663.00, 1, NULL),
(814, '2024-05-06', 'delivery', 364.00, 2, NULL),
(815, '2024-05-06', 'takeaway', 135.00, 3, NULL),
(816, '2024-05-06', 'on_site', 666.00, 1, NULL),
(817, '2024-05-06', 'delivery', 367.00, 2, NULL),
(818, '2024-05-07', 'takeaway', 138.00, 3, NULL),
(819, '2024-05-07', 'on_site', 669.00, 1, NULL),
(820, '2024-05-07', 'delivery', 370.00, 2, NULL),
(821, '2024-05-07', 'takeaway', 141.00, 3, NULL),
(822, '2024-05-07', 'on_site', 672.00, 1, NULL),
(823, '2024-05-07', 'delivery', 373.00, 2, NULL),
(824, '2024-05-07', 'takeaway', 144.00, 3, NULL),
(825, '2024-05-08', 'on_site', 675.00, 1, NULL),
(826, '2024-05-08', 'delivery', 376.00, 2, NULL),
(827, '2024-05-08', 'takeaway', 147.00, 3, NULL),
(828, '2024-05-08', 'on_site', 678.00, 1, NULL),
(829, '2024-05-08', 'delivery', 379.00, 2, NULL),
(830, '2024-05-08', 'takeaway', 150.00, 3, NULL),
(831, '2024-05-08', 'on_site', 681.00, 1, NULL),
(832, '2024-05-09', 'delivery', 382.00, 2, NULL),
(833, '2024-05-09', 'takeaway', 153.00, 3, NULL),
(834, '2024-05-09', 'on_site', 684.00, 1, NULL),
(835, '2024-05-09', 'delivery', 385.00, 2, NULL),
(836, '2024-05-09', 'takeaway', 156.00, 3, NULL),
(837, '2024-05-09', 'on_site', 687.00, 1, NULL),
(838, '2024-05-09', 'delivery', 388.00, 2, NULL),
(839, '2024-05-10', 'takeaway', 159.00, 3, NULL),
(840, '2024-05-10', 'on_site', 690.00, 1, NULL),
(841, '2024-05-10', 'delivery', 391.00, 2, NULL),
(842, '2024-05-10', 'takeaway', 162.00, 3, NULL),
(843, '2024-05-10', 'on_site', 693.00, 1, NULL),
(844, '2024-05-10', 'delivery', 394.00, 2, NULL),
(845, '2024-05-10', 'takeaway', 165.00, 3, NULL),
(846, '2024-05-11', 'on_site', 800.40, 1, 'Weekend sale'),
(847, '2024-05-11', 'delivery', 456.55, 2, 'Weekend sale'),
(848, '2024-05-11', 'takeaway', 193.20, 3, 'Weekend sale'),
(849, '2024-05-11', 'on_site', 803.85, 1, 'Weekend sale'),
(850, '2024-05-11', 'delivery', 460.00, 2, 'Weekend sale'),
(851, '2024-05-12', 'takeaway', 196.65, 3, 'Weekend sale'),
(852, '2024-05-12', 'on_site', 807.30, 1, 'Weekend sale'),
(853, '2024-05-12', 'delivery', 463.45, 2, 'Weekend sale'),
(854, '2024-05-12', 'takeaway', 200.10, 3, 'Weekend sale'),
(855, '2024-05-12', 'on_site', 810.75, 1, 'Weekend sale'),
(856, '2024-05-13', 'delivery', 406.00, 2, NULL),
(857, '2024-05-13', 'takeaway', 177.00, 3, NULL),
(858, '2024-05-13', 'on_site', 708.00, 1, NULL),
(859, '2024-05-13', 'delivery', 409.00, 2, NULL),
(860, '2024-05-13', 'takeaway', 180.00, 3, NULL),
(861, '2024-05-13', 'on_site', 711.00, 1, NULL),
(862, '2024-05-13', 'delivery', 412.00, 2, NULL),
(863, '2024-05-14', 'takeaway', 183.00, 3, NULL),
(864, '2024-05-14', 'on_site', 714.00, 1, NULL),
(865, '2024-05-14', 'delivery', 415.00, 2, NULL),
(866, '2024-05-14', 'takeaway', 186.00, 3, NULL),
(867, '2024-05-14', 'on_site', 717.00, 1, NULL),
(868, '2024-05-14', 'delivery', 418.00, 2, NULL),
(869, '2024-05-14', 'takeaway', 189.00, 3, NULL),
(870, '2024-05-15', 'on_site', 720.00, 1, NULL),
(871, '2024-05-15', 'delivery', 421.00, 2, NULL),
(872, '2024-05-15', 'takeaway', 192.00, 3, NULL),
(873, '2024-05-15', 'on_site', 723.00, 1, NULL),
(874, '2024-05-15', 'delivery', 424.00, 2, NULL),
(875, '2024-05-15', 'takeaway', 195.00, 3, NULL),
(876, '2024-05-15', 'on_site', 726.00, 1, NULL),
(877, '2024-05-16', 'delivery', 427.00, 2, NULL),
(878, '2024-05-16', 'takeaway', 198.00, 3, NULL),
(879, '2024-05-16', 'on_site', 729.00, 1, NULL),
(880, '2024-05-16', 'delivery', 430.00, 2, NULL),
(881, '2024-05-16', 'takeaway', 201.00, 3, NULL),
(882, '2024-05-16', 'on_site', 732.00, 1, NULL),
(883, '2024-05-16', 'delivery', 433.00, 2, NULL),
(884, '2024-05-17', 'takeaway', 204.00, 3, NULL),
(885, '2024-05-17', 'on_site', 735.00, 1, NULL),
(886, '2024-05-17', 'delivery', 436.00, 2, NULL),
(887, '2024-05-17', 'takeaway', 207.00, 3, NULL),
(888, '2024-05-17', 'on_site', 738.00, 1, NULL),
(889, '2024-05-17', 'delivery', 439.00, 2, NULL),
(890, '2024-05-17', 'takeaway', 210.00, 3, NULL),
(891, '2024-05-18', 'on_site', 852.15, 1, 'Weekend sale'),
(892, '2024-05-18', 'delivery', 508.30, 2, 'Weekend sale'),
(893, '2024-05-18', 'takeaway', 244.95, 3, 'Weekend sale'),
(894, '2024-05-18', 'on_site', 855.60, 1, 'Weekend sale'),
(895, '2024-05-18', 'delivery', 511.75, 2, 'Weekend sale'),
(896, '2024-05-19', 'takeaway', 248.40, 3, 'Weekend sale'),
(897, '2024-05-19', 'on_site', 859.05, 1, 'Weekend sale'),
(898, '2024-05-19', 'delivery', 515.20, 2, 'Weekend sale'),
(899, '2024-05-19', 'takeaway', 251.85, 3, 'Weekend sale'),
(900, '2024-05-19', 'on_site', 862.50, 1, 'Weekend sale'),
(901, '2024-05-20', 'delivery', 451.00, 2, NULL),
(902, '2024-05-20', 'takeaway', 222.00, 3, NULL),
(903, '2024-05-20', 'on_site', 753.00, 1, NULL),
(904, '2024-05-20', 'delivery', 454.00, 2, NULL),
(905, '2024-05-20', 'takeaway', 225.00, 3, NULL),
(906, '2024-05-20', 'on_site', 756.00, 1, NULL),
(907, '2024-05-20', 'delivery', 457.00, 2, NULL),
(908, '2024-05-21', 'takeaway', 228.00, 3, NULL),
(909, '2024-05-21', 'on_site', 759.00, 1, NULL),
(910, '2024-05-21', 'delivery', 460.00, 2, NULL),
(911, '2024-05-21', 'takeaway', 231.00, 3, NULL),
(912, '2024-05-21', 'on_site', 762.00, 1, NULL),
(913, '2024-05-21', 'delivery', 463.00, 2, NULL),
(914, '2024-05-21', 'takeaway', 234.00, 3, NULL),
(915, '2024-05-22', 'on_site', 765.00, 1, NULL),
(916, '2024-05-22', 'delivery', 466.00, 2, NULL),
(917, '2024-05-22', 'takeaway', 237.00, 3, NULL),
(918, '2024-05-22', 'on_site', 768.00, 1, NULL),
(919, '2024-05-22', 'delivery', 469.00, 2, NULL),
(920, '2024-05-22', 'takeaway', 240.00, 3, NULL),
(921, '2024-05-22', 'on_site', 771.00, 1, NULL),
(922, '2024-05-23', 'delivery', 472.00, 2, NULL),
(923, '2024-05-23', 'takeaway', 243.00, 3, NULL),
(924, '2024-05-23', 'on_site', 774.00, 1, NULL),
(925, '2024-05-23', 'delivery', 475.00, 2, NULL),
(926, '2024-05-23', 'takeaway', 246.00, 3, NULL),
(927, '2024-05-23', 'on_site', 777.00, 1, NULL),
(928, '2024-05-23', 'delivery', 478.00, 2, NULL),
(929, '2024-05-24', 'takeaway', 249.00, 3, NULL),
(930, '2024-05-24', 'on_site', 780.00, 1, NULL),
(931, '2024-05-24', 'delivery', 481.00, 2, NULL),
(932, '2024-05-24', 'takeaway', 252.00, 3, NULL),
(933, '2024-05-24', 'on_site', 783.00, 1, NULL),
(934, '2024-05-24', 'delivery', 484.00, 2, NULL),
(935, '2024-05-24', 'takeaway', 255.00, 3, NULL),
(936, '2024-05-25', 'on_site', 903.90, 1, 'Weekend sale'),
(937, '2024-05-25', 'delivery', 560.05, 2, 'Weekend sale'),
(938, '2024-05-25', 'takeaway', 296.70, 3, 'Weekend sale'),
(939, '2024-05-25', 'on_site', 907.35, 1, 'Weekend sale'),
(940, '2024-05-25', 'delivery', 563.50, 2, 'Weekend sale'),
(941, '2024-05-26', 'takeaway', 300.15, 3, 'Weekend sale'),
(942, '2024-05-26', 'on_site', 910.80, 1, 'Weekend sale'),
(943, '2024-05-26', 'delivery', 566.95, 2, 'Weekend sale'),
(944, '2024-05-26', 'takeaway', 303.60, 3, 'Weekend sale'),
(945, '2024-05-26', 'on_site', 914.25, 1, 'Weekend sale'),
(946, '2024-05-27', 'delivery', 496.00, 2, NULL),
(947, '2024-05-27', 'takeaway', 267.00, 3, NULL),
(948, '2024-05-27', 'on_site', 798.00, 1, NULL),
(949, '2024-05-27', 'delivery', 499.00, 2, NULL),
(950, '2024-05-27', 'takeaway', 270.00, 3, 'Special promotion'),
(951, '2024-05-27', 'on_site', 801.00, 1, NULL),
(952, '2024-05-27', 'delivery', 502.00, 2, NULL),
(953, '2024-05-28', 'takeaway', 273.00, 3, NULL),
(954, '2024-05-28', 'on_site', 804.00, 1, NULL),
(955, '2024-05-28', 'delivery', 505.00, 2, NULL),
(956, '2024-05-28', 'takeaway', 276.00, 3, NULL),
(957, '2024-05-28', 'on_site', 807.00, 1, NULL),
(958, '2024-05-28', 'delivery', 508.00, 2, NULL),
(959, '2024-05-28', 'takeaway', 279.00, 3, NULL),
(960, '2024-05-29', 'on_site', 810.00, 1, NULL),
(961, '2024-05-29', 'delivery', 511.00, 2, NULL),
(962, '2024-05-29', 'takeaway', 282.00, 3, NULL),
(963, '2024-05-29', 'on_site', 813.00, 1, NULL),
(964, '2024-05-29', 'delivery', 514.00, 2, NULL),
(965, '2024-05-29', 'takeaway', 285.00, 3, NULL),
(966, '2024-05-29', 'on_site', 816.00, 1, NULL),
(967, '2024-05-30', 'delivery', 517.00, 2, NULL),
(968, '2024-05-30', 'takeaway', 288.00, 3, NULL),
(969, '2024-05-30', 'on_site', 819.00, 1, NULL),
(970, '2024-05-30', 'delivery', 520.00, 2, NULL),
(971, '2024-05-30', 'takeaway', 291.00, 3, NULL),
(972, '2024-05-30', 'on_site', 822.00, 1, NULL),
(973, '2024-05-30', 'delivery', 523.00, 2, NULL),
(974, '2024-05-31', 'takeaway', 294.00, 3, NULL),
(975, '2024-05-31', 'on_site', 825.00, 1, NULL),
(976, '2024-05-31', 'delivery', 526.00, 2, NULL),
(977, '2024-05-31', 'takeaway', 297.00, 3, NULL),
(978, '2024-05-31', 'on_site', 828.00, 1, NULL),
(979, '2024-05-31', 'delivery', 529.00, 2, NULL),
(980, '2024-05-31', 'takeaway', 300.00, 3, NULL),
(981, '2024-06-01', 'on_site', 955.65, 1, 'Weekend sale'),
(982, '2024-06-01', 'delivery', 611.80, 2, 'Weekend sale'),
(983, '2024-06-01', 'takeaway', 348.45, 3, 'Weekend sale'),
(984, '2024-06-01', 'on_site', 959.10, 1, 'Weekend sale'),
(985, '2024-06-01', 'delivery', 615.25, 2, 'Weekend sale'),
(986, '2024-06-02', 'takeaway', 351.90, 3, 'Weekend sale'),
(987, '2024-06-02', 'on_site', 962.55, 1, 'Weekend sale'),
(988, '2024-06-02', 'delivery', 618.70, 2, 'Weekend sale'),
(989, '2024-06-02', 'takeaway', 355.35, 3, 'Weekend sale'),
(990, '2024-06-02', 'on_site', 966.00, 1, 'Weekend sale'),
(991, '2024-06-03', 'delivery', 541.00, 2, NULL),
(992, '2024-06-03', 'takeaway', 312.00, 3, NULL),
(993, '2024-06-03', 'on_site', 843.00, 1, NULL),
(994, '2024-06-03', 'delivery', 544.00, 2, NULL),
(995, '2024-06-03', 'takeaway', 315.00, 3, NULL),
(996, '2024-06-03', 'on_site', 846.00, 1, NULL),
(997, '2024-06-03', 'delivery', 547.00, 2, NULL),
(998, '2024-06-04', 'takeaway', 318.00, 3, NULL),
(999, '2024-06-04', 'on_site', 849.00, 1, NULL),
(1000, '2024-06-04', 'delivery', 550.00, 2, 'Special promotion');

INSERT INTO sales (id, date, type, amount, quantity, description) VALUES
(1001, '2024-06-04', 'takeaway', 321.00, 3, NULL),
(1002, '2024-06-04', 'on_site', 852.00, 1, NULL),
(1003, '2024-06-04', 'delivery', 553.00, 2, NULL),
(1004, '2024-06-04', 'takeaway', 324.00, 3, NULL),
(1005, '2024-06-05', 'on_site', 855.00, 1, NULL),
(1006, '2024-06-05', 'delivery', 556.00, 2, NULL),
(1007, '2024-06-05', 'takeaway', 327.00, 3, NULL),
(1008, '2024-06-05', 'on_site', 858.00, 1, NULL),
(1009, '2024-06-05', 'delivery', 559.00, 2, NULL),
(1010, '2024-06-05', 'takeaway', 330.00, 3, NULL),
(1011, '2024-06-05', 'on_site', 861.00, 1, NULL),
(1012, '2024-06-06', 'delivery', 562.00, 2, NULL),
(1013, '2024-06-06', 'takeaway', 333.00, 3, NULL),
(1014, '2024-06-06', 'on_site', 864.00, 1, NULL),
(1015, '2024-06-06', 'delivery', 565.00, 2, NULL),
(1016, '2024-06-06', 'takeaway', 336.00, 3, NULL),
(1017, '2024-06-06', 'on_site', 867.00, 1, NULL),
(1018, '2024-06-06', 'delivery', 568.00, 2, NULL),
(1019, '2024-06-07', 'takeaway', 339.00, 3, NULL),
(1020, '2024-06-07', 'on_site', 870.00, 1, NULL),
(1021, '2024-06-07', 'delivery', 571.00, 2, NULL),
(1022, '2024-06-07', 'takeaway', 342.00, 3, NULL),
(1023, '2024-06-07', 'on_site', 873.00, 1, NULL),
(1024, '2024-06-07', 'delivery', 574.00, 2, NULL),
(1025, '2024-06-07', 'takeaway', 345.00, 3, NULL),
(1026, '2024-06-08', 'on_site', 1007.40, 1, 'Weekend sale'),
(1027, '2024-06-08', 'delivery', 663.55, 2, 'Weekend sale'),
(1028, '2024-06-08', 'takeaway', 400.20, 3, 'Weekend sale'),
(1029, '2024-06-08', 'on_site', 1010.85, 1, 'Weekend sale'),
(1030, '2024-06-08', 'delivery', 667.00, 2, 'Weekend sale'),
(1031, '2024-06-09', 'takeaway', 403.65, 3, 'Weekend sale'),
(1032, '2024-06-09', 'on_site', 1014.30, 1, 'Weekend sale'),
(1033, '2024-06-09', 'delivery', 670.45, 2, 'Weekend sale'),
(1034, '2024-06-09', 'takeaway', 407.10, 3, 'Weekend sale'),
(1035, '2024-06-09', 'on_site', 1017.75, 1, 'Weekend sale'),
(1036, '2024-06-10', 'delivery', 586.00, 2, NULL),
(1037, '2024-06-10', 'takeaway', 357.00, 3, NULL),
(1038, '2024-06-10', 'on_site', 888.00, 1, NULL),
(1039, '2024-06-10', 'delivery', 589.00, 2, NULL),
(1040, '2024-06-10', 'takeaway', 360.00, 3, NULL),
(1041, '2024-06-10', 'on_site', 891.00, 1, NULL),
(1042, '2024-06-10', 'delivery', 592.00, 2, NULL),
(1043, '2024-06-11', 'takeaway', 363.00, 3, NULL),
(1044, '2024-06-11', 'on_site', 894.00, 1, NULL),
(1045, '2024-06-11', 'delivery', 595.00, 2, NULL),
(1046, '2024-06-11', 'takeaway', 366.00, 3, NULL),
(1047, '2024-06-11', 'on_site', 897.00, 1, NULL),
(1048, '2024-06-11', 'delivery', 598.00, 2, NULL),
(1049, '2024-06-11', 'takeaway', 369.00, 3, NULL),
(1050, '2024-06-12', 'on_site', 900.00, 1, 'Special promotion'),
(1051, '2024-06-12', 'delivery', 601.00, 2, NULL),
(1052, '2024-06-12', 'takeaway', 372.00, 3, NULL),
(1053, '2024-06-12', 'on_site', 903.00, 1, NULL),
(1054, '2024-06-12', 'delivery', 604.00, 2, NULL),
(1055, '2024-06-12', 'takeaway', 375.00, 3, NULL),
(1056, '2024-06-12', 'on_site', 906.00, 1, NULL),
(1057, '2024-06-13', 'delivery', 607.00, 2, NULL),
(1058, '2024-06-13', 'takeaway', 378.00, 3, NULL),
(1059, '2024-06-13', 'on_site', 909.00, 1, NULL),
(1060, '2024-06-13', 'delivery', 610.00, 2, NULL),
(1061, '2024-06-13', 'takeaway', 381.00, 3, NULL),
(1062, '2024-06-13', 'on_site', 912.00, 1, NULL),
(1063, '2024-06-13', 'delivery', 613.00, 2, NULL),
(1064, '2024-06-14', 'takeaway', 384.00, 3, NULL),
(1065, '2024-06-14', 'on_site', 915.00, 1, NULL),
(1066, '2024-06-14', 'delivery', 616.00, 2, NULL),
(1067, '2024-06-14', 'takeaway', 387.00, 3, NULL),
(1068, '2024-06-14', 'on_site', 918.00, 1, NULL),
(1069, '2024-06-14', 'delivery', 619.00, 2, NULL),
(1070, '2024-06-14', 'takeaway', 390.00, 3, NULL),
(1071, '2024-06-15', 'on_site', 1059.15, 1, 'Weekend sale'),
(1072, '2024-06-15', 'delivery', 715.30, 2, 'Weekend sale'),
(1073, '2024-06-15', 'takeaway', 451.95, 3, 'Weekend sale'),
(1074, '2024-06-15', 'on_site', 1062.60, 1, 'Weekend sale'),
(1075, '2024-06-15', 'delivery', 718.75, 2, 'Weekend sale'),
(1076, '2024-06-16', 'takeaway', 455.40, 3, 'Weekend sale'),
(1077, '2024-06-16', 'on_site', 1066.05, 1, 'Weekend sale'),
(1078, '2024-06-16', 'delivery', 722.20, 2, 'Weekend sale'),
(1079, '2024-06-16', 'takeaway', 458.85, 3, 'Weekend sale'),
(1080, '2024-06-16', 'on_site', 1069.50, 1, 'Weekend sale'),
(1081, '2024-06-17', 'delivery', 631.00, 2, NULL),
(1082, '2024-06-17', 'takeaway', 402.00, 3, NULL),
(1083, '2024-06-17', 'on_site', 933.00, 1, NULL),
(1084, '2024-06-17', 'delivery', 634.00, 2, NULL),
(1085, '2024-06-17', 'takeaway', 405.00, 3, NULL),
(1086, '2024-06-17', 'on_site', 936.00, 1, NULL),
(1087, '2024-06-17', 'delivery', 637.00, 2, NULL),
(1088, '2024-06-18', 'takeaway', 408.00, 3, NULL),
(1089, '2024-06-18', 'on_site', 939.00, 1, NULL),
(1090, '2024-06-18', 'delivery', 640.00, 2, NULL),
(1091, '2024-06-18', 'takeaway', 411.00, 3, NULL),
(1092, '2024-06-18', 'on_site', 942.00, 1, NULL),
(1093, '2024-06-18', 'delivery', 643.00, 2, NULL),
(1094, '2024-06-18', 'takeaway', 414.00, 3, NULL),
(1095, '2024-06-19', 'on_site', 945.00, 1, NULL),
(1096, '2024-06-19', 'delivery', 646.00, 2, NULL),
(1097, '2024-06-19', 'takeaway', 417.00, 3, NULL),
(1098, '2024-06-19', 'on_site', 948.00, 1, NULL),
(1099, '2024-06-19', 'delivery', 649.00, 2, NULL),
(1100, '2024-06-19', 'takeaway', 420.00, 3, 'Special promotion'),
(1101, '2024-06-19', 'on_site', 951.00, 1, NULL),
(1102, '2024-06-20', 'delivery', 652.00, 2, NULL),
(1103, '2024-06-20', 'takeaway', 423.00, 3, NULL),
(1104, '2024-06-20', 'on_site', 954.00, 1, NULL),
(1105, '2024-06-20', 'delivery', 655.00, 2, NULL),
(1106, '2024-06-20', 'takeaway', 426.00, 3, NULL),
(1107, '2024-06-20', 'on_site', 957.00, 1, NULL),
(1108, '2024-06-20', 'delivery', 658.00, 2, NULL),
(1109, '2024-06-21', 'takeaway', 429.00, 3, NULL),
(1110, '2024-06-21', 'on_site', 960.00, 1, NULL),
(1111, '2024-06-21', 'delivery', 661.00, 2, NULL),
(1112, '2024-06-21', 'takeaway', 432.00, 3, NULL),
(1113, '2024-06-21', 'on_site', 963.00, 1, NULL),
(1114, '2024-06-21', 'delivery', 664.00, 2, NULL),
(1115, '2024-06-21', 'takeaway', 435.00, 3, NULL),
(1116, '2024-06-22', 'on_site', 1110.90, 1, 'Weekend sale'),
(1117, '2024-06-22', 'delivery', 767.05, 2, 'Weekend sale'),
(1118, '2024-06-22', 'takeaway', 503.70, 3, 'Weekend sale'),
(1119, '2024-06-22', 'on_site', 1114.35, 1, 'Weekend sale'),
(1120, '2024-06-22', 'delivery', 770.50, 2, 'Weekend sale'),
(1121, '2024-06-23', 'takeaway', 507.15, 3, 'Weekend sale'),
(1122, '2024-06-23', 'on_site', 1117.80, 1, 'Weekend sale'),
(1123, '2024-06-23', 'delivery', 773.95, 2, 'Weekend sale'),
(1124, '2024-06-23', 'takeaway', 510.60, 3, 'Weekend sale'),
(1125, '2024-06-23', 'on_site', 1121.25, 1, 'Weekend sale'),
(1126, '2024-06-24', 'delivery', 676.00, 2, NULL),
(1127, '2024-06-24', 'takeaway', 447.00, 3, NULL),
(1128, '2024-06-24', 'on_site', 978.00, 1, NULL),
(1129, '2024-06-24', 'delivery', 679.00, 2, NULL),
(1130, '2024-06-24', 'takeaway', 450.00, 3, NULL),
(1131, '2024-06-24', 'on_site', 981.00, 1, NULL),
(1132, '2024-06-24', 'delivery', 682.00, 2, NULL),
(1133, '2024-06-25', 'takeaway', 453.00, 3, NULL),
(1134, '2024-06-25', 'on_site', 984.00, 1, NULL),
(1135, '2024-06-25', 'delivery', 685.00, 2, NULL),
(1136, '2024-06-25', 'takeaway', 456.00, 3, NULL),
(1137, '2024-06-25', 'on_site', 987.00, 1, NULL),
(1138, '2024-06-25', 'delivery', 688.00, 2, NULL),
(1139, '2024-06-25', 'takeaway', 459.00, 3, NULL),
(1140, '2024-06-26', 'on_site', 990.00, 1, NULL),
(1141, '2024-06-26', 'delivery', 691.00, 2, NULL),
(1142, '2024-06-26', 'takeaway', 462.00, 3, NULL),
(1143, '2024-06-26', 'on_site', 993.00, 1, NULL),
(1144, '2024-06-26', 'delivery', 694.00, 2, NULL),
(1145, '2024-06-26', 'takeaway', 465.00, 3, NULL),
(1146, '2024-06-26', 'on_site', 996.00, 1, NULL),
(1147, '2024-06-27', 'delivery', 697.00, 2, NULL),
(1148, '2024-06-27', 'takeaway', 468.00, 3, NULL),
(1149, '2024-06-27', 'on_site', 999.00, 1, NULL),
(1150, '2024-06-27', 'delivery', 700.00, 2, 'Special promotion'),
(1151, '2024-06-27', 'takeaway', 471.00, 3, NULL),
(1152, '2024-06-27', 'on_site', 1002.00, 1, NULL),
(1153, '2024-06-27', 'delivery', 703.00, 2, NULL),
(1154, '2024-06-28', 'takeaway', 474.00, 3, NULL),
(1155, '2024-06-28', 'on_site', 1005.00, 1, NULL),
(1156, '2024-06-28', 'delivery', 706.00, 2, NULL),
(1157, '2024-06-28', 'takeaway', 477.00, 3, NULL),
(1158, '2024-06-28', 'on_site', 1008.00, 1, NULL),
(1159, '2024-06-28', 'delivery', 709.00, 2, NULL),
(1160, '2024-06-28', 'takeaway', 480.00, 3, NULL),
(1161, '2024-06-29', 'on_site', 1162.65, 1, 'Weekend sale'),
(1162, '2024-06-29', 'delivery', 818.80, 2, 'Weekend sale'),
(1163, '2024-06-29', 'takeaway', 555.45, 3, 'Weekend sale'),
(1164, '2024-06-29', 'on_site', 1166.10, 1, 'Weekend sale'),
(1165, '2024-06-29', 'delivery', 822.25, 2, 'Weekend sale'),
(1166, '2024-06-30', 'takeaway', 558.90, 3, 'Weekend sale'),
(1167, '2024-06-30', 'on_site', 1169.55, 1, 'Weekend sale'),
(1168, '2024-06-30', 'delivery', 825.70, 2, 'Weekend sale'),
(1169, '2024-06-30', 'takeaway', 562.35, 3, 'Weekend sale'),
(1170, '2024-06-30', 'on_site', 1173.00, 1, 'Weekend sale'),
(1171, '2024-07-01', 'delivery', 721.00, 2, NULL),
(1172, '2024-07-01', 'takeaway', 492.00, 3, NULL),
(1173, '2024-07-01', 'on_site', 1023.00, 1, NULL),
(1174, '2024-07-01', 'delivery', 724.00, 2, NULL),
(1175, '2024-07-01', 'takeaway', 495.00, 3, NULL),
(1176, '2024-07-01', 'on_site', 1026.00, 1, NULL),
(1177, '2024-07-01', 'delivery', 727.00, 2, NULL),
(1178, '2024-07-02', 'takeaway', 498.00, 3, NULL),
(1179, '2024-07-02', 'on_site', 1029.00, 1, NULL),
(1180, '2024-07-02', 'delivery', 730.00, 2, NULL),
(1181, '2024-07-02', 'takeaway', 501.00, 3, NULL),
(1182, '2024-07-02', 'on_site', 1032.00, 1, NULL),
(1183, '2024-07-02', 'delivery', 733.00, 2, NULL),
(1184, '2024-07-02', 'takeaway', 504.00, 3, NULL),
(1185, '2024-07-03', 'on_site', 1035.00, 1, NULL),
(1186, '2024-07-03', 'delivery', 736.00, 2, NULL),
(1187, '2024-07-03', 'takeaway', 507.00, 3, NULL),
(1188, '2024-07-03', 'on_site', 1038.00, 1, NULL),
(1189, '2024-07-03', 'delivery', 739.00, 2, NULL),
(1190, '2024-07-03', 'takeaway', 510.00, 3, NULL),
(1191, '2024-07-03', 'on_site', 1041.00, 1, NULL),
(1192, '2024-07-04', 'delivery', 742.00, 2, NULL),
(1193, '2024-07-04', 'takeaway', 513.00, 3, NULL),
(1194, '2024-07-04', 'on_site', 1044.00, 1, NULL),
(1195, '2024-07-04', 'delivery', 745.00, 2, NULL),
(1196, '2024-07-04', 'takeaway', 516.00, 3, NULL),
(1197, '2024-07-04', 'on_site', 1047.00, 1, NULL),
(1198, '2024-07-04', 'delivery', 748.00, 2, NULL),
(1199, '2024-07-05', 'takeaway', 519.00, 3, NULL),
(1200, '2024-07-05', 'on_site', 650.00, 1, 'Special promotion'),
(1201, '2024-07-05', 'delivery', 351.00, 2, NULL),
(1202, '2024-07-05', 'takeaway', 122.00, 3, NULL),
(1203, '2024-07-05', 'on_site', 653.00, 1, NULL),
(1204, '2024-07-05', 'delivery', 354.00, 2, NULL),
(1205, '2024-07-05', 'takeaway', 125.00, 3, NULL),
(1206, '2024-07-06', 'on_site', 754.40, 1, 'Weekend sale'),
(1207, '2024-07-06', 'delivery', 410.55, 2, 'Weekend sale'),
(1208, '2024-07-06', 'takeaway', 147.20, 3, 'Weekend sale'),
(1209, '2024-07-06', 'on_site', 757.85, 1, 'Weekend sale'),
(1210, '2024-07-06', 'delivery', 414.00, 2, 'Weekend sale'),
(1211, '2024-07-07', 'takeaway', 150.65, 3, 'Weekend sale'),
(1212, '2024-07-07', 'on_site', 761.30, 1, 'Weekend sale'),
(1213, '2024-07-07', 'delivery', 417.45, 2, 'Weekend sale'),
(1214, '2024-07-07', 'takeaway', 154.10, 3, 'Weekend sale'),
(1215, '2024-07-07', 'on_site', 764.75, 1, 'Weekend sale'),
(1216, '2024-07-08', 'delivery', 366.00, 2, NULL),
(1217, '2024-07-08', 'takeaway', 137.00, 3, NULL),
(1218, '2024-07-08', 'on_site', 668.00, 1, NULL),
(1219, '2024-07-08', 'delivery', 369.00, 2, NULL),
(1220, '2024-07-08', 'takeaway', 140.00, 3, NULL),
(1221, '2024-07-08', 'on_site', 671.00, 1, NULL),
(1222, '2024-07-08', 'delivery', 372.00, 2, NULL),
(1223, '2024-07-09', 'takeaway', 143.00, 3, NULL),
(1224, '2024-07-09', 'on_site', 674.00, 1, NULL),
(1225, '2024-07-09', 'delivery', 375.00, 2, NULL),
(1226, '2024-07-09', 'takeaway', 146.00, 3, NULL),
(1227, '2024-07-09', 'on_site', 677.00, 1, NULL),
(1228, '2024-07-09', 'delivery', 378.00, 2, NULL),
(1229, '2024-07-09', 'takeaway', 149.00, 3, NULL),
(1230, '2024-07-10', 'on_site', 680.00, 1, NULL),
(1231, '2024-07-10', 'delivery', 381.00, 2, NULL),
(1232, '2024-07-10', 'takeaway', 152.00, 3, NULL),
(1233, '2024-07-10', 'on_site', 683.00, 1, NULL),
(1234, '2024-07-10', 'delivery', 384.00, 2, NULL),
(1235, '2024-07-10', 'takeaway', 155.00, 3, NULL),
(1236, '2024-07-10', 'on_site', 686.00, 1, NULL),
(1237, '2024-07-11', 'delivery', 387.00, 2, NULL),
(1238, '2024-07-11', 'takeaway', 158.00, 3, NULL),
(1239, '2024-07-11', 'on_site', 689.00, 1, NULL),
(1240, '2024-07-11', 'delivery', 390.00, 2, NULL),
(1241, '2024-07-11', 'takeaway', 161.00, 3, NULL),
(1242, '2024-07-11', 'on_site', 692.00, 1, NULL),
(1243, '2024-07-11', 'delivery', 393.00, 2, NULL),
(1244, '2024-07-12', 'takeaway', 164.00, 3, NULL),
(1245, '2024-07-12', 'on_site', 695.00, 1, NULL),
(1246, '2024-07-12', 'delivery', 396.00, 2, NULL),
(1247, '2024-07-12', 'takeaway', 167.00, 3, NULL),
(1248, '2024-07-12', 'on_site', 698.00, 1, NULL),
(1249, '2024-07-12', 'delivery', 399.00, 2, NULL),
(1250, '2024-07-12', 'takeaway', 170.00, 3, 'Special promotion'),
(1251, '2024-07-13', 'on_site', 806.15, 1, 'Weekend sale'),
(1252, '2024-07-13', 'delivery', 462.30, 2, 'Weekend sale'),
(1253, '2024-07-13', 'takeaway', 198.95, 3, 'Weekend sale'),
(1254, '2024-07-13', 'on_site', 809.60, 1, 'Weekend sale'),
(1255, '2024-07-13', 'delivery', 465.75, 2, 'Weekend sale'),
(1256, '2024-07-14', 'takeaway', 202.40, 3, 'Weekend sale'),
(1257, '2024-07-14', 'on_site', 813.05, 1, 'Weekend sale'),
(1258, '2024-07-14', 'delivery', 469.20, 2, 'Weekend sale'),
(1259, '2024-07-14', 'takeaway', 205.85, 3, 'Weekend sale'),
(1260, '2024-07-14', 'on_site', 816.50, 1, 'Weekend sale'),
(1261, '2024-07-15', 'delivery', 411.00, 2, NULL),
(1262, '2024-07-15', 'takeaway', 182.00, 3, NULL),
(1263, '2024-07-15', 'on_site', 713.00, 1, NULL),
(1264, '2024-07-15', 'delivery', 414.00, 2, NULL),
(1265, '2024-07-15', 'takeaway', 185.00, 3, NULL),
(1266, '2024-07-15', 'on_site', 716.00, 1, NULL),
(1267, '2024-07-15', 'delivery', 417.00, 2, NULL),
(1268, '2024-07-16', 'takeaway', 188.00, 3, NULL),
(1269, '2024-07-16', 'on_site', 719.00, 1, NULL),
(1270, '2024-07-16', 'delivery', 420.00, 2, NULL),
(1271, '2024-07-16', 'takeaway', 191.00, 3, NULL),
(1272, '2024-07-16', 'on_site', 722.00, 1, NULL),
(1273, '2024-07-16', 'delivery', 423.00, 2, NULL),
(1274, '2024-07-16', 'takeaway', 194.00, 3, NULL),
(1275, '2024-07-17', 'on_site', 725.00, 1, NULL),
(1276, '2024-07-17', 'delivery', 426.00, 2, NULL),
(1277, '2024-07-17', 'takeaway', 197.00, 3, NULL),
(1278, '2024-07-17', 'on_site', 728.00, 1, NULL),
(1279, '2024-07-17', 'delivery', 429.00, 2, NULL),
(1280, '2024-07-17', 'takeaway', 200.00, 3, NULL),
(1281, '2024-07-17', 'on_site', 731.00, 1, NULL),
(1282, '2024-07-18', 'delivery', 432.00, 2, NULL),
(1283, '2024-07-18', 'takeaway', 203.00, 3, NULL),
(1284, '2024-07-18', 'on_site', 734.00, 1, NULL),
(1285, '2024-07-18', 'delivery', 435.00, 2, NULL),
(1286, '2024-07-18', 'takeaway', 206.00, 3, NULL),
(1287, '2024-07-18', 'on_site', 737.00, 1, NULL),
(1288, '2024-07-18', 'delivery', 438.00, 2, NULL),
(1289, '2024-07-19', 'takeaway', 209.00, 3, NULL),
(1290, '2024-07-19', 'on_site', 740.00, 1, NULL),
(1291, '2024-07-19', 'delivery', 441.00, 2, NULL),
(1292, '2024-07-19', 'takeaway', 212.00, 3, NULL),
(1293, '2024-07-19', 'on_site', 743.00, 1, NULL),
(1294, '2024-07-19', 'delivery', 444.00, 2, NULL),
(1295, '2024-07-19', 'takeaway', 215.00, 3, NULL),
(1296, '2024-07-20', 'on_site', 857.90, 1, 'Weekend sale'),
(1297, '2024-07-20', 'delivery', 514.05, 2, 'Weekend sale'),
(1298, '2024-07-20', 'takeaway', 250.70, 3, 'Weekend sale'),
(1299, '2024-07-20', 'on_site', 861.35, 1, 'Weekend sale'),
(1300, '2024-07-20', 'delivery', 517.50, 2, 'Weekend sale'),
(1301, '2024-07-21', 'takeaway', 254.15, 3, 'Weekend sale'),
(1302, '2024-07-21', 'on_site', 864.80, 1, 'Weekend sale'),
(1303, '2024-07-21', 'delivery', 520.95, 2, 'Weekend sale'),
(1304, '2024-07-21', 'takeaway', 257.60, 3, 'Weekend sale'),
(1305, '2024-07-21', 'on_site', 868.25, 1, 'Weekend sale'),
(1306, '2024-07-22', 'delivery', 456.00, 2, NULL),
(1307, '2024-07-22', 'takeaway', 227.00, 3, NULL),
(1308, '2024-07-22', 'on_site', 758.00, 1, NULL),
(1309, '2024-07-22', 'delivery', 459.00, 2, NULL),
(1310, '2024-07-22', 'takeaway', 230.00, 3, NULL),
(1311, '2024-07-22', 'on_site', 761.00, 1, NULL),
(1312, '2024-07-22', 'delivery', 462.00, 2, NULL),
(1313, '2024-07-23', 'takeaway', 233.00, 3, NULL),
(1314, '2024-07-23', 'on_site', 764.00, 1, NULL),
(1315, '2024-07-23', 'delivery', 465.00, 2, NULL),
(1316, '2024-07-23', 'takeaway', 236.00, 3, NULL),
(1317, '2024-07-23', 'on_site', 767.00, 1, NULL),
(1318, '2024-07-23', 'delivery', 468.00, 2, NULL),
(1319, '2024-07-23', 'takeaway', 239.00, 3, NULL),
(1320, '2024-07-24', 'on_site', 770.00, 1, NULL),
(1321, '2024-07-24', 'delivery', 471.00, 2, NULL),
(1322, '2024-07-24', 'takeaway', 242.00, 3, NULL),
(1323, '2024-07-24', 'on_site', 773.00, 1, NULL),
(1324, '2024-07-24', 'delivery', 474.00, 2, NULL),
(1325, '2024-07-24', 'takeaway', 245.00, 3, NULL),
(1326, '2024-07-24', 'on_site', 776.00, 1, NULL),
(1327, '2024-07-25', 'delivery', 477.00, 2, NULL),
(1328, '2024-07-25', 'takeaway', 248.00, 3, NULL),
(1329, '2024-07-25', 'on_site', 779.00, 1, NULL),
(1330, '2024-07-25', 'delivery', 480.00, 2, NULL),
(1331, '2024-07-25', 'takeaway', 251.00, 3, NULL),
(1332, '2024-07-25', 'on_site', 782.00, 1, NULL),
(1333, '2024-07-25', 'delivery', 483.00, 2, NULL),
(1334, '2024-07-26', 'takeaway', 254.00, 3, NULL),
(1335, '2024-07-26', 'on_site', 785.00, 1, NULL),
(1336, '2024-07-26', 'delivery', 486.00, 2, NULL),
(1337, '2024-07-26', 'takeaway', 257.00, 3, NULL),
(1338, '2024-07-26', 'on_site', 788.00, 1, NULL),
(1339, '2024-07-26', 'delivery', 489.00, 2, NULL),
(1340, '2024-07-26', 'takeaway', 260.00, 3, NULL),
(1341, '2024-07-27', 'on_site', 909.65, 1, 'Weekend sale'),
(1342, '2024-07-27', 'delivery', 565.80, 2, 'Weekend sale'),
(1343, '2024-07-27', 'takeaway', 302.45, 3, 'Weekend sale'),
(1344, '2024-07-27', 'on_site', 913.10, 1, 'Weekend sale'),
(1345, '2024-07-27', 'delivery', 569.25, 2, 'Weekend sale'),
(1346, '2024-07-28', 'takeaway', 305.90, 3, 'Weekend sale'),
(1347, '2024-07-28', 'on_site', 916.55, 1, 'Weekend sale'),
(1348, '2024-07-28', 'delivery', 572.70, 2, 'Weekend sale'),
(1349, '2024-07-28', 'takeaway', 309.35, 3, 'Weekend sale'),
(1350, '2024-07-28', 'on_site', 920.00, 1, 'Weekend sale'),
(1351, '2024-07-29', 'delivery', 501.00, 2, NULL),
(1352, '2024-07-29', 'takeaway', 272.00, 3, NULL),
(1353, '2024-07-29', 'on_site', 803.00, 1, NULL),
(1354, '2024-07-29', 'delivery', 504.00, 2, NULL),
(1355, '2024-07-29', 'takeaway', 275.00, 3, NULL),
(1356, '2024-07-29', 'on_site', 806.00, 1, NULL),
(1357, '2024-07-29', 'delivery', 507.00, 2, NULL),
(1358, '2024-07-30', 'takeaway', 278.00, 3, NULL),
(1359, '2024-07-30', 'on_site', 809.00, 1, NULL),
(1360, '2024-07-30', 'delivery', 510.00, 2, NULL),
(1361, '2024-07-30', 'takeaway', 281.00, 3, NULL),
(1362, '2024-07-30', 'on_site', 812.00, 1, NULL),
(1363, '2024-07-30', 'delivery', 513.00, 2, NULL),
(1364, '2024-07-30', 'takeaway', 284.00, 3, NULL),
(1365, '2024-07-31', 'on_site', 815.00, 1, NULL),
(1366, '2024-07-31', 'delivery', 516.00, 2, NULL),
(1367, '2024-07-31', 'takeaway', 287.00, 3, NULL),
(1368, '2024-07-31', 'on_site', 818.00, 1, NULL),
(1369, '2024-07-31', 'delivery', 519.00, 2, NULL),
(1370, '2024-07-31', 'takeaway', 290.00, 3, NULL),
(1371, '2024-07-31', 'on_site', 821.00, 1, NULL),
(1372, '2024-08-01', 'delivery', 522.00, 2, NULL),
(1373, '2024-08-01', 'takeaway', 293.00, 3, NULL),
(1374, '2024-08-01', 'on_site', 824.00, 1, NULL),
(1375, '2024-08-01', 'delivery', 525.00, 2, NULL),
(1376, '2024-08-01', 'takeaway', 296.00, 3, NULL),
(1377, '2024-08-01', 'on_site', 827.00, 1, NULL),
(1378, '2024-08-01', 'delivery', 528.00, 2, NULL),
(1379, '2024-08-02', 'takeaway', 299.00, 3, NULL),
(1380, '2024-08-02', 'on_site', 830.00, 1, NULL),
(1381, '2024-08-02', 'delivery', 531.00, 2, NULL),
(1382, '2024-08-02', 'takeaway', 302.00, 3, NULL),
(1383, '2024-08-02', 'on_site', 833.00, 1, NULL),
(1384, '2024-08-02', 'delivery', 534.00, 2, NULL),
(1385, '2024-08-02', 'takeaway', 305.00, 3, NULL),
(1386, '2024-08-03', 'on_site', 961.40, 1, 'Weekend sale'),
(1387, '2024-08-03', 'delivery', 617.55, 2, 'Weekend sale'),
(1388, '2024-08-03', 'takeaway', 354.20, 3, 'Weekend sale'),
(1389, '2024-08-03', 'on_site', 964.85, 1, 'Weekend sale'),
(1390, '2024-08-03', 'delivery', 621.00, 2, 'Weekend sale'),
(1391, '2024-08-04', 'takeaway', 357.65, 3, 'Weekend sale'),
(1392, '2024-08-04', 'on_site', 968.30, 1, 'Weekend sale'),
(1393, '2024-08-04', 'delivery', 624.45, 2, 'Weekend sale'),
(1394, '2024-08-04', 'takeaway', 361.10, 3, 'Weekend sale'),
(1395, '2024-08-04', 'on_site', 971.75, 1, 'Weekend sale'),
(1396, '2024-08-05', 'delivery', 546.00, 2, NULL),
(1397, '2024-08-05', 'takeaway', 317.00, 3, NULL),
(1398, '2024-08-05', 'on_site', 848.00, 1, NULL),
(1399, '2024-08-05', 'delivery', 549.00, 2, NULL),
(1400, '2024-08-05', 'takeaway', 320.00, 3, 'Special promotion'),
(1401, '2024-08-05', 'on_site', 851.00, 1, NULL),
(1402, '2024-08-05', 'delivery', 552.00, 2, NULL),
(1403, '2024-08-06', 'takeaway', 323.00, 3, NULL),
(1404, '2024-08-06', 'on_site', 854.00, 1, NULL),
(1405, '2024-08-06', 'delivery', 555.00, 2, NULL),
(1406, '2024-08-06', 'takeaway', 326.00, 3, NULL),
(1407, '2024-08-06', 'on_site', 857.00, 1, NULL),
(1408, '2024-08-06', 'delivery', 558.00, 2, NULL),
(1409, '2024-08-06', 'takeaway', 329.00, 3, NULL),
(1410, '2024-08-07', 'on_site', 860.00, 1, NULL),
(1411, '2024-08-07', 'delivery', 561.00, 2, NULL),
(1412, '2024-08-07', 'takeaway', 332.00, 3, NULL),
(1413, '2024-08-07', 'on_site', 863.00, 1, NULL),
(1414, '2024-08-07', 'delivery', 564.00, 2, NULL),
(1415, '2024-08-07', 'takeaway', 335.00, 3, NULL),
(1416, '2024-08-07', 'on_site', 866.00, 1, NULL),
(1417, '2024-08-08', 'delivery', 567.00, 2, NULL),
(1418, '2024-08-08', 'takeaway', 338.00, 3, NULL),
(1419, '2024-08-08', 'on_site', 869.00, 1, NULL),
(1420, '2024-08-08', 'delivery', 570.00, 2, NULL),
(1421, '2024-08-08', 'takeaway', 341.00, 3, NULL),
(1422, '2024-08-08', 'on_site', 872.00, 1, NULL),
(1423, '2024-08-08', 'delivery', 573.00, 2, NULL),
(1424, '2024-08-09', 'takeaway', 344.00, 3, NULL),
(1425, '2024-08-09', 'on_site', 875.00, 1, NULL),
(1426, '2024-08-09', 'delivery', 576.00, 2, NULL),
(1427, '2024-08-09', 'takeaway', 347.00, 3, NULL),
(1428, '2024-08-09', 'on_site', 878.00, 1, NULL),
(1429, '2024-08-09', 'delivery', 579.00, 2, NULL),
(1430, '2024-08-09', 'takeaway', 350.00, 3, NULL),
(1431, '2024-08-10', 'on_site', 1013.15, 1, 'Weekend sale'),
(1432, '2024-08-10', 'delivery', 669.30, 2, 'Weekend sale'),
(1433, '2024-08-10', 'takeaway', 405.95, 3, 'Weekend sale'),
(1434, '2024-08-10', 'on_site', 1016.60, 1, 'Weekend sale'),
(1435, '2024-08-10', 'delivery', 672.75, 2, 'Weekend sale'),
(1436, '2024-08-11', 'takeaway', 409.40, 3, 'Weekend sale'),
(1437, '2024-08-11', 'on_site', 1020.05, 1, 'Weekend sale'),
(1438, '2024-08-11', 'delivery', 676.20, 2, 'Weekend sale'),
(1439, '2024-08-11', 'takeaway', 412.85, 3, 'Weekend sale'),
(1440, '2024-08-11', 'on_site', 1023.50, 1, 'Weekend sale'),
(1441, '2024-08-12', 'delivery', 591.00, 2, NULL),
(1442, '2024-08-12', 'takeaway', 362.00, 3, NULL),
(1443, '2024-08-12', 'on_site', 893.00, 1, NULL),
(1444, '2024-08-12', 'delivery', 594.00, 2, NULL),
(1445, '2024-08-12', 'takeaway', 365.00, 3, NULL),
(1446, '2024-08-12', 'on_site', 896.00, 1, NULL),
(1447, '2024-08-12', 'delivery', 597.00, 2, NULL),
(1448, '2024-08-13', 'takeaway', 368.00, 3, NULL),
(1449, '2024-08-13', 'on_site', 899.00, 1, NULL),
(1450, '2024-08-13', 'delivery', 600.00, 2, 'Special promotion'),
(1451, '2024-08-13', 'takeaway', 371.00, 3, NULL),
(1452, '2024-08-13', 'on_site', 902.00, 1, NULL),
(1453, '2024-08-13', 'delivery', 603.00, 2, NULL),
(1454, '2024-08-13', 'takeaway', 374.00, 3, NULL),
(1455, '2024-08-14', 'on_site', 905.00, 1, NULL),
(1456, '2024-08-14', 'delivery', 606.00, 2, NULL),
(1457, '2024-08-14', 'takeaway', 377.00, 3, NULL),
(1458, '2024-08-14', 'on_site', 908.00, 1, NULL),
(1459, '2024-08-14', 'delivery', 609.00, 2, NULL),
(1460, '2024-08-14', 'takeaway', 380.00, 3, NULL),
(1461, '2024-08-14', 'on_site', 911.00, 1, NULL),
(1462, '2024-08-15', 'delivery', 612.00, 2, NULL),
(1463, '2024-08-15', 'takeaway', 383.00, 3, NULL),
(1464, '2024-08-15', 'on_site', 914.00, 1, NULL),
(1465, '2024-08-15', 'delivery', 615.00, 2, NULL),
(1466, '2024-08-15', 'takeaway', 386.00, 3, NULL),
(1467, '2024-08-15', 'on_site', 917.00, 1, NULL),
(1468, '2024-08-15', 'delivery', 618.00, 2, NULL),
(1469, '2024-08-16', 'takeaway', 389.00, 3, NULL),
(1470, '2024-08-16', 'on_site', 920.00, 1, NULL),
(1471, '2024-08-16', 'delivery', 621.00, 2, NULL),
(1472, '2024-08-16', 'takeaway', 392.00, 3, NULL),
(1473, '2024-08-16', 'on_site', 923.00, 1, NULL),
(1474, '2024-08-16', 'delivery', 624.00, 2, NULL),
(1475, '2024-08-16', 'takeaway', 395.00, 3, NULL),
(1476, '2024-08-17', 'on_site', 1064.90, 1, 'Weekend sale'),
(1477, '2024-08-17', 'delivery', 721.05, 2, 'Weekend sale'),
(1478, '2024-08-17', 'takeaway', 457.70, 3, 'Weekend sale'),
(1479, '2024-08-17', 'on_site', 1068.35, 1, 'Weekend sale'),
(1480, '2024-08-17', 'delivery', 724.50, 2, 'Weekend sale'),
(1481, '2024-08-18', 'takeaway', 461.15, 3, 'Weekend sale'),
(1482, '2024-08-18', 'on_site', 1071.80, 1, 'Weekend sale'),
(1483, '2024-08-18', 'delivery', 727.95, 2, 'Weekend sale'),
(1484, '2024-08-18', 'takeaway', 464.60, 3, 'Weekend sale'),
(1485, '2024-08-18', 'on_site', 1075.25, 1, 'Weekend sale'),
(1486, '2024-08-19', 'delivery', 636.00, 2, NULL),
(1487, '2024-08-19', 'takeaway', 407.00, 3, NULL),
(1488, '2024-08-19', 'on_site', 938.00, 1, NULL),
(1489, '2024-08-19', 'delivery', 639.00, 2, NULL),
(1490, '2024-08-19', 'takeaway', 410.00, 3, NULL),
(1491, '2024-08-19', 'on_site', 941.00, 1, NULL),
(1492, '2024-08-19', 'delivery', 642.00, 2, NULL),
(1493, '2024-08-20', 'takeaway', 413.00, 3, NULL),
(1494, '2024-08-20', 'on_site', 944.00, 1, NULL),
(1495, '2024-08-20', 'delivery', 645.00, 2, NULL),
(1496, '2024-08-20', 'takeaway', 416.00, 3, NULL),
(1497, '2024-08-20', 'on_site', 947.00, 1, NULL),
(1498, '2024-08-20', 'delivery', 648.00, 2, NULL),
(1499, '2024-08-20', 'takeaway', 419.00, 3, NULL),
(1500, '2024-08-21', 'on_site', 950.00, 1, 'Special promotion');

INSERT INTO sales (id, date, type, amount, quantity, description) VALUES
(1501, '2024-08-21', 'delivery', 651.00, 2, NULL),
(1502, '2024-08-21', 'takeaway', 422.00, 3, NULL),
(1503, '2024-08-21', 'on_site', 953.00, 1, NULL),
(1504, '2024-08-21', 'delivery', 654.00, 2, NULL),
(1505, '2024-08-21', 'takeaway', 425.00, 3, NULL),
(1506, '2024-08-21', 'on_site', 956.00, 1, NULL),
(1507, '2024-08-22', 'delivery', 657.00, 2, NULL),
(1508, '2024-08-22', 'takeaway', 428.00, 3, NULL),
(1509, '2024-08-22', 'on_site', 959.00, 1, NULL),
(1510, '2024-08-22', 'delivery', 660.00, 2, NULL),
(1511, '2024-08-22', 'takeaway', 431.00, 3, NULL),
(1512, '2024-08-22', 'on_site', 962.00, 1, NULL),
(1513, '2024-08-22', 'delivery', 663.00, 2, NULL),
(1514, '2024-08-23', 'takeaway', 434.00, 3, NULL),
(1515, '2024-08-23', 'on_site', 965.00, 1, NULL),
(1516, '2024-08-23', 'delivery', 666.00, 2, NULL),
(1517, '2024-08-23', 'takeaway', 437.00, 3, NULL),
(1518, '2024-08-23', 'on_site', 968.00, 1, NULL),
(1519, '2024-08-23', 'delivery', 669.00, 2, NULL),
(1520, '2024-08-23', 'takeaway', 440.00, 3, NULL),
(1521, '2024-08-24', 'on_site', 1116.65, 1, 'Weekend sale'),
(1522, '2024-08-24', 'delivery', 772.80, 2, 'Weekend sale'),
(1523, '2024-08-24', 'takeaway', 509.45, 3, 'Weekend sale'),
(1524, '2024-08-24', 'on_site', 1120.10, 1, 'Weekend sale'),
(1525, '2024-08-24', 'delivery', 776.25, 2, 'Weekend sale'),
(1526, '2024-08-25', 'takeaway', 512.90, 3, 'Weekend sale'),
(1527, '2024-08-25', 'on_site', 1123.55, 1, 'Weekend sale'),
(1528, '2024-08-25', 'delivery', 779.70, 2, 'Weekend sale'),
(1529, '2024-08-25', 'takeaway', 516.35, 3, 'Weekend sale'),
(1530, '2024-08-25', 'on_site', 1127.00, 1, 'Weekend sale'),
(1531, '2024-08-26', 'delivery', 681.00, 2, NULL),
(1532, '2024-08-26', 'takeaway', 452.00, 3, NULL),
(1533, '2024-08-26', 'on_site', 983.00, 1, NULL),
(1534, '2024-08-26', 'delivery', 684.00, 2, NULL),
(1535, '2024-08-26', 'takeaway', 455.00, 3, NULL),
(1536, '2024-08-26', 'on_site', 986.00, 1, NULL),
(1537, '2024-08-26', 'delivery', 687.00, 2, NULL),
(1538, '2024-08-27', 'takeaway', 458.00, 3, NULL),
(1539, '2024-08-27', 'on_site', 989.00, 1, NULL),
(1540, '2024-08-27', 'delivery', 690.00, 2, NULL),
(1541, '2024-08-27', 'takeaway', 461.00, 3, NULL),
(1542, '2024-08-27', 'on_site', 992.00, 1, NULL),
(1543, '2024-08-27', 'delivery', 693.00, 2, NULL),
(1544, '2024-08-27', 'takeaway', 464.00, 3, NULL),
(1545, '2024-08-28', 'on_site', 995.00, 1, NULL),
(1546, '2024-08-28', 'delivery', 696.00, 2, NULL),
(1547, '2024-08-28', 'takeaway', 467.00, 3, NULL),
(1548, '2024-08-28', 'on_site', 998.00, 1, NULL),
(1549, '2024-08-28', 'delivery', 699.00, 2, NULL),
(1550, '2024-08-28', 'takeaway', 470.00, 3, 'Special promotion'),
(1551, '2024-08-28', 'on_site', 1001.00, 1, NULL),
(1552, '2024-08-29', 'delivery', 702.00, 2, NULL),
(1553, '2024-08-29', 'takeaway', 473.00, 3, NULL),
(1554, '2024-08-29', 'on_site', 1004.00, 1, NULL),
(1555, '2024-08-29', 'delivery', 705.00, 2, NULL),
(1556, '2024-08-29', 'takeaway', 476.00, 3, NULL),
(1557, '2024-08-29', 'on_site', 1007.00, 1, NULL),
(1558, '2024-08-29', 'delivery', 708.00, 2, NULL),
(1559, '2024-08-30', 'takeaway', 479.00, 3, NULL),
(1560, '2024-08-30', 'on_site', 1010.00, 1, NULL),
(1561, '2024-08-30', 'delivery', 711.00, 2, NULL),
(1562, '2024-08-30', 'takeaway', 482.00, 3, NULL),
(1563, '2024-08-30', 'on_site', 1013.00, 1, NULL),
(1564, '2024-08-30', 'delivery', 714.00, 2, NULL),
(1565, '2024-08-30', 'takeaway', 485.00, 3, NULL),
(1566, '2024-08-31', 'on_site', 1168.40, 1, 'Weekend sale'),
(1567, '2024-08-31', 'delivery', 824.55, 2, 'Weekend sale'),
(1568, '2024-08-31', 'takeaway', 561.20, 3, 'Weekend sale'),
(1569, '2024-08-31', 'on_site', 1171.85, 1, 'Weekend sale'),
(1570, '2024-08-31', 'delivery', 828.00, 2, 'Weekend sale'),
(1571, '2024-09-01', 'takeaway', 564.65, 3, 'Weekend sale'),
(1572, '2024-09-01', 'on_site', 1175.30, 1, 'Weekend sale'),
(1573, '2024-09-01', 'delivery', 831.45, 2, 'Weekend sale'),
(1574, '2024-09-01', 'takeaway', 568.10, 3, 'Weekend sale'),
(1575, '2024-09-01', 'on_site', 1178.75, 1, 'Weekend sale'),
(1576, '2024-09-02', 'delivery', 726.00, 2, NULL),
(1577, '2024-09-02', 'takeaway', 497.00, 3, NULL),
(1578, '2024-09-02', 'on_site', 1028.00, 1, NULL),
(1579, '2024-09-02', 'delivery', 729.00, 2, NULL),
(1580, '2024-09-02', 'takeaway', 500.00, 3, NULL),
(1581, '2024-09-02', 'on_site', 1031.00, 1, NULL),
(1582, '2024-09-02', 'delivery', 732.00, 2, NULL),
(1583, '2024-09-03', 'takeaway', 503.00, 3, NULL),
(1584, '2024-09-03', 'on_site', 1034.00, 1, NULL),
(1585, '2024-09-03', 'delivery', 735.00, 2, NULL),
(1586, '2024-09-03', 'takeaway', 506.00, 3, NULL),
(1587, '2024-09-03', 'on_site', 1037.00, 1, NULL),
(1588, '2024-09-03', 'delivery', 738.00, 2, NULL),
(1589, '2024-09-03', 'takeaway', 509.00, 3, NULL),
(1590, '2024-09-04', 'on_site', 1040.00, 1, NULL),
(1591, '2024-09-04', 'delivery', 741.00, 2, NULL),
(1592, '2024-09-04', 'takeaway', 512.00, 3, NULL),
(1593, '2024-09-04', 'on_site', 1043.00, 1, NULL),
(1594, '2024-09-04', 'delivery', 744.00, 2, NULL),
(1595, '2024-09-04', 'takeaway', 515.00, 3, NULL),
(1596, '2024-09-04', 'on_site', 1046.00, 1, NULL),
(1597, '2024-09-05', 'delivery', 747.00, 2, NULL),
(1598, '2024-09-05', 'takeaway', 518.00, 3, NULL),
(1599, '2024-09-05', 'on_site', 1049.00, 1, NULL),
(1600, '2024-09-05', 'delivery', 350.00, 2, 'Special promotion'),
(1601, '2024-09-05', 'takeaway', 121.00, 3, NULL),
(1602, '2024-09-05', 'on_site', 652.00, 1, NULL),
(1603, '2024-09-05', 'delivery', 353.00, 2, NULL),
(1604, '2024-09-06', 'takeaway', 124.00, 3, NULL),
(1605, '2024-09-06', 'on_site', 655.00, 1, NULL),
(1606, '2024-09-06', 'delivery', 356.00, 2, NULL),
(1607, '2024-09-06', 'takeaway', 127.00, 3, NULL),
(1608, '2024-09-06', 'on_site', 658.00, 1, NULL),
(1609, '2024-09-06', 'delivery', 359.00, 2, NULL),
(1610, '2024-09-06', 'takeaway', 130.00, 3, NULL),
(1611, '2024-09-07', 'on_site', 760.15, 1, 'Weekend sale'),
(1612, '2024-09-07', 'delivery', 416.30, 2, 'Weekend sale'),
(1613, '2024-09-07', 'takeaway', 152.95, 3, 'Weekend sale'),
(1614, '2024-09-07', 'on_site', 763.60, 1, 'Weekend sale'),
(1615, '2024-09-07', 'delivery', 419.75, 2, 'Weekend sale'),
(1616, '2024-09-08', 'takeaway', 156.40, 3, 'Weekend sale'),
(1617, '2024-09-08', 'on_site', 767.05, 1, 'Weekend sale'),
(1618, '2024-09-08', 'delivery', 423.20, 2, 'Weekend sale'),
(1619, '2024-09-08', 'takeaway', 159.85, 3, 'Weekend sale'),
(1620, '2024-09-08', 'on_site', 770.50, 1, 'Weekend sale'),
(1621, '2024-09-09', 'delivery', 371.00, 2, NULL),
(1622, '2024-09-09', 'takeaway', 142.00, 3, NULL),
(1623, '2024-09-09', 'on_site', 673.00, 1, NULL),
(1624, '2024-09-09', 'delivery', 374.00, 2, NULL),
(1625, '2024-09-09', 'takeaway', 145.00, 3, NULL),
(1626, '2024-09-09', 'on_site', 676.00, 1, NULL),
(1627, '2024-09-09', 'delivery', 377.00, 2, NULL),
(1628, '2024-09-10', 'takeaway', 148.00, 3, NULL),
(1629, '2024-09-10', 'on_site', 679.00, 1, NULL),
(1630, '2024-09-10', 'delivery', 380.00, 2, NULL),
(1631, '2024-09-10', 'takeaway', 151.00, 3, NULL),
(1632, '2024-09-10', 'on_site', 682.00, 1, NULL),
(1633, '2024-09-10', 'delivery', 383.00, 2, NULL),
(1634, '2024-09-10', 'takeaway', 154.00, 3, NULL),
(1635, '2024-09-11', 'on_site', 685.00, 1, NULL),
(1636, '2024-09-11', 'delivery', 386.00, 2, NULL),
(1637, '2024-09-11', 'takeaway', 157.00, 3, NULL),
(1638, '2024-09-11', 'on_site', 688.00, 1, NULL),
(1639, '2024-09-11', 'delivery', 389.00, 2, NULL),
(1640, '2024-09-11', 'takeaway', 160.00, 3, NULL),
(1641, '2024-09-11', 'on_site', 691.00, 1, NULL),
(1642, '2024-09-12', 'delivery', 392.00, 2, NULL),
(1643, '2024-09-12', 'takeaway', 163.00, 3, NULL),
(1644, '2024-09-12', 'on_site', 694.00, 1, NULL),
(1645, '2024-09-12', 'delivery', 395.00, 2, NULL),
(1646, '2024-09-12', 'takeaway', 166.00, 3, NULL),
(1647, '2024-09-12', 'on_site', 697.00, 1, NULL),
(1648, '2024-09-12', 'delivery', 398.00, 2, NULL),
(1649, '2024-09-13', 'takeaway', 169.00, 3, NULL),
(1650, '2024-09-13', 'on_site', 700.00, 1, 'Special promotion'),
(1651, '2024-09-13', 'delivery', 401.00, 2, NULL),
(1652, '2024-09-13', 'takeaway', 172.00, 3, NULL),
(1653, '2024-09-13', 'on_site', 703.00, 1, NULL),
(1654, '2024-09-13', 'delivery', 404.00, 2, NULL),
(1655, '2024-09-13', 'takeaway', 175.00, 3, NULL),
(1656, '2024-09-14', 'on_site', 811.90, 1, 'Weekend sale'),
(1657, '2024-09-14', 'delivery', 468.05, 2, 'Weekend sale'),
(1658, '2024-09-14', 'takeaway', 204.70, 3, 'Weekend sale'),
(1659, '2024-09-14', 'on_site', 815.35, 1, 'Weekend sale'),
(1660, '2024-09-14', 'delivery', 471.50, 2, 'Weekend sale'),
(1661, '2024-09-15', 'takeaway', 208.15, 3, 'Weekend sale'),
(1662, '2024-09-15', 'on_site', 818.80, 1, 'Weekend sale'),
(1663, '2024-09-15', 'delivery', 474.95, 2, 'Weekend sale'),
(1664, '2024-09-15', 'takeaway', 211.60, 3, 'Weekend sale'),
(1665, '2024-09-15', 'on_site', 822.25, 1, 'Weekend sale'),
(1666, '2024-09-16', 'delivery', 416.00, 2, NULL),
(1667, '2024-09-16', 'takeaway', 187.00, 3, NULL),
(1668, '2024-09-16', 'on_site', 718.00, 1, NULL),
(1669, '2024-09-16', 'delivery', 419.00, 2, NULL),
(1670, '2024-09-16', 'takeaway', 190.00, 3, NULL),
(1671, '2024-09-16', 'on_site', 721.00, 1, NULL),
(1672, '2024-09-16', 'delivery', 422.00, 2, NULL),
(1673, '2024-09-17', 'takeaway', 193.00, 3, NULL),
(1674, '2024-09-17', 'on_site', 724.00, 1, NULL),
(1675, '2024-09-17', 'delivery', 425.00, 2, NULL),
(1676, '2024-09-17', 'takeaway', 196.00, 3, NULL),
(1677, '2024-09-17', 'on_site', 727.00, 1, NULL),
(1678, '2024-09-17', 'delivery', 428.00, 2, NULL),
(1679, '2024-09-17', 'takeaway', 199.00, 3, NULL),
(1680, '2024-09-18', 'on_site', 730.00, 1, NULL),
(1681, '2024-09-18', 'delivery', 431.00, 2, NULL),
(1682, '2024-09-18', 'takeaway', 202.00, 3, NULL),
(1683, '2024-09-18', 'on_site', 733.00, 1, NULL),
(1684, '2024-09-18', 'delivery', 434.00, 2, NULL),
(1685, '2024-09-18', 'takeaway', 205.00, 3, NULL),
(1686, '2024-09-18', 'on_site', 736.00, 1, NULL),
(1687, '2024-09-19', 'delivery', 437.00, 2, NULL),
(1688, '2024-09-19', 'takeaway', 208.00, 3, NULL),
(1689, '2024-09-19', 'on_site', 739.00, 1, NULL),
(1690, '2024-09-19', 'delivery', 440.00, 2, NULL),
(1691, '2024-09-19', 'takeaway', 211.00, 3, NULL),
(1692, '2024-09-19', 'on_site', 742.00, 1, NULL),
(1693, '2024-09-19', 'delivery', 443.00, 2, NULL),
(1694, '2024-09-20', 'takeaway', 214.00, 3, NULL),
(1695, '2024-09-20', 'on_site', 745.00, 1, NULL),
(1696, '2024-09-20', 'delivery', 446.00, 2, NULL),
(1697, '2024-09-20', 'takeaway', 217.00, 3, NULL),
(1698, '2024-09-20', 'on_site', 748.00, 1, NULL),
(1699, '2024-09-20', 'delivery', 449.00, 2, NULL),
(1700, '2024-09-20', 'takeaway', 220.00, 3, 'Special promotion'),
(1701, '2024-09-21', 'on_site', 863.65, 1, 'Weekend sale'),
(1702, '2024-09-21', 'delivery', 519.80, 2, 'Weekend sale'),
(1703, '2024-09-21', 'takeaway', 256.45, 3, 'Weekend sale'),
(1704, '2024-09-21', 'on_site', 867.10, 1, 'Weekend sale'),
(1705, '2024-09-21', 'delivery', 523.25, 2, 'Weekend sale'),
(1706, '2024-09-22', 'takeaway', 259.90, 3, 'Weekend sale'),
(1707, '2024-09-22', 'on_site', 870.55, 1, 'Weekend sale'),
(1708, '2024-09-22', 'delivery', 526.70, 2, 'Weekend sale'),
(1709, '2024-09-22', 'takeaway', 263.35, 3, 'Weekend sale'),
(1710, '2024-09-22', 'on_site', 874.00, 1, 'Weekend sale'),
(1711, '2024-09-23', 'delivery', 461.00, 2, NULL),
(1712, '2024-09-23', 'takeaway', 232.00, 3, NULL),
(1713, '2024-09-23', 'on_site', 763.00, 1, NULL),
(1714, '2024-09-23', 'delivery', 464.00, 2, NULL),
(1715, '2024-09-23', 'takeaway', 235.00, 3, NULL),
(1716, '2024-09-23', 'on_site', 766.00, 1, NULL),
(1717, '2024-09-23', 'delivery', 467.00, 2, NULL),
(1718, '2024-09-24', 'takeaway', 238.00, 3, NULL),
(1719, '2024-09-24', 'on_site', 769.00, 1, NULL),
(1720, '2024-09-24', 'delivery', 470.00, 2, NULL),
(1721, '2024-09-24', 'takeaway', 241.00, 3, NULL),
(1722, '2024-09-24', 'on_site', 772.00, 1, NULL),
(1723, '2024-09-24', 'delivery', 473.00, 2, NULL),
(1724, '2024-09-24', 'takeaway', 244.00, 3, NULL),
(1725, '2024-09-25', 'on_site', 775.00, 1, NULL),
(1726, '2024-09-25', 'delivery', 476.00, 2, NULL),
(1727, '2024-09-25', 'takeaway', 247.00, 3, NULL),
(1728, '2024-09-25', 'on_site', 778.00, 1, NULL),
(1729, '2024-09-25', 'delivery', 479.00, 2, NULL),
(1730, '2024-09-25', 'takeaway', 250.00, 3, NULL),
(1731, '2024-09-25', 'on_site', 781.00, 1, NULL),
(1732, '2024-09-26', 'delivery', 482.00, 2, NULL),
(1733, '2024-09-26', 'takeaway', 253.00, 3, NULL),
(1734, '2024-09-26', 'on_site', 784.00, 1, NULL),
(1735, '2024-09-26', 'delivery', 485.00, 2, NULL),
(1736, '2024-09-26', 'takeaway', 256.00, 3, NULL),
(1737, '2024-09-26', 'on_site', 787.00, 1, NULL),
(1738, '2024-09-26', 'delivery', 488.00, 2, NULL),
(1739, '2024-09-27', 'takeaway', 259.00, 3, NULL),
(1740, '2024-09-27', 'on_site', 790.00, 1, NULL),
(1741, '2024-09-27', 'delivery', 491.00, 2, NULL),
(1742, '2024-09-27', 'takeaway', 262.00, 3, NULL),
(1743, '2024-09-27', 'on_site', 793.00, 1, NULL),
(1744, '2024-09-27', 'delivery', 494.00, 2, NULL),
(1745, '2024-09-27', 'takeaway', 265.00, 3, NULL),
(1746, '2024-09-28', 'on_site', 915.40, 1, 'Weekend sale'),
(1747, '2024-09-28', 'delivery', 571.55, 2, 'Weekend sale'),
(1748, '2024-09-28', 'takeaway', 308.20, 3, 'Weekend sale'),
(1749, '2024-09-28', 'on_site', 918.85, 1, 'Weekend sale'),
(1750, '2024-09-28', 'delivery', 575.00, 2, 'Weekend sale'),
(1751, '2024-09-29', 'takeaway', 311.65, 3, 'Weekend sale'),
(1752, '2024-09-29', 'on_site', 922.30, 1, 'Weekend sale'),
(1753, '2024-09-29', 'delivery', 578.45, 2, 'Weekend sale'),
(1754, '2024-09-29', 'takeaway', 315.10, 3, 'Weekend sale'),
(1755, '2024-09-29', 'on_site', 925.75, 1, 'Weekend sale'),
(1756, '2024-09-30', 'delivery', 506.00, 2, NULL),
(1757, '2024-09-30', 'takeaway', 277.00, 3, NULL),
(1758, '2024-09-30', 'on_site', 808.00, 1, NULL),
(1759, '2024-09-30', 'delivery', 509.00, 2, NULL),
(1760, '2024-09-30', 'takeaway', 280.00, 3, NULL),
(1761, '2024-09-30', 'on_site', 811.00, 1, NULL),
(1762, '2024-09-30', 'delivery', 512.00, 2, NULL),
(1763, '2024-10-01', 'takeaway', 283.00, 3, NULL),
(1764, '2024-10-01', 'on_site', 814.00, 1, NULL),
(1765, '2024-10-01', 'delivery', 515.00, 2, NULL),
(1766, '2024-10-01', 'takeaway', 286.00, 3, NULL),
(1767, '2024-10-01', 'on_site', 817.00, 1, NULL),
(1768, '2024-10-01', 'delivery', 518.00, 2, NULL),
(1769, '2024-10-01', 'takeaway', 289.00, 3, NULL),
(1770, '2024-10-02', 'on_site', 820.00, 1, NULL),
(1771, '2024-10-02', 'delivery', 521.00, 2, NULL),
(1772, '2024-10-02', 'takeaway', 292.00, 3, NULL),
(1773, '2024-10-02', 'on_site', 823.00, 1, NULL),
(1774, '2024-10-02', 'delivery', 524.00, 2, NULL),
(1775, '2024-10-02', 'takeaway', 295.00, 3, NULL),
(1776, '2024-10-02', 'on_site', 826.00, 1, NULL),
(1777, '2024-10-03', 'delivery', 527.00, 2, NULL),
(1778, '2024-10-03', 'takeaway', 298.00, 3, NULL),
(1779, '2024-10-03', 'on_site', 829.00, 1, NULL),
(1780, '2024-10-03', 'delivery', 530.00, 2, NULL),
(1781, '2024-10-03', 'takeaway', 301.00, 3, NULL),
(1782, '2024-10-03', 'on_site', 832.00, 1, NULL),
(1783, '2024-10-03', 'delivery', 533.00, 2, NULL),
(1784, '2024-10-04', 'takeaway', 304.00, 3, NULL),
(1785, '2024-10-04', 'on_site', 835.00, 1, NULL),
(1786, '2024-10-04', 'delivery', 536.00, 2, NULL),
(1787, '2024-10-04', 'takeaway', 307.00, 3, NULL),
(1788, '2024-10-04', 'on_site', 838.00, 1, NULL),
(1789, '2024-10-04', 'delivery', 539.00, 2, NULL),
(1790, '2024-10-04', 'takeaway', 310.00, 3, NULL),
(1791, '2024-10-05', 'on_site', 967.15, 1, 'Weekend sale'),
(1792, '2024-10-05', 'delivery', 623.30, 2, 'Weekend sale'),
(1793, '2024-10-05', 'takeaway', 359.95, 3, 'Weekend sale'),
(1794, '2024-10-05', 'on_site', 970.60, 1, 'Weekend sale'),
(1795, '2024-10-05', 'delivery', 626.75, 2, 'Weekend sale'),
(1796, '2024-10-06', 'takeaway', 363.40, 3, 'Weekend sale'),
(1797, '2024-10-06', 'on_site', 974.05, 1, 'Weekend sale'),
(1798, '2024-10-06', 'delivery', 630.20, 2, 'Weekend sale'),
(1799, '2024-10-06', 'takeaway', 366.85, 3, 'Weekend sale'),
(1800, '2024-10-06', 'on_site', 977.50, 1, 'Weekend sale'),
(1801, '2024-10-07', 'delivery', 551.00, 2, NULL),
(1802, '2024-10-07', 'takeaway', 322.00, 3, NULL),
(1803, '2024-10-07', 'on_site', 853.00, 1, NULL),
(1804, '2024-10-07', 'delivery', 554.00, 2, NULL),
(1805, '2024-10-07', 'takeaway', 325.00, 3, NULL),
(1806, '2024-10-07', 'on_site', 856.00, 1, NULL),
(1807, '2024-10-07', 'delivery', 557.00, 2, NULL),
(1808, '2024-10-08', 'takeaway', 328.00, 3, NULL),
(1809, '2024-10-08', 'on_site', 859.00, 1, NULL),
(1810, '2024-10-08', 'delivery', 560.00, 2, NULL),
(1811, '2024-10-08', 'takeaway', 331.00, 3, NULL),
(1812, '2024-10-08', 'on_site', 862.00, 1, NULL),
(1813, '2024-10-08', 'delivery', 563.00, 2, NULL),
(1814, '2024-10-08', 'takeaway', 334.00, 3, NULL),
(1815, '2024-10-09', 'on_site', 865.00, 1, NULL),
(1816, '2024-10-09', 'delivery', 566.00, 2, NULL),
(1817, '2024-10-09', 'takeaway', 337.00, 3, NULL),
(1818, '2024-10-09', 'on_site', 868.00, 1, NULL),
(1819, '2024-10-09', 'delivery', 569.00, 2, NULL),
(1820, '2024-10-09', 'takeaway', 340.00, 3, NULL),
(1821, '2024-10-09', 'on_site', 871.00, 1, NULL),
(1822, '2024-10-10', 'delivery', 572.00, 2, NULL),
(1823, '2024-10-10', 'takeaway', 343.00, 3, NULL),
(1824, '2024-10-10', 'on_site', 874.00, 1, NULL),
(1825, '2024-10-10', 'delivery', 575.00, 2, NULL),
(1826, '2024-10-10', 'takeaway', 346.00, 3, NULL),
(1827, '2024-10-10', 'on_site', 877.00, 1, NULL),
(1828, '2024-10-10', 'delivery', 578.00, 2, NULL),
(1829, '2024-10-11', 'takeaway', 349.00, 3, NULL),
(1830, '2024-10-11', 'on_site', 880.00, 1, NULL),
(1831, '2024-10-11', 'delivery', 581.00, 2, NULL),
(1832, '2024-10-11', 'takeaway', 352.00, 3, NULL),
(1833, '2024-10-11', 'on_site', 883.00, 1, NULL),
(1834, '2024-10-11', 'delivery', 584.00, 2, NULL),
(1835, '2024-10-11', 'takeaway', 355.00, 3, NULL),
(1836, '2024-10-12', 'on_site', 1018.90, 1, 'Weekend sale'),
(1837, '2024-10-12', 'delivery', 675.05, 2, 'Weekend sale'),
(1838, '2024-10-12', 'takeaway', 411.70, 3, 'Weekend sale'),
(1839, '2024-10-12', 'on_site', 1022.35, 1, 'Weekend sale'),
(1840, '2024-10-12', 'delivery', 678.50, 2, 'Weekend sale'),
(1841, '2024-10-13', 'takeaway', 415.15, 3, 'Weekend sale'),
(1842, '2024-10-13', 'on_site', 1025.80, 1, 'Weekend sale'),
(1843, '2024-10-13', 'delivery', 681.95, 2, 'Weekend sale'),
(1844, '2024-10-13', 'takeaway', 418.60, 3, 'Weekend sale'),
(1845, '2024-10-13', 'on_site', 1029.25, 1, 'Weekend sale'),
(1846, '2024-10-14', 'delivery', 596.00, 2, NULL),
(1847, '2024-10-14', 'takeaway', 367.00, 3, NULL),
(1848, '2024-10-14', 'on_site', 898.00, 1, NULL),
(1849, '2024-10-14', 'delivery', 599.00, 2, NULL),
(1850, '2024-10-14', 'takeaway', 370.00, 3, 'Special promotion'),
(1851, '2024-10-14', 'on_site', 901.00, 1, NULL),
(1852, '2024-10-14', 'delivery', 602.00, 2, NULL),
(1853, '2024-10-15', 'takeaway', 373.00, 3, NULL),
(1854, '2024-10-15', 'on_site', 904.00, 1, NULL),
(1855, '2024-10-15', 'delivery', 605.00, 2, NULL),
(1856, '2024-10-15', 'takeaway', 376.00, 3, NULL),
(1857, '2024-10-15', 'on_site', 907.00, 1, NULL),
(1858, '2024-10-15', 'delivery', 608.00, 2, NULL),
(1859, '2024-10-15', 'takeaway', 379.00, 3, NULL),
(1860, '2024-10-16', 'on_site', 910.00, 1, NULL),
(1861, '2024-10-16', 'delivery', 611.00, 2, NULL),
(1862, '2024-10-16', 'takeaway', 382.00, 3, NULL),
(1863, '2024-10-16', 'on_site', 913.00, 1, NULL),
(1864, '2024-10-16', 'delivery', 614.00, 2, NULL),
(1865, '2024-10-16', 'takeaway', 385.00, 3, NULL),
(1866, '2024-10-16', 'on_site', 916.00, 1, NULL),
(1867, '2024-10-17', 'delivery', 617.00, 2, NULL),
(1868, '2024-10-17', 'takeaway', 388.00, 3, NULL),
(1869, '2024-10-17', 'on_site', 919.00, 1, NULL),
(1870, '2024-10-17', 'delivery', 620.00, 2, NULL),
(1871, '2024-10-17', 'takeaway', 391.00, 3, NULL),
(1872, '2024-10-17', 'on_site', 922.00, 1, NULL),
(1873, '2024-10-17', 'delivery', 623.00, 2, NULL),
(1874, '2024-10-18', 'takeaway', 394.00, 3, NULL),
(1875, '2024-10-18', 'on_site', 925.00, 1, NULL),
(1876, '2024-10-18', 'delivery', 626.00, 2, NULL),
(1877, '2024-10-18', 'takeaway', 397.00, 3, NULL),
(1878, '2024-10-18', 'on_site', 928.00, 1, NULL),
(1879, '2024-10-18', 'delivery', 629.00, 2, NULL),
(1880, '2024-10-18', 'takeaway', 400.00, 3, NULL),
(1881, '2024-10-19', 'on_site', 1070.65, 1, 'Weekend sale'),
(1882, '2024-10-19', 'delivery', 726.80, 2, 'Weekend sale'),
(1883, '2024-10-19', 'takeaway', 463.45, 3, 'Weekend sale'),
(1884, '2024-10-19', 'on_site', 1074.10, 1, 'Weekend sale'),
(1885, '2024-10-19', 'delivery', 730.25, 2, 'Weekend sale'),
(1886, '2024-10-20', 'takeaway', 466.90, 3, 'Weekend sale'),
(1887, '2024-10-20', 'on_site', 1077.55, 1, 'Weekend sale'),
(1888, '2024-10-20', 'delivery', 733.70, 2, 'Weekend sale'),
(1889, '2024-10-20', 'takeaway', 470.35, 3, 'Weekend sale'),
(1890, '2024-10-20', 'on_site', 1081.00, 1, 'Weekend sale'),
(1891, '2024-10-21', 'delivery', 641.00, 2, NULL),
(1892, '2024-10-21', 'takeaway', 412.00, 3, NULL),
(1893, '2024-10-21', 'on_site', 943.00, 1, NULL),
(1894, '2024-10-21', 'delivery', 644.00, 2, NULL),
(1895, '2024-10-21', 'takeaway', 415.00, 3, NULL),
(1896, '2024-10-21', 'on_site', 946.00, 1, NULL),
(1897, '2024-10-21', 'delivery', 647.00, 2, NULL),
(1898, '2024-10-22', 'takeaway', 418.00, 3, NULL),
(1899, '2024-10-22', 'on_site', 949.00, 1, NULL),
(1900, '2024-10-22', 'delivery', 650.00, 2, 'Special promotion'),
(1901, '2024-10-22', 'takeaway', 421.00, 3, NULL),
(1902, '2024-10-22', 'on_site', 952.00, 1, NULL),
(1903, '2024-10-22', 'delivery', 653.00, 2, NULL),
(1904, '2024-10-22', 'takeaway', 424.00, 3, NULL),
(1905, '2024-10-23', 'on_site', 955.00, 1, NULL),
(1906, '2024-10-23', 'delivery', 656.00, 2, NULL),
(1907, '2024-10-23', 'takeaway', 427.00, 3, NULL),
(1908, '2024-10-23', 'on_site', 958.00, 1, NULL),
(1909, '2024-10-23', 'delivery', 659.00, 2, NULL),
(1910, '2024-10-23', 'takeaway', 430.00, 3, NULL),
(1911, '2024-10-23', 'on_site', 961.00, 1, NULL),
(1912, '2024-10-24', 'delivery', 662.00, 2, NULL),
(1913, '2024-10-24', 'takeaway', 433.00, 3, NULL),
(1914, '2024-10-24', 'on_site', 964.00, 1, NULL),
(1915, '2024-10-24', 'delivery', 665.00, 2, NULL),
(1916, '2024-10-24', 'takeaway', 436.00, 3, NULL),
(1917, '2024-10-24', 'on_site', 967.00, 1, NULL),
(1918, '2024-10-24', 'delivery', 668.00, 2, NULL),
(1919, '2024-10-25', 'takeaway', 439.00, 3, NULL),
(1920, '2024-10-25', 'on_site', 970.00, 1, NULL),
(1921, '2024-10-25', 'delivery', 671.00, 2, NULL),
(1922, '2024-10-25', 'takeaway', 442.00, 3, NULL),
(1923, '2024-10-25', 'on_site', 973.00, 1, NULL),
(1924, '2024-10-25', 'delivery', 674.00, 2, NULL),
(1925, '2024-10-25', 'takeaway', 445.00, 3, NULL),
(1926, '2024-10-26', 'on_site', 1122.40, 1, 'Weekend sale'),
(1927, '2024-10-26', 'delivery', 778.55, 2, 'Weekend sale'),
(1928, '2024-10-26', 'takeaway', 515.20, 3, 'Weekend sale'),
(1929, '2024-10-26', 'on_site', 1125.85, 1, 'Weekend sale'),
(1930, '2024-10-26', 'delivery', 782.00, 2, 'Weekend sale'),
(1931, '2024-10-27', 'takeaway', 518.65, 3, 'Weekend sale'),
(1932, '2024-10-27', 'on_site', 1129.30, 1, 'Weekend sale'),
(1933, '2024-10-27', 'delivery', 785.45, 2, 'Weekend sale'),
(1934, '2024-10-27', 'takeaway', 522.10, 3, 'Weekend sale'),
(1935, '2024-10-27', 'on_site', 1132.75, 1, 'Weekend sale'),
(1936, '2024-10-28', 'delivery', 686.00, 2, NULL),
(1937, '2024-10-28', 'takeaway', 457.00, 3, NULL),
(1938, '2024-10-28', 'on_site', 988.00, 1, NULL),
(1939, '2024-10-28', 'delivery', 689.00, 2, NULL),
(1940, '2024-10-28', 'takeaway', 460.00, 3, NULL),
(1941, '2024-10-28', 'on_site', 991.00, 1, NULL),
(1942, '2024-10-28', 'delivery', 692.00, 2, NULL),
(1943, '2024-10-29', 'takeaway', 463.00, 3, NULL),
(1944, '2024-10-29', 'on_site', 994.00, 1, NULL),
(1945, '2024-10-29', 'delivery', 695.00, 2, NULL),
(1946, '2024-10-29', 'takeaway', 466.00, 3, NULL),
(1947, '2024-10-29', 'on_site', 997.00, 1, NULL),
(1948, '2024-10-29', 'delivery', 698.00, 2, NULL),
(1949, '2024-10-29', 'takeaway', 469.00, 3, NULL),
(1950, '2024-10-30', 'on_site', 1000.00, 1, 'Special promotion'),
(1951, '2024-10-30', 'delivery', 701.00, 2, NULL),
(1952, '2024-10-30', 'takeaway', 472.00, 3, NULL),
(1953, '2024-10-30', 'on_site', 1003.00, 1, NULL),
(1954, '2024-10-30', 'delivery', 704.00, 2, NULL),
(1955, '2024-10-30', 'takeaway', 475.00, 3, NULL),
(1956, '2024-10-30', 'on_site', 1006.00, 1, NULL),
(1957, '2024-10-31', 'delivery', 707.00, 2, NULL),
(1958, '2024-10-31', 'takeaway', 478.00, 3, NULL),
(1959, '2024-10-31', 'on_site', 1009.00, 1, NULL),
(1960, '2024-10-31', 'delivery', 710.00, 2, NULL),
(1961, '2024-10-31', 'takeaway', 481.00, 3, NULL),
(1962, '2024-10-31', 'on_site', 1012.00, 1, NULL),
(1963, '2024-10-31', 'delivery', 713.00, 2, NULL),
(1964, '2024-11-01', 'takeaway', 484.00, 3, NULL),
(1965, '2024-11-01', 'on_site', 1015.00, 1, NULL),
(1966, '2024-11-01', 'delivery', 716.00, 2, NULL),
(1967, '2024-11-01', 'takeaway', 487.00, 3, NULL),
(1968, '2024-11-01', 'on_site', 1018.00, 1, NULL),
(1969, '2024-11-01', 'delivery', 719.00, 2, NULL),
(1970, '2024-11-01', 'takeaway', 490.00, 3, NULL),
(1971, '2024-11-02', 'on_site', 1174.15, 1, 'Weekend sale'),
(1972, '2024-11-02', 'delivery', 830.30, 2, 'Weekend sale'),
(1973, '2024-11-02', 'takeaway', 566.95, 3, 'Weekend sale'),
(1974, '2024-11-02', 'on_site', 1177.60, 1, 'Weekend sale'),
(1975, '2024-11-02', 'delivery', 833.75, 2, 'Weekend sale'),
(1976, '2024-11-03', 'takeaway', 570.40, 3, 'Weekend sale'),
(1977, '2024-11-03', 'on_site', 1181.05, 1, 'Weekend sale'),
(1978, '2024-11-03', 'delivery', 837.20, 2, 'Weekend sale'),
(1979, '2024-11-03', 'takeaway', 573.85, 3, 'Weekend sale'),
(1980, '2024-11-03', 'on_site', 1184.50, 1, 'Weekend sale'),
(1981, '2024-11-04', 'delivery', 731.00, 2, NULL),
(1982, '2024-11-04', 'takeaway', 502.00, 3, NULL),
(1983, '2024-11-04', 'on_site', 1033.00, 1, NULL),
(1984, '2024-11-04', 'delivery', 734.00, 2, NULL),
(1985, '2024-11-04', 'takeaway', 505.00, 3, NULL),
(1986, '2024-11-04', 'on_site', 1036.00, 1, NULL),
(1987, '2024-11-04', 'delivery', 737.00, 2, NULL),
(1988, '2024-11-05', 'takeaway', 508.00, 3, NULL),
(1989, '2024-11-05', 'on_site', 1039.00, 1, NULL),
(1990, '2024-11-05', 'delivery', 740.00, 2, NULL),
(1991, '2024-11-05', 'takeaway', 511.00, 3, NULL),
(1992, '2024-11-05', 'on_site', 1042.00, 1, NULL),
(1993, '2024-11-05', 'delivery', 743.00, 2, NULL),
(1994, '2024-11-05', 'takeaway', 514.00, 3, NULL),
(1995, '2024-11-06', 'on_site', 1045.00, 1, NULL),
(1996, '2024-11-06', 'delivery', 746.00, 2, NULL),
(1997, '2024-11-06', 'takeaway', 517.00, 3, NULL),
(1998, '2024-11-06', 'on_site', 1048.00, 1, NULL),
(1999, '2024-11-06', 'delivery', 749.00, 2, NULL),
(2000, '2024-11-06', 'takeaway', 120.00, 3, 'Special promotion');

INSERT INTO sales (id, date, type, amount, quantity, description) VALUES
(2001, '2024-11-06', 'on_site', 651.00, 1, NULL),
(2002, '2024-11-07', 'delivery', 352.00, 2, NULL),
(2003, '2024-11-07', 'takeaway', 123.00, 3, NULL),
(2004, '2024-11-07', 'on_site', 654.00, 1, NULL),
(2005, '2024-11-07', 'delivery', 355.00, 2, NULL),
(2006, '2024-11-07', 'takeaway', 126.00, 3, NULL),
(2007, '2024-11-07', 'on_site', 657.00, 1, NULL),
(2008, '2024-11-07', 'delivery', 358.00, 2, NULL),
(2009, '2024-11-08', 'takeaway', 129.00, 3, NULL),
(2010, '2024-11-08', 'on_site', 660.00, 1, NULL),
(2011, '2024-11-08', 'delivery', 361.00, 2, NULL),
(2012, '2024-11-08', 'takeaway', 132.00, 3, NULL),
(2013, '2024-11-08', 'on_site', 663.00, 1, NULL),
(2014, '2024-11-08', 'delivery', 364.00, 2, NULL),
(2015, '2024-11-08', 'takeaway', 135.00, 3, NULL),
(2016, '2024-11-09', 'on_site', 765.90, 1, 'Weekend sale'),
(2017, '2024-11-09', 'delivery', 422.05, 2, 'Weekend sale'),
(2018, '2024-11-09', 'takeaway', 158.70, 3, 'Weekend sale'),
(2019, '2024-11-09', 'on_site', 769.35, 1, 'Weekend sale'),
(2020, '2024-11-09', 'delivery', 425.50, 2, 'Weekend sale'),
(2021, '2024-11-10', 'takeaway', 162.15, 3, 'Weekend sale'),
(2022, '2024-11-10', 'on_site', 772.80, 1, 'Weekend sale'),
(2023, '2024-11-10', 'delivery', 428.95, 2, 'Weekend sale'),
(2024, '2024-11-10', 'takeaway', 165.60, 3, 'Weekend sale'),
(2025, '2024-11-10', 'on_site', 776.25, 1, 'Weekend sale'),
(2026, '2024-11-11', 'delivery', 376.00, 2, NULL),
(2027, '2024-11-11', 'takeaway', 147.00, 3, NULL),
(2028, '2024-11-11', 'on_site', 678.00, 1, NULL),
(2029, '2024-11-11', 'delivery', 379.00, 2, NULL),
(2030, '2024-11-11', 'takeaway', 150.00, 3, NULL),
(2031, '2024-11-11', 'on_site', 681.00, 1, NULL),
(2032, '2024-11-11', 'delivery', 382.00, 2, NULL),
(2033, '2024-11-12', 'takeaway', 153.00, 3, NULL),
(2034, '2024-11-12', 'on_site', 684.00, 1, NULL),
(2035, '2024-11-12', 'delivery', 385.00, 2, NULL),
(2036, '2024-11-12', 'takeaway', 156.00, 3, NULL),
(2037, '2024-11-12', 'on_site', 687.00, 1, NULL),
(2038, '2024-11-12', 'delivery', 388.00, 2, NULL),
(2039, '2024-11-12', 'takeaway', 159.00, 3, NULL),
(2040, '2024-11-13', 'on_site', 690.00, 1, NULL),
(2041, '2024-11-13', 'delivery', 391.00, 2, NULL),
(2042, '2024-11-13', 'takeaway', 162.00, 3, NULL),
(2043, '2024-11-13', 'on_site', 693.00, 1, NULL),
(2044, '2024-11-13', 'delivery', 394.00, 2, NULL),
(2045, '2024-11-13', 'takeaway', 165.00, 3, NULL),
(2046, '2024-11-13', 'on_site', 696.00, 1, NULL),
(2047, '2024-11-14', 'delivery', 397.00, 2, NULL),
(2048, '2024-11-14', 'takeaway', 168.00, 3, NULL),
(2049, '2024-11-14', 'on_site', 699.00, 1, NULL),
(2050, '2024-11-14', 'delivery', 400.00, 2, 'Special promotion'),
(2051, '2024-11-14', 'takeaway', 171.00, 3, NULL),
(2052, '2024-11-14', 'on_site', 702.00, 1, NULL),
(2053, '2024-11-14', 'delivery', 403.00, 2, NULL),
(2054, '2024-11-15', 'takeaway', 174.00, 3, NULL),
(2055, '2024-11-15', 'on_site', 705.00, 1, NULL),
(2056, '2024-11-15', 'delivery', 406.00, 2, NULL),
(2057, '2024-11-15', 'takeaway', 177.00, 3, NULL),
(2058, '2024-11-15', 'on_site', 708.00, 1, NULL),
(2059, '2024-11-15', 'delivery', 409.00, 2, NULL),
(2060, '2024-11-15', 'takeaway', 180.00, 3, NULL),
(2061, '2024-11-16', 'on_site', 817.65, 1, 'Weekend sale'),
(2062, '2024-11-16', 'delivery', 473.80, 2, 'Weekend sale'),
(2063, '2024-11-16', 'takeaway', 210.45, 3, 'Weekend sale'),
(2064, '2024-11-16', 'on_site', 821.10, 1, 'Weekend sale'),
(2065, '2024-11-16', 'delivery', 477.25, 2, 'Weekend sale'),
(2066, '2024-11-17', 'takeaway', 213.90, 3, 'Weekend sale'),
(2067, '2024-11-17', 'on_site', 824.55, 1, 'Weekend sale'),
(2068, '2024-11-17', 'delivery', 480.70, 2, 'Weekend sale'),
(2069, '2024-11-17', 'takeaway', 217.35, 3, 'Weekend sale'),
(2070, '2024-11-17', 'on_site', 828.00, 1, 'Weekend sale'),
(2071, '2024-11-18', 'delivery', 421.00, 2, NULL),
(2072, '2024-11-18', 'takeaway', 192.00, 3, NULL),
(2073, '2024-11-18', 'on_site', 723.00, 1, NULL),
(2074, '2024-11-18', 'delivery', 424.00, 2, NULL),
(2075, '2024-11-18', 'takeaway', 195.00, 3, NULL),
(2076, '2024-11-18', 'on_site', 726.00, 1, NULL),
(2077, '2024-11-18', 'delivery', 427.00, 2, NULL),
(2078, '2024-11-19', 'takeaway', 198.00, 3, NULL),
(2079, '2024-11-19', 'on_site', 729.00, 1, NULL),
(2080, '2024-11-19', 'delivery', 430.00, 2, NULL),
(2081, '2024-11-19', 'takeaway', 201.00, 3, NULL),
(2082, '2024-11-19', 'on_site', 732.00, 1, NULL),
(2083, '2024-11-19', 'delivery', 433.00, 2, NULL),
(2084, '2024-11-19', 'takeaway', 204.00, 3, NULL),
(2085, '2024-11-20', 'on_site', 735.00, 1, NULL),
(2086, '2024-11-20', 'delivery', 436.00, 2, NULL),
(2087, '2024-11-20', 'takeaway', 207.00, 3, NULL),
(2088, '2024-11-20', 'on_site', 738.00, 1, NULL),
(2089, '2024-11-20', 'delivery', 439.00, 2, NULL),
(2090, '2024-11-20', 'takeaway', 210.00, 3, NULL),
(2091, '2024-11-20', 'on_site', 741.00, 1, NULL),
(2092, '2024-11-21', 'delivery', 442.00, 2, NULL),
(2093, '2024-11-21', 'takeaway', 213.00, 3, NULL),
(2094, '2024-11-21', 'on_site', 744.00, 1, NULL),
(2095, '2024-11-21', 'delivery', 445.00, 2, NULL),
(2096, '2024-11-21', 'takeaway', 216.00, 3, NULL),
(2097, '2024-11-21', 'on_site', 747.00, 1, NULL),
(2098, '2024-11-21', 'delivery', 448.00, 2, NULL),
(2099, '2024-11-22', 'takeaway', 219.00, 3, NULL),
(2100, '2024-11-22', 'on_site', 750.00, 1, 'Special promotion'),
(2101, '2024-11-22', 'delivery', 451.00, 2, NULL),
(2102, '2024-11-22', 'takeaway', 222.00, 3, NULL),
(2103, '2024-11-22', 'on_site', 753.00, 1, NULL),
(2104, '2024-11-22', 'delivery', 454.00, 2, NULL),
(2105, '2024-11-22', 'takeaway', 225.00, 3, NULL),
(2106, '2024-11-23', 'on_site', 869.40, 1, 'Weekend sale'),
(2107, '2024-11-23', 'delivery', 525.55, 2, 'Weekend sale'),
(2108, '2024-11-23', 'takeaway', 262.20, 3, 'Weekend sale'),
(2109, '2024-11-23', 'on_site', 872.85, 1, 'Weekend sale'),
(2110, '2024-11-23', 'delivery', 529.00, 2, 'Weekend sale'),
(2111, '2024-11-24', 'takeaway', 265.65, 3, 'Weekend sale'),
(2112, '2024-11-24', 'on_site', 876.30, 1, 'Weekend sale'),
(2113, '2024-11-24', 'delivery', 532.45, 2, 'Weekend sale'),
(2114, '2024-11-24', 'takeaway', 269.10, 3, 'Weekend sale'),
(2115, '2024-11-24', 'on_site', 879.75, 1, 'Weekend sale'),
(2116, '2024-11-25', 'delivery', 466.00, 2, NULL),
(2117, '2024-11-25', 'takeaway', 237.00, 3, NULL),
(2118, '2024-11-25', 'on_site', 768.00, 1, NULL),
(2119, '2024-11-25', 'delivery', 469.00, 2, NULL),
(2120, '2024-11-25', 'takeaway', 240.00, 3, NULL),
(2121, '2024-11-25', 'on_site', 771.00, 1, NULL),
(2122, '2024-11-25', 'delivery', 472.00, 2, NULL),
(2123, '2024-11-26', 'takeaway', 243.00, 3, NULL),
(2124, '2024-11-26', 'on_site', 774.00, 1, NULL),
(2125, '2024-11-26', 'delivery', 475.00, 2, NULL),
(2126, '2024-11-26', 'takeaway', 246.00, 3, NULL),
(2127, '2024-11-26', 'on_site', 777.00, 1, NULL),
(2128, '2024-11-26', 'delivery', 478.00, 2, NULL),
(2129, '2024-11-26', 'takeaway', 249.00, 3, NULL),
(2130, '2024-11-27', 'on_site', 780.00, 1, NULL),
(2131, '2024-11-27', 'delivery', 481.00, 2, NULL),
(2132, '2024-11-27', 'takeaway', 252.00, 3, NULL),
(2133, '2024-11-27', 'on_site', 783.00, 1, NULL),
(2134, '2024-11-27', 'delivery', 484.00, 2, NULL),
(2135, '2024-11-27', 'takeaway', 255.00, 3, NULL),
(2136, '2024-11-27', 'on_site', 786.00, 1, NULL),
(2137, '2024-11-28', 'delivery', 487.00, 2, NULL),
(2138, '2024-11-28', 'takeaway', 258.00, 3, NULL),
(2139, '2024-11-28', 'on_site', 789.00, 1, NULL),
(2140, '2024-11-28', 'delivery', 490.00, 2, NULL),
(2141, '2024-11-28', 'takeaway', 261.00, 3, NULL),
(2142, '2024-11-28', 'on_site', 792.00, 1, NULL),
(2143, '2024-11-28', 'delivery', 493.00, 2, NULL),
(2144, '2024-11-29', 'takeaway', 264.00, 3, NULL),
(2145, '2024-11-29', 'on_site', 795.00, 1, NULL),
(2146, '2024-11-29', 'delivery', 496.00, 2, NULL),
(2147, '2024-11-29', 'takeaway', 267.00, 3, NULL),
(2148, '2024-11-29', 'on_site', 798.00, 1, NULL),
(2149, '2024-11-29', 'delivery', 499.00, 2, NULL),
(2150, '2024-11-29', 'takeaway', 270.00, 3, 'Special promotion'),
(2151, '2024-11-30', 'on_site', 921.15, 1, 'Weekend sale'),
(2152, '2024-11-30', 'delivery', 577.30, 2, 'Weekend sale'),
(2153, '2024-11-30', 'takeaway', 313.95, 3, 'Weekend sale'),
(2154, '2024-11-30', 'on_site', 924.60, 1, 'Weekend sale'),
(2155, '2024-11-30', 'delivery', 580.75, 2, 'Weekend sale'),
(2156, '2024-12-01', 'takeaway', 317.40, 3, 'Weekend sale'),
(2157, '2024-12-01', 'on_site', 928.05, 1, 'Weekend sale'),
(2158, '2024-12-01', 'delivery', 584.20, 2, 'Weekend sale'),
(2159, '2024-12-01', 'takeaway', 320.85, 3, 'Weekend sale'),
(2160, '2024-12-01', 'on_site', 931.50, 1, 'Weekend sale'),
(2161, '2024-12-02', 'delivery', 511.00, 2, NULL),
(2162, '2024-12-02', 'takeaway', 282.00, 3, NULL),
(2163, '2024-12-02', 'on_site', 813.00, 1, NULL),
(2164, '2024-12-02', 'delivery', 514.00, 2, NULL),
(2165, '2024-12-02', 'takeaway', 285.00, 3, NULL),
(2166, '2024-12-02', 'on_site', 816.00, 1, NULL),
(2167, '2024-12-02', 'delivery', 517.00, 2, NULL),
(2168, '2024-12-03', 'takeaway', 288.00, 3, NULL),
(2169, '2024-12-03', 'on_site', 819.00, 1, NULL),
(2170, '2024-12-03', 'delivery', 520.00, 2, NULL),
(2171, '2024-12-03', 'takeaway', 291.00, 3, NULL),
(2172, '2024-12-03', 'on_site', 822.00, 1, NULL),
(2173, '2024-12-03', 'delivery', 523.00, 2, NULL),
(2174, '2024-12-03', 'takeaway', 294.00, 3, NULL),
(2175, '2024-12-04', 'on_site', 825.00, 1, NULL),
(2176, '2024-12-04', 'delivery', 526.00, 2, NULL),
(2177, '2024-12-04', 'takeaway', 297.00, 3, NULL),
(2178, '2024-12-04', 'on_site', 828.00, 1, NULL),
(2179, '2024-12-04', 'delivery', 529.00, 2, NULL),
(2180, '2024-12-04', 'takeaway', 300.00, 3, NULL),
(2181, '2024-12-04', 'on_site', 831.00, 1, NULL),
(2182, '2024-12-05', 'delivery', 532.00, 2, NULL),
(2183, '2024-12-05', 'takeaway', 303.00, 3, NULL),
(2184, '2024-12-05', 'on_site', 834.00, 1, NULL),
(2185, '2024-12-05', 'delivery', 535.00, 2, NULL),
(2186, '2024-12-05', 'takeaway', 306.00, 3, NULL),
(2187, '2024-12-05', 'on_site', 837.00, 1, NULL),
(2188, '2024-12-05', 'delivery', 538.00, 2, NULL),
(2189, '2024-12-06', 'takeaway', 309.00, 3, NULL),
(2190, '2024-12-06', 'on_site', 840.00, 1, NULL),
(2191, '2024-12-06', 'delivery', 541.00, 2, NULL),
(2192, '2024-12-06', 'takeaway', 312.00, 3, NULL),
(2193, '2024-12-06', 'on_site', 843.00, 1, NULL),
(2194, '2024-12-06', 'delivery', 544.00, 2, NULL),
(2195, '2024-12-06', 'takeaway', 315.00, 3, NULL),
(2196, '2024-12-07', 'on_site', 972.90, 1, 'Weekend sale'),
(2197, '2024-12-07', 'delivery', 629.05, 2, 'Weekend sale'),
(2198, '2024-12-07', 'takeaway', 365.70, 3, 'Weekend sale'),
(2199, '2024-12-07', 'on_site', 976.35, 1, 'Weekend sale'),
(2200, '2024-12-07', 'delivery', 632.50, 2, 'Weekend sale'),
(2201, '2024-12-08', 'takeaway', 369.15, 3, 'Weekend sale'),
(2202, '2024-12-08', 'on_site', 979.80, 1, 'Weekend sale'),
(2203, '2024-12-08', 'delivery', 635.95, 2, 'Weekend sale'),
(2204, '2024-12-08', 'takeaway', 372.60, 3, 'Weekend sale'),
(2205, '2024-12-08', 'on_site', 983.25, 1, 'Weekend sale'),
(2206, '2024-12-09', 'delivery', 556.00, 2, NULL),
(2207, '2024-12-09', 'takeaway', 327.00, 3, NULL),
(2208, '2024-12-09', 'on_site', 858.00, 1, NULL),
(2209, '2024-12-09', 'delivery', 559.00, 2, NULL),
(2210, '2024-12-09', 'takeaway', 330.00, 3, NULL),
(2211, '2024-12-09', 'on_site', 861.00, 1, NULL),
(2212, '2024-12-09', 'delivery', 562.00, 2, NULL),
(2213, '2024-12-10', 'takeaway', 333.00, 3, NULL),
(2214, '2024-12-10', 'on_site', 864.00, 1, NULL),
(2215, '2024-12-10', 'delivery', 565.00, 2, NULL),
(2216, '2024-12-10', 'takeaway', 336.00, 3, NULL),
(2217, '2024-12-10', 'on_site', 867.00, 1, NULL),
(2218, '2024-12-10', 'delivery', 568.00, 2, NULL),
(2219, '2024-12-10', 'takeaway', 339.00, 3, NULL),
(2220, '2024-12-11', 'on_site', 870.00, 1, NULL),
(2221, '2024-12-11', 'delivery', 571.00, 2, NULL),
(2222, '2024-12-11', 'takeaway', 342.00, 3, NULL),
(2223, '2024-12-11', 'on_site', 873.00, 1, NULL),
(2224, '2024-12-11', 'delivery', 574.00, 2, NULL),
(2225, '2024-12-11', 'takeaway', 345.00, 3, NULL),
(2226, '2024-12-11', 'on_site', 876.00, 1, NULL),
(2227, '2024-12-12', 'delivery', 577.00, 2, NULL),
(2228, '2024-12-12', 'takeaway', 348.00, 3, NULL),
(2229, '2024-12-12', 'on_site', 879.00, 1, NULL),
(2230, '2024-12-12', 'delivery', 580.00, 2, NULL),
(2231, '2024-12-12', 'takeaway', 351.00, 3, NULL),
(2232, '2024-12-12', 'on_site', 882.00, 1, NULL),
(2233, '2024-12-12', 'delivery', 583.00, 2, NULL),
(2234, '2024-12-13', 'takeaway', 354.00, 3, NULL),
(2235, '2024-12-13', 'on_site', 885.00, 1, NULL),
(2236, '2024-12-13', 'delivery', 586.00, 2, NULL),
(2237, '2024-12-13', 'takeaway', 357.00, 3, NULL),
(2238, '2024-12-13', 'on_site', 888.00, 1, NULL),
(2239, '2024-12-13', 'delivery', 589.00, 2, NULL),
(2240, '2024-12-13', 'takeaway', 360.00, 3, NULL),
(2241, '2024-12-14', 'on_site', 1024.65, 1, 'Weekend sale'),
(2242, '2024-12-14', 'delivery', 680.80, 2, 'Weekend sale'),
(2243, '2024-12-14', 'takeaway', 417.45, 3, 'Weekend sale'),
(2244, '2024-12-14', 'on_site', 1028.10, 1, 'Weekend sale'),
(2245, '2024-12-14', 'delivery', 684.25, 2, 'Weekend sale'),
(2246, '2024-12-15', 'takeaway', 420.90, 3, 'Weekend sale'),
(2247, '2024-12-15', 'on_site', 1031.55, 1, 'Weekend sale'),
(2248, '2024-12-15', 'delivery', 687.70, 2, 'Weekend sale'),
(2249, '2024-12-15', 'takeaway', 424.35, 3, 'Weekend sale'),
(2250, '2024-12-15', 'on_site', 1035.00, 1, 'Weekend sale'),
(2251, '2024-12-16', 'delivery', 601.00, 2, NULL),
(2252, '2024-12-16', 'takeaway', 372.00, 3, NULL),
(2253, '2024-12-16', 'on_site', 903.00, 1, NULL),
(2254, '2024-12-16', 'delivery', 604.00, 2, NULL),
(2255, '2024-12-16', 'takeaway', 375.00, 3, NULL),
(2256, '2024-12-16', 'on_site', 906.00, 1, NULL),
(2257, '2024-12-16', 'delivery', 607.00, 2, NULL),
(2258, '2024-12-17', 'takeaway', 378.00, 3, NULL),
(2259, '2024-12-17', 'on_site', 909.00, 1, NULL),
(2260, '2024-12-17', 'delivery', 610.00, 2, NULL),
(2261, '2024-12-17', 'takeaway', 381.00, 3, NULL),
(2262, '2024-12-17', 'on_site', 912.00, 1, NULL),
(2263, '2024-12-17', 'delivery', 613.00, 2, NULL),
(2264, '2024-12-17', 'takeaway', 384.00, 3, NULL),
(2265, '2024-12-18', 'on_site', 915.00, 1, NULL),
(2266, '2024-12-18', 'delivery', 616.00, 2, NULL),
(2267, '2024-12-18', 'takeaway', 387.00, 3, NULL),
(2268, '2024-12-18', 'on_site', 918.00, 1, NULL),
(2269, '2024-12-18', 'delivery', 619.00, 2, NULL),
(2270, '2024-12-18', 'takeaway', 390.00, 3, NULL),
(2271, '2024-12-18', 'on_site', 921.00, 1, NULL),
(2272, '2024-12-19', 'delivery', 622.00, 2, NULL),
(2273, '2024-12-19', 'takeaway', 393.00, 3, NULL),
(2274, '2024-12-19', 'on_site', 924.00, 1, NULL),
(2275, '2024-12-19', 'delivery', 625.00, 2, NULL),
(2276, '2024-12-19', 'takeaway', 396.00, 3, NULL),
(2277, '2024-12-19', 'on_site', 927.00, 1, NULL),
(2278, '2024-12-19', 'delivery', 628.00, 2, NULL),
(2279, '2024-12-20', 'takeaway', 498.75, 3, 'Holiday special'),
(2280, '2024-12-20', 'on_site', 1162.50, 1, 'Holiday special'),
(2281, '2024-12-20', 'delivery', 788.75, 2, 'Holiday special'),
(2282, '2024-12-20', 'takeaway', 502.50, 3, 'Holiday special'),
(2283, '2024-12-20', 'on_site', 1166.25, 1, 'Holiday special'),
(2284, '2024-12-20', 'delivery', 792.50, 2, 'Holiday special'),
(2285, '2024-12-20', 'takeaway', 506.25, 3, 'Holiday special'),
(2286, '2024-12-20', 'on_site', 1170.00, 1, 'Holiday special'),
(2287, '2024-12-20', 'delivery', 796.25, 2, 'Holiday special'),
(2288, '2024-12-21', 'takeaway', 469.20, 3, 'Weekend sale'),
(2289, '2024-12-21', 'on_site', 1079.85, 1, 'Weekend sale'),
(2290, '2024-12-21', 'delivery', 736.00, 2, 'Weekend sale'),
(2291, '2024-12-21', 'takeaway', 472.65, 3, 'Weekend sale'),
(2292, '2024-12-21', 'on_site', 1083.30, 1, 'Weekend sale'),
(2293, '2024-12-21', 'delivery', 739.45, 2, 'Weekend sale'),
(2294, '2024-12-22', 'takeaway', 476.10, 3, 'Weekend sale'),
(2295, '2024-12-22', 'on_site', 1086.75, 1, 'Weekend sale'),
(2296, '2024-12-22', 'delivery', 742.90, 2, 'Weekend sale'),
(2297, '2024-12-22', 'takeaway', 479.55, 3, 'Weekend sale'),
(2298, '2024-12-22', 'on_site', 1090.20, 1, 'Weekend sale'),
(2299, '2024-12-22', 'delivery', 746.35, 2, 'Weekend sale'),
(2300, '2024-12-23', 'takeaway', 525.00, 3, 'Holiday special'),
(2301, '2024-12-23', 'on_site', 1188.75, 1, 'Holiday special'),
(2302, '2024-12-23', 'delivery', 815.00, 2, 'Holiday special'),
(2303, '2024-12-23', 'takeaway', 528.75, 3, 'Holiday special'),
(2304, '2024-12-23', 'on_site', 1192.50, 1, 'Holiday special'),
(2305, '2024-12-23', 'delivery', 818.75, 2, 'Holiday special'),
(2306, '2024-12-23', 'takeaway', 532.50, 3, 'Holiday special'),
(2307, '2024-12-23', 'on_site', 1196.25, 1, 'Holiday special'),
(2308, '2024-12-23', 'delivery', 822.50, 2, 'Holiday special'),
(2309, '2024-12-24', 'takeaway', 536.25, 3, 'Holiday special'),
(2310, '2024-12-24', 'on_site', 1200.00, 1, 'Holiday special'),
(2311, '2024-12-24', 'delivery', 826.25, 2, 'Holiday special'),
(2312, '2024-12-24', 'takeaway', 540.00, 3, 'Holiday special'),
(2313, '2024-12-24', 'on_site', 1203.75, 1, 'Holiday special'),
(2314, '2024-12-24', 'delivery', 830.00, 2, 'Holiday special'),
(2315, '2024-12-24', 'takeaway', 543.75, 3, 'Holiday special'),
(2316, '2024-12-24', 'on_site', 1207.50, 1, 'Holiday special'),
(2317, '2024-12-24', 'delivery', 833.75, 2, 'Holiday special'),
(2318, '2024-12-25', 'takeaway', 547.50, 3, 'Holiday special'),
(2319, '2024-12-25', 'on_site', 1211.25, 1, 'Holiday special'),
(2320, '2024-12-25', 'delivery', 837.50, 2, 'Holiday special'),
(2321, '2024-12-25', 'takeaway', 551.25, 3, 'Holiday special'),
(2322, '2024-12-25', 'on_site', 1215.00, 1, 'Holiday special'),
(2323, '2024-12-25', 'delivery', 841.25, 2, 'Holiday special'),
(2324, '2024-12-25', 'takeaway', 555.00, 3, 'Holiday special'),
(2325, '2024-12-25', 'on_site', 1218.75, 1, 'Holiday special'),
(2326, '2024-12-25', 'delivery', 845.00, 2, 'Holiday special'),
(2327, '2024-12-26', 'takeaway', 558.75, 3, 'Holiday special'),
(2328, '2024-12-26', 'on_site', 1222.50, 1, 'Holiday special'),
(2329, '2024-12-26', 'delivery', 848.75, 2, 'Holiday special'),
(2330, '2024-12-26', 'takeaway', 562.50, 3, 'Holiday special'),
(2331, '2024-12-26', 'on_site', 1226.25, 1, 'Holiday special'),
(2332, '2024-12-26', 'delivery', 852.50, 2, 'Holiday special'),
(2333, '2024-12-26', 'takeaway', 566.25, 3, 'Holiday special'),
(2334, '2024-12-26', 'on_site', 1230.00, 1, 'Holiday special'),
(2335, '2024-12-26', 'delivery', 856.25, 2, 'Holiday special'),
(2336, '2024-12-27', 'takeaway', 570.00, 3, 'Holiday special'),
(2337, '2024-12-27', 'on_site', 1233.75, 1, 'Holiday special'),
(2338, '2024-12-27', 'delivery', 860.00, 2, 'Holiday special'),
(2339, '2024-12-27', 'takeaway', 573.75, 3, 'Holiday special'),
(2340, '2024-12-27', 'on_site', 1237.50, 1, 'Holiday special'),
(2341, '2024-12-27', 'delivery', 863.75, 2, 'Holiday special'),
(2342, '2024-12-27', 'takeaway', 577.50, 3, 'Holiday special'),
(2343, '2024-12-27', 'on_site', 1241.25, 1, 'Holiday special'),
(2344, '2024-12-27', 'delivery', 867.50, 2, 'Holiday special'),
(2345, '2024-12-28', 'takeaway', 534.75, 3, 'Weekend sale'),
(2346, '2024-12-28', 'on_site', 1145.40, 1, 'Weekend sale'),
(2347, '2024-12-28', 'delivery', 801.55, 2, 'Weekend sale'),
(2348, '2024-12-28', 'takeaway', 538.20, 3, 'Weekend sale'),
(2349, '2024-12-28', 'on_site', 1148.85, 1, 'Weekend sale'),
(2350, '2024-12-28', 'delivery', 805.00, 2, 'Weekend sale'),
(2351, '2024-12-29', 'takeaway', 541.65, 3, 'Weekend sale'),
(2352, '2024-12-29', 'on_site', 1152.30, 1, 'Weekend sale'),
(2353, '2024-12-29', 'delivery', 808.45, 2, 'Weekend sale'),
(2354, '2024-12-29', 'takeaway', 545.10, 3, 'Weekend sale'),
(2355, '2024-12-29', 'on_site', 1155.75, 1, 'Weekend sale'),
(2356, '2024-12-29', 'delivery', 811.90, 2, 'Weekend sale'),
(2357, '2024-12-30', 'takeaway', 596.25, 3, 'Holiday special'),
(2358, '2024-12-30', 'on_site', 1260.00, 1, 'Holiday special'),
(2359, '2024-12-30', 'delivery', 886.25, 2, 'Holiday special'),
(2360, '2024-12-30', 'takeaway', 600.00, 3, 'Holiday special'),
(2361, '2024-12-30', 'on_site', 1263.75, 1, 'Holiday special'),
(2362, '2024-12-30', 'delivery', 890.00, 2, 'Holiday special'),
(2363, '2024-12-30', 'takeaway', 603.75, 3, 'Holiday special'),
(2364, '2024-12-30', 'on_site', 1267.50, 1, 'Holiday special'),
(2365, '2024-12-30', 'delivery', 893.75, 2, 'Holiday special'),
(2366, '2024-12-31', 'takeaway', 607.50, 3, 'Holiday special'),
(2367, '2024-12-31', 'on_site', 1271.25, 1, 'Holiday special'),
(2368, '2024-12-31', 'delivery', 897.50, 2, 'Holiday special'),
(2369, '2024-12-31', 'takeaway', 611.25, 3, 'Holiday special'),
(2370, '2024-12-31', 'on_site', 1275.00, 1, 'Holiday special'),
(2371, '2024-12-31', 'delivery', 901.25, 2, 'Holiday special'),
(2372, '2024-12-31', 'takeaway', 615.00, 3, 'Holiday special'),
(2373, '2024-12-31', 'on_site', 1278.75, 1, 'Holiday special'),
(2374, '2024-12-31', 'delivery', 905.00, 2, 'Holiday special'),
(2375, '2025-01-01', 'takeaway', 495.00, 3, NULL),
(2376, '2025-01-01', 'on_site', 1026.00, 1, NULL),
(2377, '2025-01-01', 'delivery', 727.00, 2, NULL),
(2378, '2025-01-01', 'takeaway', 498.00, 3, NULL),
(2379, '2025-01-01', 'on_site', 1029.00, 1, NULL),
(2380, '2025-01-01', 'delivery', 730.00, 2, NULL),
(2381, '2025-01-01', 'takeaway', 501.00, 3, NULL),
(2382, '2025-01-02', 'on_site', 1032.00, 1, NULL),
(2383, '2025-01-02', 'delivery', 733.00, 2, NULL),
(2384, '2025-01-02', 'takeaway', 504.00, 3, NULL),
(2385, '2025-01-02', 'on_site', 1035.00, 1, NULL),
(2386, '2025-01-02', 'delivery', 736.00, 2, NULL),
(2387, '2025-01-02', 'takeaway', 507.00, 3, NULL),
(2388, '2025-01-02', 'on_site', 1038.00, 1, NULL),
(2389, '2025-01-03', 'delivery', 739.00, 2, NULL),
(2390, '2025-01-03', 'takeaway', 510.00, 3, NULL),
(2391, '2025-01-03', 'on_site', 1041.00, 1, NULL),
(2392, '2025-01-03', 'delivery', 742.00, 2, NULL),
(2393, '2025-01-03', 'takeaway', 513.00, 3, NULL),
(2394, '2025-01-03', 'on_site', 1044.00, 1, NULL),
(2395, '2025-01-03', 'delivery', 745.00, 2, NULL),
(2396, '2025-01-04', 'takeaway', 593.40, 3, 'Weekend sale'),
(2397, '2025-01-04', 'on_site', 1204.05, 1, 'Weekend sale'),
(2398, '2025-01-04', 'delivery', 860.20, 2, 'Weekend sale'),
(2399, '2025-01-04', 'takeaway', 596.85, 3, 'Weekend sale'),
(2400, '2025-01-04', 'on_site', 747.50, 1, 'Weekend sale'),
(2401, '2025-01-05', 'delivery', 403.65, 2, 'Weekend sale'),
(2402, '2025-01-05', 'takeaway', 140.30, 3, 'Weekend sale'),
(2403, '2025-01-05', 'on_site', 750.95, 1, 'Weekend sale'),
(2404, '2025-01-05', 'delivery', 407.10, 2, 'Weekend sale'),
(2405, '2025-01-05', 'takeaway', 143.75, 3, 'Weekend sale'),
(2406, '2025-01-06', 'on_site', 656.00, 1, NULL),
(2407, '2025-01-06', 'delivery', 357.00, 2, NULL),
(2408, '2025-01-06', 'takeaway', 128.00, 3, NULL),
(2409, '2025-01-06', 'on_site', 659.00, 1, NULL),
(2410, '2025-01-06', 'delivery', 360.00, 2, NULL),
(2411, '2025-01-06', 'takeaway', 131.00, 3, NULL),
(2412, '2025-01-06', 'on_site', 662.00, 1, NULL),
(2413, '2025-01-07', 'delivery', 363.00, 2, NULL),
(2414, '2025-01-07', 'takeaway', 134.00, 3, NULL),
(2415, '2025-01-07', 'on_site', 665.00, 1, NULL),
(2416, '2025-01-07', 'delivery', 366.00, 2, NULL),
(2417, '2025-01-07', 'takeaway', 137.00, 3, NULL),
(2418, '2025-01-07', 'on_site', 668.00, 1, NULL),
(2419, '2025-01-07', 'delivery', 369.00, 2, NULL),
(2420, '2025-01-08', 'takeaway', 140.00, 3, NULL),
(2421, '2025-01-08', 'on_site', 671.00, 1, NULL),
(2422, '2025-01-08', 'delivery', 372.00, 2, NULL),
(2423, '2025-01-08', 'takeaway', 143.00, 3, NULL),
(2424, '2025-01-08', 'on_site', 674.00, 1, NULL),
(2425, '2025-01-08', 'delivery', 375.00, 2, NULL),
(2426, '2025-01-08', 'takeaway', 146.00, 3, NULL),
(2427, '2025-01-09', 'on_site', 677.00, 1, NULL),
(2428, '2025-01-09', 'delivery', 378.00, 2, NULL),
(2429, '2025-01-09', 'takeaway', 149.00, 3, NULL),
(2430, '2025-01-09', 'on_site', 680.00, 1, NULL),
(2431, '2025-01-09', 'delivery', 381.00, 2, NULL),
(2432, '2025-01-09', 'takeaway', 152.00, 3, NULL),
(2433, '2025-01-09', 'on_site', 683.00, 1, NULL),
(2434, '2025-01-10', 'delivery', 384.00, 2, NULL),
(2435, '2025-01-10', 'takeaway', 155.00, 3, NULL),
(2436, '2025-01-10', 'on_site', 686.00, 1, NULL),
(2437, '2025-01-10', 'delivery', 387.00, 2, NULL),
(2438, '2025-01-10', 'takeaway', 158.00, 3, NULL),
(2439, '2025-01-10', 'on_site', 689.00, 1, NULL),
(2440, '2025-01-10', 'delivery', 390.00, 2, NULL),
(2441, '2025-01-11', 'takeaway', 185.15, 3, 'Weekend sale'),
(2442, '2025-01-11', 'on_site', 795.80, 1, 'Weekend sale'),
(2443, '2025-01-11', 'delivery', 451.95, 2, 'Weekend sale'),
(2444, '2025-01-11', 'takeaway', 188.60, 3, 'Weekend sale'),
(2445, '2025-01-11', 'on_site', 799.25, 1, 'Weekend sale'),
(2446, '2025-01-12', 'delivery', 455.40, 2, 'Weekend sale'),
(2447, '2025-01-12', 'takeaway', 192.05, 3, 'Weekend sale'),
(2448, '2025-01-12', 'on_site', 802.70, 1, 'Weekend sale'),
(2449, '2025-01-12', 'delivery', 458.85, 2, 'Weekend sale'),
(2450, '2025-01-12', 'takeaway', 195.50, 3, 'Weekend sale'),
(2451, '2025-01-13', 'on_site', 701.00, 1, NULL),
(2452, '2025-01-13', 'delivery', 402.00, 2, NULL),
(2453, '2025-01-13', 'takeaway', 173.00, 3, NULL),
(2454, '2025-01-13', 'on_site', 704.00, 1, NULL),
(2455, '2025-01-13', 'delivery', 405.00, 2, NULL),
(2456, '2025-01-13', 'takeaway', 176.00, 3, NULL),
(2457, '2025-01-13', 'on_site', 707.00, 1, NULL),
(2458, '2025-01-14', 'delivery', 408.00, 2, NULL),
(2459, '2025-01-14', 'takeaway', 179.00, 3, NULL),
(2460, '2025-01-14', 'on_site', 710.00, 1, NULL),
(2461, '2025-01-14', 'delivery', 411.00, 2, NULL),
(2462, '2025-01-14', 'takeaway', 182.00, 3, NULL),
(2463, '2025-01-14', 'on_site', 713.00, 1, NULL),
(2464, '2025-01-14', 'delivery', 414.00, 2, NULL),
(2465, '2025-01-15', 'takeaway', 185.00, 3, NULL),
(2466, '2025-01-15', 'on_site', 716.00, 1, NULL),
(2467, '2025-01-15', 'delivery', 417.00, 2, NULL),
(2468, '2025-01-15', 'takeaway', 188.00, 3, NULL),
(2469, '2025-01-15', 'on_site', 719.00, 1, NULL),
(2470, '2025-01-15', 'delivery', 420.00, 2, NULL),
(2471, '2025-01-15', 'takeaway', 191.00, 3, NULL),
(2472, '2025-01-16', 'on_site', 722.00, 1, NULL),
(2473, '2025-01-16', 'delivery', 423.00, 2, NULL),
(2474, '2025-01-16', 'takeaway', 194.00, 3, NULL),
(2475, '2025-01-16', 'on_site', 725.00, 1, NULL),
(2476, '2025-01-16', 'delivery', 426.00, 2, NULL),
(2477, '2025-01-16', 'takeaway', 197.00, 3, NULL),
(2478, '2025-01-16', 'on_site', 728.00, 1, NULL),
(2479, '2025-01-17', 'delivery', 429.00, 2, NULL),
(2480, '2025-01-17', 'takeaway', 200.00, 3, NULL),
(2481, '2025-01-17', 'on_site', 731.00, 1, NULL),
(2482, '2025-01-17', 'delivery', 432.00, 2, NULL),
(2483, '2025-01-17', 'takeaway', 203.00, 3, NULL),
(2484, '2025-01-17', 'on_site', 734.00, 1, NULL),
(2485, '2025-01-17', 'delivery', 435.00, 2, NULL),
(2486, '2025-01-18', 'takeaway', 236.90, 3, 'Weekend sale'),
(2487, '2025-01-18', 'on_site', 847.55, 1, 'Weekend sale'),
(2488, '2025-01-18', 'delivery', 503.70, 2, 'Weekend sale'),
(2489, '2025-01-18', 'takeaway', 240.35, 3, 'Weekend sale'),
(2490, '2025-01-18', 'on_site', 851.00, 1, 'Weekend sale'),
(2491, '2025-01-19', 'delivery', 507.15, 2, 'Weekend sale'),
(2492, '2025-01-19', 'takeaway', 243.80, 3, 'Weekend sale'),
(2493, '2025-01-19', 'on_site', 854.45, 1, 'Weekend sale'),
(2494, '2025-01-19', 'delivery', 510.60, 2, 'Weekend sale'),
(2495, '2025-01-19', 'takeaway', 247.25, 3, 'Weekend sale'),
(2496, '2025-01-20', 'on_site', 746.00, 1, NULL),
(2497, '2025-01-20', 'delivery', 447.00, 2, NULL),
(2498, '2025-01-20', 'takeaway', 218.00, 3, NULL),
(2499, '2025-01-20', 'on_site', 749.00, 1, NULL),
(2500, '2025-01-20', 'delivery', 450.00, 2, 'Special promotion');

INSERT INTO sales (id, date, type, amount, quantity, description) VALUES
(2501, '2025-01-20', 'takeaway', 221.00, 3, NULL),
(2502, '2025-01-20', 'on_site', 752.00, 1, NULL),
(2503, '2025-01-21', 'delivery', 453.00, 2, NULL),
(2504, '2025-01-21', 'takeaway', 224.00, 3, NULL),
(2505, '2025-01-21', 'on_site', 755.00, 1, NULL),
(2506, '2025-01-21', 'delivery', 456.00, 2, NULL),
(2507, '2025-01-21', 'takeaway', 227.00, 3, NULL),
(2508, '2025-01-21', 'on_site', 758.00, 1, NULL),
(2509, '2025-01-21', 'delivery', 459.00, 2, NULL),
(2510, '2025-01-22', 'takeaway', 230.00, 3, NULL),
(2511, '2025-01-22', 'on_site', 761.00, 1, NULL),
(2512, '2025-01-22', 'delivery', 462.00, 2, NULL),
(2513, '2025-01-22', 'takeaway', 233.00, 3, NULL),
(2514, '2025-01-22', 'on_site', 764.00, 1, NULL),
(2515, '2025-01-22', 'delivery', 465.00, 2, NULL),
(2516, '2025-01-22', 'takeaway', 236.00, 3, NULL),
(2517, '2025-01-23', 'on_site', 767.00, 1, NULL),
(2518, '2025-01-23', 'delivery', 468.00, 2, NULL),
(2519, '2025-01-23', 'takeaway', 239.00, 3, NULL),
(2520, '2025-01-23', 'on_site', 770.00, 1, NULL),
(2521, '2025-01-23', 'delivery', 471.00, 2, NULL),
(2522, '2025-01-23', 'takeaway', 242.00, 3, NULL),
(2523, '2025-01-23', 'on_site', 773.00, 1, NULL),
(2524, '2025-01-24', 'delivery', 474.00, 2, NULL),
(2525, '2025-01-24', 'takeaway', 245.00, 3, NULL),
(2526, '2025-01-24', 'on_site', 776.00, 1, NULL),
(2527, '2025-01-24', 'delivery', 477.00, 2, NULL),
(2528, '2025-01-24', 'takeaway', 248.00, 3, NULL),
(2529, '2025-01-24', 'on_site', 779.00, 1, NULL),
(2530, '2025-01-24', 'delivery', 480.00, 2, NULL),
(2531, '2025-01-25', 'takeaway', 288.65, 3, 'Weekend sale'),
(2532, '2025-01-25', 'on_site', 899.30, 1, 'Weekend sale'),
(2533, '2025-01-25', 'delivery', 555.45, 2, 'Weekend sale'),
(2534, '2025-01-25', 'takeaway', 292.10, 3, 'Weekend sale'),
(2535, '2025-01-25', 'on_site', 902.75, 1, 'Weekend sale'),
(2536, '2025-01-26', 'delivery', 558.90, 2, 'Weekend sale'),
(2537, '2025-01-26', 'takeaway', 295.55, 3, 'Weekend sale'),
(2538, '2025-01-26', 'on_site', 906.20, 1, 'Weekend sale'),
(2539, '2025-01-26', 'delivery', 562.35, 2, 'Weekend sale'),
(2540, '2025-01-26', 'takeaway', 299.00, 3, 'Weekend sale'),
(2541, '2025-01-27', 'on_site', 791.00, 1, NULL),
(2542, '2025-01-27', 'delivery', 492.00, 2, NULL),
(2543, '2025-01-27', 'takeaway', 263.00, 3, NULL),
(2544, '2025-01-27', 'on_site', 794.00, 1, NULL),
(2545, '2025-01-27', 'delivery', 495.00, 2, NULL),
(2546, '2025-01-27', 'takeaway', 266.00, 3, NULL),
(2547, '2025-01-27', 'on_site', 797.00, 1, NULL),
(2548, '2025-01-28', 'delivery', 498.00, 2, NULL),
(2549, '2025-01-28', 'takeaway', 269.00, 3, NULL),
(2550, '2025-01-28', 'on_site', 800.00, 1, 'Special promotion'),
(2551, '2025-01-28', 'delivery', 501.00, 2, NULL),
(2552, '2025-01-28', 'takeaway', 272.00, 3, NULL),
(2553, '2025-01-28', 'on_site', 803.00, 1, NULL),
(2554, '2025-01-28', 'delivery', 504.00, 2, NULL),
(2555, '2025-01-29', 'takeaway', 275.00, 3, NULL),
(2556, '2025-01-29', 'on_site', 806.00, 1, NULL),
(2557, '2025-01-29', 'delivery', 507.00, 2, NULL),
(2558, '2025-01-29', 'takeaway', 278.00, 3, NULL),
(2559, '2025-01-29', 'on_site', 809.00, 1, NULL),
(2560, '2025-01-29', 'delivery', 510.00, 2, NULL),
(2561, '2025-01-29', 'takeaway', 281.00, 3, NULL),
(2562, '2025-01-30', 'on_site', 812.00, 1, NULL),
(2563, '2025-01-30', 'delivery', 513.00, 2, NULL),
(2564, '2025-01-30', 'takeaway', 284.00, 3, NULL),
(2565, '2025-01-30', 'on_site', 815.00, 1, NULL),
(2566, '2025-01-30', 'delivery', 516.00, 2, NULL),
(2567, '2025-01-30', 'takeaway', 287.00, 3, NULL),
(2568, '2025-01-30', 'on_site', 818.00, 1, NULL),
(2569, '2025-01-31', 'delivery', 519.00, 2, NULL),
(2570, '2025-01-31', 'takeaway', 290.00, 3, NULL),
(2571, '2025-01-31', 'on_site', 821.00, 1, NULL),
(2572, '2025-01-31', 'delivery', 522.00, 2, NULL),
(2573, '2025-01-31', 'takeaway', 293.00, 3, NULL),
(2574, '2025-01-31', 'on_site', 824.00, 1, NULL),
(2575, '2025-01-31', 'delivery', 525.00, 2, NULL),
(2576, '2025-02-01', 'takeaway', 340.40, 3, 'Weekend sale'),
(2577, '2025-02-01', 'on_site', 951.05, 1, 'Weekend sale'),
(2578, '2025-02-01', 'delivery', 607.20, 2, 'Weekend sale'),
(2579, '2025-02-01', 'takeaway', 343.85, 3, 'Weekend sale'),
(2580, '2025-02-01', 'on_site', 954.50, 1, 'Weekend sale'),
(2581, '2025-02-02', 'delivery', 610.65, 2, 'Weekend sale'),
(2582, '2025-02-02', 'takeaway', 347.30, 3, 'Weekend sale'),
(2583, '2025-02-02', 'on_site', 957.95, 1, 'Weekend sale'),
(2584, '2025-02-02', 'delivery', 614.10, 2, 'Weekend sale'),
(2585, '2025-02-02', 'takeaway', 350.75, 3, 'Weekend sale'),
(2586, '2025-02-03', 'on_site', 836.00, 1, NULL),
(2587, '2025-02-03', 'delivery', 537.00, 2, NULL),
(2588, '2025-02-03', 'takeaway', 308.00, 3, NULL),
(2589, '2025-02-03', 'on_site', 839.00, 1, NULL),
(2590, '2025-02-03', 'delivery', 540.00, 2, NULL),
(2591, '2025-02-03', 'takeaway', 311.00, 3, NULL),
(2592, '2025-02-03', 'on_site', 842.00, 1, NULL),
(2593, '2025-02-04', 'delivery', 543.00, 2, NULL),
(2594, '2025-02-04', 'takeaway', 314.00, 3, NULL),
(2595, '2025-02-04', 'on_site', 845.00, 1, NULL),
(2596, '2025-02-04', 'delivery', 546.00, 2, NULL),
(2597, '2025-02-04', 'takeaway', 317.00, 3, NULL),
(2598, '2025-02-04', 'on_site', 848.00, 1, NULL),
(2599, '2025-02-04', 'delivery', 549.00, 2, NULL),
(2600, '2025-02-05', 'takeaway', 320.00, 3, 'Special promotion'),
(2601, '2025-02-05', 'on_site', 851.00, 1, NULL),
(2602, '2025-02-05', 'delivery', 552.00, 2, NULL),
(2603, '2025-02-05', 'takeaway', 323.00, 3, NULL),
(2604, '2025-02-05', 'on_site', 854.00, 1, NULL),
(2605, '2025-02-05', 'delivery', 555.00, 2, NULL),
(2606, '2025-02-05', 'takeaway', 326.00, 3, NULL),
(2607, '2025-02-06', 'on_site', 857.00, 1, NULL),
(2608, '2025-02-06', 'delivery', 558.00, 2, NULL),
(2609, '2025-02-06', 'takeaway', 329.00, 3, NULL),
(2610, '2025-02-06', 'on_site', 860.00, 1, NULL),
(2611, '2025-02-06', 'delivery', 561.00, 2, NULL),
(2612, '2025-02-06', 'takeaway', 332.00, 3, NULL),
(2613, '2025-02-06', 'on_site', 863.00, 1, NULL),
(2614, '2025-02-07', 'delivery', 564.00, 2, NULL),
(2615, '2025-02-07', 'takeaway', 335.00, 3, NULL),
(2616, '2025-02-07', 'on_site', 866.00, 1, NULL),
(2617, '2025-02-07', 'delivery', 567.00, 2, NULL),
(2618, '2025-02-07', 'takeaway', 338.00, 3, NULL),
(2619, '2025-02-07', 'on_site', 869.00, 1, NULL),
(2620, '2025-02-07', 'delivery', 570.00, 2, NULL),
(2621, '2025-02-08', 'takeaway', 392.15, 3, 'Weekend sale'),
(2622, '2025-02-08', 'on_site', 1002.80, 1, 'Weekend sale'),
(2623, '2025-02-08', 'delivery', 658.95, 2, 'Weekend sale'),
(2624, '2025-02-08', 'takeaway', 395.60, 3, 'Weekend sale'),
(2625, '2025-02-08', 'on_site', 1006.25, 1, 'Weekend sale'),
(2626, '2025-02-09', 'delivery', 662.40, 2, 'Weekend sale'),
(2627, '2025-02-09', 'takeaway', 399.05, 3, 'Weekend sale'),
(2628, '2025-02-09', 'on_site', 1009.70, 1, 'Weekend sale'),
(2629, '2025-02-09', 'delivery', 665.85, 2, 'Weekend sale'),
(2630, '2025-02-09', 'takeaway', 402.50, 3, 'Weekend sale'),
(2631, '2025-02-10', 'on_site', 881.00, 1, NULL),
(2632, '2025-02-10', 'delivery', 582.00, 2, NULL),
(2633, '2025-02-10', 'takeaway', 353.00, 3, NULL),
(2634, '2025-02-10', 'on_site', 884.00, 1, NULL),
(2635, '2025-02-10', 'delivery', 585.00, 2, NULL),
(2636, '2025-02-10', 'takeaway', 356.00, 3, NULL),
(2637, '2025-02-10', 'on_site', 887.00, 1, NULL),
(2638, '2025-02-11', 'delivery', 588.00, 2, NULL),
(2639, '2025-02-11', 'takeaway', 359.00, 3, NULL),
(2640, '2025-02-11', 'on_site', 890.00, 1, NULL),
(2641, '2025-02-11', 'delivery', 591.00, 2, NULL),
(2642, '2025-02-11', 'takeaway', 362.00, 3, NULL),
(2643, '2025-02-11', 'on_site', 893.00, 1, NULL),
(2644, '2025-02-11', 'delivery', 594.00, 2, NULL),
(2645, '2025-02-12', 'takeaway', 365.00, 3, NULL),
(2646, '2025-02-12', 'on_site', 896.00, 1, NULL),
(2647, '2025-02-12', 'delivery', 597.00, 2, NULL),
(2648, '2025-02-12', 'takeaway', 368.00, 3, NULL),
(2649, '2025-02-12', 'on_site', 899.00, 1, NULL),
(2650, '2025-02-12', 'delivery', 600.00, 2, 'Special promotion'),
(2651, '2025-02-12', 'takeaway', 371.00, 3, NULL),
(2652, '2025-02-13', 'on_site', 902.00, 1, NULL),
(2653, '2025-02-13', 'delivery', 603.00, 2, NULL),
(2654, '2025-02-13', 'takeaway', 374.00, 3, NULL),
(2655, '2025-02-13', 'on_site', 905.00, 1, NULL),
(2656, '2025-02-13', 'delivery', 606.00, 2, NULL),
(2657, '2025-02-13', 'takeaway', 377.00, 3, NULL),
(2658, '2025-02-13', 'on_site', 908.00, 1, NULL),
(2659, '2025-02-14', 'delivery', 609.00, 2, NULL),
(2660, '2025-02-14', 'takeaway', 380.00, 3, NULL),
(2661, '2025-02-14', 'on_site', 911.00, 1, NULL),
(2662, '2025-02-14', 'delivery', 612.00, 2, NULL),
(2663, '2025-02-14', 'takeaway', 383.00, 3, NULL),
(2664, '2025-02-14', 'on_site', 914.00, 1, NULL),
(2665, '2025-02-14', 'delivery', 615.00, 2, NULL),
(2666, '2025-02-15', 'takeaway', 443.90, 3, 'Weekend sale'),
(2667, '2025-02-15', 'on_site', 1054.55, 1, 'Weekend sale'),
(2668, '2025-02-15', 'delivery', 710.70, 2, 'Weekend sale'),
(2669, '2025-02-15', 'takeaway', 447.35, 3, 'Weekend sale'),
(2670, '2025-02-15', 'on_site', 1058.00, 1, 'Weekend sale'),
(2671, '2025-02-16', 'delivery', 714.15, 2, 'Weekend sale'),
(2672, '2025-02-16', 'takeaway', 450.80, 3, 'Weekend sale'),
(2673, '2025-02-16', 'on_site', 1061.45, 1, 'Weekend sale'),
(2674, '2025-02-16', 'delivery', 717.60, 2, 'Weekend sale'),
(2675, '2025-02-16', 'takeaway', 454.25, 3, 'Weekend sale'),
(2676, '2025-02-17', 'on_site', 926.00, 1, NULL),
(2677, '2025-02-17', 'delivery', 627.00, 2, NULL),
(2678, '2025-02-17', 'takeaway', 398.00, 3, NULL),
(2679, '2025-02-17', 'on_site', 929.00, 1, NULL),
(2680, '2025-02-17', 'delivery', 630.00, 2, NULL),
(2681, '2025-02-17', 'takeaway', 401.00, 3, NULL),
(2682, '2025-02-17', 'on_site', 932.00, 1, NULL),
(2683, '2025-02-18', 'delivery', 633.00, 2, NULL),
(2684, '2025-02-18', 'takeaway', 404.00, 3, NULL),
(2685, '2025-02-18', 'on_site', 935.00, 1, NULL),
(2686, '2025-02-18', 'delivery', 636.00, 2, NULL),
(2687, '2025-02-18', 'takeaway', 407.00, 3, NULL),
(2688, '2025-02-18', 'on_site', 938.00, 1, NULL),
(2689, '2025-02-18', 'delivery', 639.00, 2, NULL),
(2690, '2025-02-19', 'takeaway', 410.00, 3, NULL),
(2691, '2025-02-19', 'on_site', 941.00, 1, NULL),
(2692, '2025-02-19', 'delivery', 642.00, 2, NULL),
(2693, '2025-02-19', 'takeaway', 413.00, 3, NULL),
(2694, '2025-02-19', 'on_site', 944.00, 1, NULL),
(2695, '2025-02-19', 'delivery', 645.00, 2, NULL),
(2696, '2025-02-19', 'takeaway', 416.00, 3, NULL),
(2697, '2025-02-20', 'on_site', 947.00, 1, NULL),
(2698, '2025-02-20', 'delivery', 648.00, 2, NULL),
(2699, '2025-02-20', 'takeaway', 419.00, 3, NULL),
(2700, '2025-02-20', 'on_site', 950.00, 1, 'Special promotion'),
(2701, '2025-02-20', 'delivery', 651.00, 2, NULL),
(2702, '2025-02-20', 'takeaway', 422.00, 3, NULL),
(2703, '2025-02-20', 'on_site', 953.00, 1, NULL),
(2704, '2025-02-21', 'delivery', 654.00, 2, NULL),
(2705, '2025-02-21', 'takeaway', 425.00, 3, NULL),
(2706, '2025-02-21', 'on_site', 956.00, 1, NULL),
(2707, '2025-02-21', 'delivery', 657.00, 2, NULL),
(2708, '2025-02-21', 'takeaway', 428.00, 3, NULL),
(2709, '2025-02-21', 'on_site', 959.00, 1, NULL),
(2710, '2025-02-21', 'delivery', 660.00, 2, NULL),
(2711, '2025-02-22', 'takeaway', 495.65, 3, 'Weekend sale'),
(2712, '2025-02-22', 'on_site', 1106.30, 1, 'Weekend sale'),
(2713, '2025-02-22', 'delivery', 762.45, 2, 'Weekend sale'),
(2714, '2025-02-22', 'takeaway', 499.10, 3, 'Weekend sale'),
(2715, '2025-02-22', 'on_site', 1109.75, 1, 'Weekend sale'),
(2716, '2025-02-23', 'delivery', 765.90, 2, 'Weekend sale'),
(2717, '2025-02-23', 'takeaway', 502.55, 3, 'Weekend sale'),
(2718, '2025-02-23', 'on_site', 1113.20, 1, 'Weekend sale'),
(2719, '2025-02-23', 'delivery', 769.35, 2, 'Weekend sale'),
(2720, '2025-02-23', 'takeaway', 506.00, 3, 'Weekend sale'),
(2721, '2025-02-24', 'on_site', 971.00, 1, NULL),
(2722, '2025-02-24', 'delivery', 672.00, 2, NULL),
(2723, '2025-02-24', 'takeaway', 443.00, 3, NULL),
(2724, '2025-02-24', 'on_site', 974.00, 1, NULL),
(2725, '2025-02-24', 'delivery', 675.00, 2, NULL),
(2726, '2025-02-24', 'takeaway', 446.00, 3, NULL),
(2727, '2025-02-24', 'on_site', 977.00, 1, NULL),
(2728, '2025-02-25', 'delivery', 678.00, 2, NULL),
(2729, '2025-02-25', 'takeaway', 449.00, 3, NULL),
(2730, '2025-02-25', 'on_site', 980.00, 1, NULL),
(2731, '2025-02-25', 'delivery', 681.00, 2, NULL),
(2732, '2025-02-25', 'takeaway', 452.00, 3, NULL),
(2733, '2025-02-25', 'on_site', 983.00, 1, NULL),
(2734, '2025-02-25', 'delivery', 684.00, 2, NULL),
(2735, '2025-02-26', 'takeaway', 455.00, 3, NULL),
(2736, '2025-02-26', 'on_site', 986.00, 1, NULL),
(2737, '2025-02-26', 'delivery', 687.00, 2, NULL),
(2738, '2025-02-26', 'takeaway', 458.00, 3, NULL),
(2739, '2025-02-26', 'on_site', 989.00, 1, NULL),
(2740, '2025-02-26', 'delivery', 690.00, 2, NULL),
(2741, '2025-02-26', 'takeaway', 461.00, 3, NULL),
(2742, '2025-02-27', 'on_site', 992.00, 1, NULL),
(2743, '2025-02-27', 'delivery', 693.00, 2, NULL),
(2744, '2025-02-27', 'takeaway', 464.00, 3, NULL),
(2745, '2025-02-27', 'on_site', 995.00, 1, NULL),
(2746, '2025-02-27', 'delivery', 696.00, 2, NULL),
(2747, '2025-02-27', 'takeaway', 467.00, 3, NULL),
(2748, '2025-02-27', 'on_site', 998.00, 1, NULL),
(2749, '2025-02-28', 'delivery', 699.00, 2, NULL),
(2750, '2025-02-28', 'takeaway', 470.00, 3, 'Special promotion'),
(2751, '2025-02-28', 'on_site', 1001.00, 1, NULL),
(2752, '2025-02-28', 'delivery', 702.00, 2, NULL),
(2753, '2025-02-28', 'takeaway', 473.00, 3, NULL),
(2754, '2025-02-28', 'on_site', 1004.00, 1, NULL),
(2755, '2025-02-28', 'delivery', 705.00, 2, NULL),
(2756, '2025-03-01', 'takeaway', 547.40, 3, 'Weekend sale'),
(2757, '2025-03-01', 'on_site', 1158.05, 1, 'Weekend sale'),
(2758, '2025-03-01', 'delivery', 814.20, 2, 'Weekend sale'),
(2759, '2025-03-01', 'takeaway', 550.85, 3, 'Weekend sale'),
(2760, '2025-03-01', 'on_site', 1161.50, 1, 'Weekend sale'),
(2761, '2025-03-02', 'delivery', 817.65, 2, 'Weekend sale'),
(2762, '2025-03-02', 'takeaway', 554.30, 3, 'Weekend sale'),
(2763, '2025-03-02', 'on_site', 1164.95, 1, 'Weekend sale'),
(2764, '2025-03-02', 'delivery', 821.10, 2, 'Weekend sale'),
(2765, '2025-03-02', 'takeaway', 557.75, 3, 'Weekend sale'),
(2766, '2025-03-03', 'on_site', 1016.00, 1, NULL),
(2767, '2025-03-03', 'delivery', 717.00, 2, NULL),
(2768, '2025-03-03', 'takeaway', 488.00, 3, NULL),
(2769, '2025-03-03', 'on_site', 1019.00, 1, NULL),
(2770, '2025-03-03', 'delivery', 720.00, 2, NULL),
(2771, '2025-03-03', 'takeaway', 491.00, 3, NULL),
(2772, '2025-03-03', 'on_site', 1022.00, 1, NULL),
(2773, '2025-03-04', 'delivery', 723.00, 2, NULL),
(2774, '2025-03-04', 'takeaway', 494.00, 3, NULL),
(2775, '2025-03-04', 'on_site', 1025.00, 1, NULL),
(2776, '2025-03-04', 'delivery', 726.00, 2, NULL),
(2777, '2025-03-04', 'takeaway', 497.00, 3, NULL),
(2778, '2025-03-04', 'on_site', 1028.00, 1, NULL),
(2779, '2025-03-04', 'delivery', 729.00, 2, NULL),
(2780, '2025-03-05', 'takeaway', 500.00, 3, NULL),
(2781, '2025-03-05', 'on_site', 1031.00, 1, NULL),
(2782, '2025-03-05', 'delivery', 732.00, 2, NULL),
(2783, '2025-03-05', 'takeaway', 503.00, 3, NULL),
(2784, '2025-03-05', 'on_site', 1034.00, 1, NULL),
(2785, '2025-03-05', 'delivery', 735.00, 2, NULL),
(2786, '2025-03-05', 'takeaway', 506.00, 3, NULL),
(2787, '2025-03-06', 'on_site', 1037.00, 1, NULL),
(2788, '2025-03-06', 'delivery', 738.00, 2, NULL),
(2789, '2025-03-06', 'takeaway', 509.00, 3, NULL),
(2790, '2025-03-06', 'on_site', 1040.00, 1, NULL),
(2791, '2025-03-06', 'delivery', 741.00, 2, NULL),
(2792, '2025-03-06', 'takeaway', 512.00, 3, NULL),
(2793, '2025-03-06', 'on_site', 1043.00, 1, NULL),
(2794, '2025-03-07', 'delivery', 744.00, 2, NULL),
(2795, '2025-03-07', 'takeaway', 515.00, 3, NULL),
(2796, '2025-03-07', 'on_site', 1046.00, 1, NULL),
(2797, '2025-03-07', 'delivery', 747.00, 2, NULL),
(2798, '2025-03-07', 'takeaway', 518.00, 3, NULL),
(2799, '2025-03-07', 'on_site', 1049.00, 1, NULL),
(2800, '2025-03-07', 'delivery', 350.00, 2, 'Special promotion'),
(2801, '2025-03-08', 'takeaway', 139.15, 3, 'Weekend sale'),
(2802, '2025-03-08', 'on_site', 749.80, 1, 'Weekend sale'),
(2803, '2025-03-08', 'delivery', 405.95, 2, 'Weekend sale'),
(2804, '2025-03-08', 'takeaway', 142.60, 3, 'Weekend sale'),
(2805, '2025-03-08', 'on_site', 753.25, 1, 'Weekend sale'),
(2806, '2025-03-09', 'delivery', 409.40, 2, 'Weekend sale'),
(2807, '2025-03-09', 'takeaway', 146.05, 3, 'Weekend sale'),
(2808, '2025-03-09', 'on_site', 756.70, 1, 'Weekend sale'),
(2809, '2025-03-09', 'delivery', 412.85, 2, 'Weekend sale'),
(2810, '2025-03-09', 'takeaway', 149.50, 3, 'Weekend sale'),
(2811, '2025-03-10', 'on_site', 661.00, 1, NULL),
(2812, '2025-03-10', 'delivery', 362.00, 2, NULL),
(2813, '2025-03-10', 'takeaway', 133.00, 3, NULL),
(2814, '2025-03-10', 'on_site', 664.00, 1, NULL),
(2815, '2025-03-10', 'delivery', 365.00, 2, NULL),
(2816, '2025-03-10', 'takeaway', 136.00, 3, NULL),
(2817, '2025-03-10', 'on_site', 667.00, 1, NULL),
(2818, '2025-03-11', 'delivery', 368.00, 2, NULL),
(2819, '2025-03-11', 'takeaway', 139.00, 3, NULL),
(2820, '2025-03-11', 'on_site', 670.00, 1, NULL),
(2821, '2025-03-11', 'delivery', 371.00, 2, NULL),
(2822, '2025-03-11', 'takeaway', 142.00, 3, NULL),
(2823, '2025-03-11', 'on_site', 673.00, 1, NULL),
(2824, '2025-03-11', 'delivery', 374.00, 2, NULL),
(2825, '2025-03-12', 'takeaway', 145.00, 3, NULL),
(2826, '2025-03-12', 'on_site', 676.00, 1, NULL),
(2827, '2025-03-12', 'delivery', 377.00, 2, NULL),
(2828, '2025-03-12', 'takeaway', 148.00, 3, NULL),
(2829, '2025-03-12', 'on_site', 679.00, 1, NULL),
(2830, '2025-03-12', 'delivery', 380.00, 2, NULL),
(2831, '2025-03-12', 'takeaway', 151.00, 3, NULL),
(2832, '2025-03-13', 'on_site', 682.00, 1, NULL),
(2833, '2025-03-13', 'delivery', 383.00, 2, NULL),
(2834, '2025-03-13', 'takeaway', 154.00, 3, NULL),
(2835, '2025-03-13', 'on_site', 685.00, 1, NULL),
(2836, '2025-03-13', 'delivery', 386.00, 2, NULL),
(2837, '2025-03-13', 'takeaway', 157.00, 3, NULL),
(2838, '2025-03-13', 'on_site', 688.00, 1, NULL),
(2839, '2025-03-14', 'delivery', 389.00, 2, NULL),
(2840, '2025-03-14', 'takeaway', 160.00, 3, NULL),
(2841, '2025-03-14', 'on_site', 691.00, 1, NULL),
(2842, '2025-03-14', 'delivery', 392.00, 2, NULL),
(2843, '2025-03-14', 'takeaway', 163.00, 3, NULL),
(2844, '2025-03-14', 'on_site', 694.00, 1, NULL),
(2845, '2025-03-14', 'delivery', 395.00, 2, NULL),
(2846, '2025-03-15', 'takeaway', 190.90, 3, 'Weekend sale'),
(2847, '2025-03-15', 'on_site', 801.55, 1, 'Weekend sale'),
(2848, '2025-03-15', 'delivery', 457.70, 2, 'Weekend sale'),
(2849, '2025-03-15', 'takeaway', 194.35, 3, 'Weekend sale'),
(2850, '2025-03-15', 'on_site', 805.00, 1, 'Weekend sale'),
(2851, '2025-03-16', 'delivery', 461.15, 2, 'Weekend sale'),
(2852, '2025-03-16', 'takeaway', 197.80, 3, 'Weekend sale'),
(2853, '2025-03-16', 'on_site', 808.45, 1, 'Weekend sale'),
(2854, '2025-03-16', 'delivery', 464.60, 2, 'Weekend sale'),
(2855, '2025-03-16', 'takeaway', 201.25, 3, 'Weekend sale'),
(2856, '2025-03-17', 'on_site', 706.00, 1, NULL),
(2857, '2025-03-17', 'delivery', 407.00, 2, NULL),
(2858, '2025-03-17', 'takeaway', 178.00, 3, NULL),
(2859, '2025-03-17', 'on_site', 709.00, 1, NULL),
(2860, '2025-03-17', 'delivery', 410.00, 2, NULL),
(2861, '2025-03-17', 'takeaway', 181.00, 3, NULL),
(2862, '2025-03-17', 'on_site', 712.00, 1, NULL),
(2863, '2025-03-18', 'delivery', 413.00, 2, NULL),
(2864, '2025-03-18', 'takeaway', 184.00, 3, NULL),
(2865, '2025-03-18', 'on_site', 715.00, 1, NULL),
(2866, '2025-03-18', 'delivery', 416.00, 2, NULL),
(2867, '2025-03-18', 'takeaway', 187.00, 3, NULL),
(2868, '2025-03-18', 'on_site', 718.00, 1, NULL),
(2869, '2025-03-18', 'delivery', 419.00, 2, NULL),
(2870, '2025-03-19', 'takeaway', 190.00, 3, NULL),
(2871, '2025-03-19', 'on_site', 721.00, 1, NULL),
(2872, '2025-03-19', 'delivery', 422.00, 2, NULL),
(2873, '2025-03-19', 'takeaway', 193.00, 3, NULL),
(2874, '2025-03-19', 'on_site', 724.00, 1, NULL),
(2875, '2025-03-19', 'delivery', 425.00, 2, NULL),
(2876, '2025-03-19', 'takeaway', 196.00, 3, NULL),
(2877, '2025-03-20', 'on_site', 727.00, 1, NULL),
(2878, '2025-03-20', 'delivery', 428.00, 2, NULL),
(2879, '2025-03-20', 'takeaway', 199.00, 3, NULL),
(2880, '2025-03-20', 'on_site', 730.00, 1, NULL),
(2881, '2025-03-20', 'delivery', 431.00, 2, NULL),
(2882, '2025-03-20', 'takeaway', 202.00, 3, NULL),
(2883, '2025-03-20', 'on_site', 733.00, 1, NULL),
(2884, '2025-03-21', 'delivery', 434.00, 2, NULL),
(2885, '2025-03-21', 'takeaway', 205.00, 3, NULL),
(2886, '2025-03-21', 'on_site', 736.00, 1, NULL),
(2887, '2025-03-21', 'delivery', 437.00, 2, NULL),
(2888, '2025-03-21', 'takeaway', 208.00, 3, NULL),
(2889, '2025-03-21', 'on_site', 739.00, 1, NULL),
(2890, '2025-03-21', 'delivery', 440.00, 2, NULL),
(2891, '2025-03-22', 'takeaway', 242.65, 3, 'Weekend sale'),
(2892, '2025-03-22', 'on_site', 853.30, 1, 'Weekend sale'),
(2893, '2025-03-22', 'delivery', 509.45, 2, 'Weekend sale'),
(2894, '2025-03-22', 'takeaway', 246.10, 3, 'Weekend sale'),
(2895, '2025-03-22', 'on_site', 856.75, 1, 'Weekend sale'),
(2896, '2025-03-23', 'delivery', 512.90, 2, 'Weekend sale'),
(2897, '2025-03-23', 'takeaway', 249.55, 3, 'Weekend sale'),
(2898, '2025-03-23', 'on_site', 860.20, 1, 'Weekend sale'),
(2899, '2025-03-23', 'delivery', 516.35, 2, 'Weekend sale'),
(2900, '2025-03-23', 'takeaway', 253.00, 3, 'Weekend sale'),
(2901, '2025-03-24', 'on_site', 751.00, 1, NULL),
(2902, '2025-03-24', 'delivery', 452.00, 2, NULL),
(2903, '2025-03-24', 'takeaway', 223.00, 3, NULL),
(2904, '2025-03-24', 'on_site', 754.00, 1, NULL),
(2905, '2025-03-24', 'delivery', 455.00, 2, NULL),
(2906, '2025-03-24', 'takeaway', 226.00, 3, NULL),
(2907, '2025-03-24', 'on_site', 757.00, 1, NULL),
(2908, '2025-03-25', 'delivery', 458.00, 2, NULL),
(2909, '2025-03-25', 'takeaway', 229.00, 3, NULL),
(2910, '2025-03-25', 'on_site', 760.00, 1, NULL),
(2911, '2025-03-25', 'delivery', 461.00, 2, NULL),
(2912, '2025-03-25', 'takeaway', 232.00, 3, NULL),
(2913, '2025-03-25', 'on_site', 763.00, 1, NULL),
(2914, '2025-03-25', 'delivery', 464.00, 2, NULL),
(2915, '2025-03-26', 'takeaway', 235.00, 3, NULL),
(2916, '2025-03-26', 'on_site', 766.00, 1, NULL),
(2917, '2025-03-26', 'delivery', 467.00, 2, NULL),
(2918, '2025-03-26', 'takeaway', 238.00, 3, NULL),
(2919, '2025-03-26', 'on_site', 769.00, 1, NULL),
(2920, '2025-03-26', 'delivery', 470.00, 2, NULL),
(2921, '2025-03-26', 'takeaway', 241.00, 3, NULL),
(2922, '2025-03-27', 'on_site', 772.00, 1, NULL),
(2923, '2025-03-27', 'delivery', 473.00, 2, NULL),
(2924, '2025-03-27', 'takeaway', 244.00, 3, NULL),
(2925, '2025-03-27', 'on_site', 775.00, 1, NULL),
(2926, '2025-03-27', 'delivery', 476.00, 2, NULL),
(2927, '2025-03-27', 'takeaway', 247.00, 3, NULL),
(2928, '2025-03-27', 'on_site', 778.00, 1, NULL),
(2929, '2025-03-28', 'delivery', 479.00, 2, NULL),
(2930, '2025-03-28', 'takeaway', 250.00, 3, NULL),
(2931, '2025-03-28', 'on_site', 781.00, 1, NULL),
(2932, '2025-03-28', 'delivery', 482.00, 2, NULL),
(2933, '2025-03-28', 'takeaway', 253.00, 3, NULL),
(2934, '2025-03-28', 'on_site', 784.00, 1, NULL),
(2935, '2025-03-28', 'delivery', 485.00, 2, NULL),
(2936, '2025-03-29', 'takeaway', 294.40, 3, 'Weekend sale'),
(2937, '2025-03-29', 'on_site', 905.05, 1, 'Weekend sale'),
(2938, '2025-03-29', 'delivery', 561.20, 2, 'Weekend sale'),
(2939, '2025-03-29', 'takeaway', 297.85, 3, 'Weekend sale'),
(2940, '2025-03-29', 'on_site', 908.50, 1, 'Weekend sale'),
(2941, '2025-03-30', 'delivery', 564.65, 2, 'Weekend sale'),
(2942, '2025-03-30', 'takeaway', 301.30, 3, 'Weekend sale'),
(2943, '2025-03-30', 'on_site', 911.95, 1, 'Weekend sale'),
(2944, '2025-03-30', 'delivery', 568.10, 2, 'Weekend sale'),
(2945, '2025-03-30', 'takeaway', 304.75, 3, 'Weekend sale'),
(2946, '2025-03-31', 'on_site', 796.00, 1, NULL),
(2947, '2025-03-31', 'delivery', 497.00, 2, NULL),
(2948, '2025-03-31', 'takeaway', 268.00, 3, NULL),
(2949, '2025-03-31', 'on_site', 799.00, 1, NULL),
(2950, '2025-03-31', 'delivery', 500.00, 2, 'Special promotion'),
(2951, '2025-03-31', 'takeaway', 271.00, 3, NULL),
(2952, '2025-03-31', 'on_site', 802.00, 1, NULL),
(2953, '2025-04-01', 'delivery', 503.00, 2, NULL),
(2954, '2025-04-01', 'takeaway', 274.00, 3, NULL),
(2955, '2025-04-01', 'on_site', 805.00, 1, NULL),
(2956, '2025-04-01', 'delivery', 506.00, 2, NULL),
(2957, '2025-04-01', 'takeaway', 277.00, 3, NULL),
(2958, '2025-04-01', 'on_site', 808.00, 1, NULL),
(2959, '2025-04-01', 'delivery', 509.00, 2, NULL),
(2960, '2025-04-02', 'takeaway', 280.00, 3, NULL),
(2961, '2025-04-02', 'on_site', 811.00, 1, NULL),
(2962, '2025-04-02', 'delivery', 512.00, 2, NULL),
(2963, '2025-04-02', 'takeaway', 283.00, 3, NULL),
(2964, '2025-04-02', 'on_site', 814.00, 1, NULL),
(2965, '2025-04-02', 'delivery', 515.00, 2, NULL),
(2966, '2025-04-02', 'takeaway', 286.00, 3, NULL),
(2967, '2025-04-03', 'on_site', 817.00, 1, NULL),
(2968, '2025-04-03', 'delivery', 518.00, 2, NULL),
(2969, '2025-04-03', 'takeaway', 289.00, 3, NULL),
(2970, '2025-04-03', 'on_site', 820.00, 1, NULL),
(2971, '2025-04-03', 'delivery', 521.00, 2, NULL),
(2972, '2025-04-03', 'takeaway', 292.00, 3, NULL),
(2973, '2025-04-03', 'on_site', 823.00, 1, NULL),
(2974, '2025-04-04', 'delivery', 524.00, 2, NULL),
(2975, '2025-04-04', 'takeaway', 295.00, 3, NULL),
(2976, '2025-04-04', 'on_site', 826.00, 1, NULL),
(2977, '2025-04-04', 'delivery', 527.00, 2, NULL),
(2978, '2025-04-04', 'takeaway', 298.00, 3, NULL),
(2979, '2025-04-04', 'on_site', 829.00, 1, NULL),
(2980, '2025-04-04', 'delivery', 530.00, 2, NULL),
(2981, '2025-04-05', 'takeaway', 346.15, 3, 'Weekend sale'),
(2982, '2025-04-05', 'on_site', 956.80, 1, 'Weekend sale'),
(2983, '2025-04-05', 'delivery', 612.95, 2, 'Weekend sale'),
(2984, '2025-04-05', 'takeaway', 349.60, 3, 'Weekend sale'),
(2985, '2025-04-05', 'on_site', 960.25, 1, 'Weekend sale'),
(2986, '2025-04-06', 'delivery', 616.40, 2, 'Weekend sale'),
(2987, '2025-04-06', 'takeaway', 353.05, 3, 'Weekend sale'),
(2988, '2025-04-06', 'on_site', 963.70, 1, 'Weekend sale'),
(2989, '2025-04-06', 'delivery', 619.85, 2, 'Weekend sale'),
(2990, '2025-04-06', 'takeaway', 356.50, 3, 'Weekend sale'),
(2991, '2025-04-07', 'on_site', 841.00, 1, NULL),
(2992, '2025-04-07', 'delivery', 542.00, 2, NULL),
(2993, '2025-04-07', 'takeaway', 313.00, 3, NULL),
(2994, '2025-04-07', 'on_site', 844.00, 1, NULL),
(2995, '2025-04-07', 'delivery', 545.00, 2, NULL),
(2996, '2025-04-07', 'takeaway', 316.00, 3, NULL),
(2997, '2025-04-07', 'on_site', 847.00, 1, NULL),
(2998, '2025-04-08', 'delivery', 548.00, 2, NULL),
(2999, '2025-04-08', 'takeaway', 319.00, 3, NULL),
(3000, '2025-04-08', 'on_site', 850.00, 1, 'Special promotion');

INSERT INTO sales (id, date, type, amount, quantity, description) VALUES
(3001, '2025-04-08', 'delivery', 551.00, 2, NULL),
(3002, '2025-04-08', 'takeaway', 322.00, 3, NULL),
(3003, '2025-04-08', 'on_site', 853.00, 1, NULL),
(3004, '2025-04-08', 'delivery', 554.00, 2, NULL),
(3005, '2025-04-09', 'takeaway', 325.00, 3, NULL),
(3006, '2025-04-09', 'on_site', 856.00, 1, NULL),
(3007, '2025-04-09', 'delivery', 557.00, 2, NULL),
(3008, '2025-04-09', 'takeaway', 328.00, 3, NULL),
(3009, '2025-04-09', 'on_site', 859.00, 1, NULL),
(3010, '2025-04-09', 'delivery', 560.00, 2, NULL),
(3011, '2025-04-09', 'takeaway', 331.00, 3, NULL),
(3012, '2025-04-10', 'on_site', 862.00, 1, NULL),
(3013, '2025-04-10', 'delivery', 563.00, 2, NULL),
(3014, '2025-04-10', 'takeaway', 334.00, 3, NULL),
(3015, '2025-04-10', 'on_site', 865.00, 1, NULL),
(3016, '2025-04-10', 'delivery', 566.00, 2, NULL),
(3017, '2025-04-10', 'takeaway', 337.00, 3, NULL),
(3018, '2025-04-10', 'on_site', 868.00, 1, NULL),
(3019, '2025-04-11', 'delivery', 569.00, 2, NULL),
(3020, '2025-04-11', 'takeaway', 340.00, 3, NULL),
(3021, '2025-04-11', 'on_site', 871.00, 1, NULL),
(3022, '2025-04-11', 'delivery', 572.00, 2, NULL),
(3023, '2025-04-11', 'takeaway', 343.00, 3, NULL),
(3024, '2025-04-11', 'on_site', 874.00, 1, NULL),
(3025, '2025-04-11', 'delivery', 575.00, 2, NULL),
(3026, '2025-04-12', 'takeaway', 397.90, 3, 'Weekend sale'),
(3027, '2025-04-12', 'on_site', 1008.55, 1, 'Weekend sale'),
(3028, '2025-04-12', 'delivery', 664.70, 2, 'Weekend sale'),
(3029, '2025-04-12', 'takeaway', 401.35, 3, 'Weekend sale'),
(3030, '2025-04-12', 'on_site', 1012.00, 1, 'Weekend sale'),
(3031, '2025-04-13', 'delivery', 668.15, 2, 'Weekend sale'),
(3032, '2025-04-13', 'takeaway', 404.80, 3, 'Weekend sale'),
(3033, '2025-04-13', 'on_site', 1015.45, 1, 'Weekend sale'),
(3034, '2025-04-13', 'delivery', 671.60, 2, 'Weekend sale'),
(3035, '2025-04-13', 'takeaway', 408.25, 3, 'Weekend sale'),
(3036, '2025-04-14', 'on_site', 886.00, 1, NULL),
(3037, '2025-04-14', 'delivery', 587.00, 2, NULL),
(3038, '2025-04-14', 'takeaway', 358.00, 3, NULL),
(3039, '2025-04-14', 'on_site', 889.00, 1, NULL),
(3040, '2025-04-14', 'delivery', 590.00, 2, NULL),
(3041, '2025-04-14', 'takeaway', 361.00, 3, NULL),
(3042, '2025-04-14', 'on_site', 892.00, 1, NULL),
(3043, '2025-04-15', 'delivery', 593.00, 2, NULL),
(3044, '2025-04-15', 'takeaway', 364.00, 3, NULL),
(3045, '2025-04-15', 'on_site', 895.00, 1, NULL),
(3046, '2025-04-15', 'delivery', 596.00, 2, NULL),
(3047, '2025-04-15', 'takeaway', 367.00, 3, NULL),
(3048, '2025-04-15', 'on_site', 898.00, 1, NULL),
(3049, '2025-04-15', 'delivery', 599.00, 2, NULL),
(3050, '2025-04-16', 'takeaway', 370.00, 3, 'Special promotion'),
(3051, '2025-04-16', 'on_site', 901.00, 1, NULL),
(3052, '2025-04-16', 'delivery', 602.00, 2, NULL),
(3053, '2025-04-16', 'takeaway', 373.00, 3, NULL),
(3054, '2025-04-16', 'on_site', 904.00, 1, NULL),
(3055, '2025-04-16', 'delivery', 605.00, 2, NULL),
(3056, '2025-04-16', 'takeaway', 376.00, 3, NULL),
(3057, '2025-04-17', 'on_site', 907.00, 1, NULL),
(3058, '2025-04-17', 'delivery', 608.00, 2, NULL),
(3059, '2025-04-17', 'takeaway', 379.00, 3, NULL),
(3060, '2025-04-17', 'on_site', 910.00, 1, NULL),
(3061, '2025-04-17', 'delivery', 611.00, 2, NULL),
(3062, '2025-04-17', 'takeaway', 382.00, 3, NULL),
(3063, '2025-04-17', 'on_site', 913.00, 1, NULL),
(3064, '2025-04-18', 'delivery', 614.00, 2, NULL),
(3065, '2025-04-18', 'takeaway', 385.00, 3, NULL),
(3066, '2025-04-18', 'on_site', 916.00, 1, NULL),
(3067, '2025-04-18', 'delivery', 617.00, 2, NULL),
(3068, '2025-04-18', 'takeaway', 388.00, 3, NULL),
(3069, '2025-04-18', 'on_site', 919.00, 1, NULL),
(3070, '2025-04-18', 'delivery', 620.00, 2, NULL),
(3071, '2025-04-19', 'takeaway', 449.65, 3, 'Weekend sale'),
(3072, '2025-04-19', 'on_site', 1060.30, 1, 'Weekend sale'),
(3073, '2025-04-19', 'delivery', 716.45, 2, 'Weekend sale'),
(3074, '2025-04-19', 'takeaway', 453.10, 3, 'Weekend sale'),
(3075, '2025-04-19', 'on_site', 1063.75, 1, 'Weekend sale'),
(3076, '2025-04-20', 'delivery', 719.90, 2, 'Weekend sale'),
(3077, '2025-04-20', 'takeaway', 456.55, 3, 'Weekend sale'),
(3078, '2025-04-20', 'on_site', 1067.20, 1, 'Weekend sale'),
(3079, '2025-04-20', 'delivery', 723.35, 2, 'Weekend sale'),
(3080, '2025-04-20', 'takeaway', 460.00, 3, 'Weekend sale'),
(3081, '2025-04-21', 'on_site', 931.00, 1, NULL),
(3082, '2025-04-21', 'delivery', 632.00, 2, NULL),
(3083, '2025-04-21', 'takeaway', 403.00, 3, NULL),
(3084, '2025-04-21', 'on_site', 934.00, 1, NULL),
(3085, '2025-04-21', 'delivery', 635.00, 2, NULL),
(3086, '2025-04-21', 'takeaway', 406.00, 3, NULL),
(3087, '2025-04-21', 'on_site', 937.00, 1, NULL),
(3088, '2025-04-22', 'delivery', 638.00, 2, NULL),
(3089, '2025-04-22', 'takeaway', 409.00, 3, NULL),
(3090, '2025-04-22', 'on_site', 940.00, 1, NULL),
(3091, '2025-04-22', 'delivery', 641.00, 2, NULL),
(3092, '2025-04-22', 'takeaway', 412.00, 3, NULL),
(3093, '2025-04-22', 'on_site', 943.00, 1, NULL),
(3094, '2025-04-22', 'delivery', 644.00, 2, NULL),
(3095, '2025-04-23', 'takeaway', 415.00, 3, NULL),
(3096, '2025-04-23', 'on_site', 946.00, 1, NULL),
(3097, '2025-04-23', 'delivery', 647.00, 2, NULL),
(3098, '2025-04-23', 'takeaway', 418.00, 3, NULL),
(3099, '2025-04-23', 'on_site', 949.00, 1, NULL),
(3100, '2025-04-23', 'delivery', 650.00, 2, 'Special promotion'),
(3101, '2025-04-23', 'takeaway', 421.00, 3, NULL),
(3102, '2025-04-24', 'on_site', 952.00, 1, NULL),
(3103, '2025-04-24', 'delivery', 653.00, 2, NULL),
(3104, '2025-04-24', 'takeaway', 424.00, 3, NULL),
(3105, '2025-04-24', 'on_site', 955.00, 1, NULL),
(3106, '2025-04-24', 'delivery', 656.00, 2, NULL),
(3107, '2025-04-24', 'takeaway', 427.00, 3, NULL),
(3108, '2025-04-24', 'on_site', 958.00, 1, NULL),
(3109, '2025-04-25', 'delivery', 659.00, 2, NULL),
(3110, '2025-04-25', 'takeaway', 430.00, 3, NULL),
(3111, '2025-04-25', 'on_site', 961.00, 1, NULL),
(3112, '2025-04-25', 'delivery', 662.00, 2, NULL),
(3113, '2025-04-25', 'takeaway', 433.00, 3, NULL),
(3114, '2025-04-25', 'on_site', 964.00, 1, NULL),
(3115, '2025-04-25', 'delivery', 665.00, 2, NULL),
(3116, '2025-04-26', 'takeaway', 501.40, 3, 'Weekend sale'),
(3117, '2025-04-26', 'on_site', 1112.05, 1, 'Weekend sale'),
(3118, '2025-04-26', 'delivery', 768.20, 2, 'Weekend sale'),
(3119, '2025-04-26', 'takeaway', 504.85, 3, 'Weekend sale'),
(3120, '2025-04-26', 'on_site', 1115.50, 1, 'Weekend sale'),
(3121, '2025-04-27', 'delivery', 771.65, 2, 'Weekend sale'),
(3122, '2025-04-27', 'takeaway', 508.30, 3, 'Weekend sale'),
(3123, '2025-04-27', 'on_site', 1118.95, 1, 'Weekend sale'),
(3124, '2025-04-27', 'delivery', 775.10, 2, 'Weekend sale'),
(3125, '2025-04-27', 'takeaway', 511.75, 3, 'Weekend sale'),
(3126, '2025-04-28', 'on_site', 976.00, 1, NULL),
(3127, '2025-04-28', 'delivery', 677.00, 2, NULL),
(3128, '2025-04-28', 'takeaway', 448.00, 3, NULL),
(3129, '2025-04-28', 'on_site', 979.00, 1, NULL),
(3130, '2025-04-28', 'delivery', 680.00, 2, NULL),
(3131, '2025-04-28', 'takeaway', 451.00, 3, NULL),
(3132, '2025-04-28', 'on_site', 982.00, 1, NULL),
(3133, '2025-04-29', 'delivery', 683.00, 2, NULL),
(3134, '2025-04-29', 'takeaway', 454.00, 3, NULL),
(3135, '2025-04-29', 'on_site', 985.00, 1, NULL),
(3136, '2025-04-29', 'delivery', 686.00, 2, NULL),
(3137, '2025-04-29', 'takeaway', 457.00, 3, NULL),
(3138, '2025-04-29', 'on_site', 988.00, 1, NULL),
(3139, '2025-04-29', 'delivery', 689.00, 2, NULL),
(3140, '2025-04-30', 'takeaway', 460.00, 3, NULL),
(3141, '2025-04-30', 'on_site', 991.00, 1, NULL),
(3142, '2025-04-30', 'delivery', 692.00, 2, NULL),
(3143, '2025-04-30', 'takeaway', 463.00, 3, NULL),
(3144, '2025-04-30', 'on_site', 994.00, 1, NULL),
(3145, '2025-04-30', 'delivery', 695.00, 2, NULL),
(3146, '2025-04-30', 'takeaway', 466.00, 3, NULL),
(3147, '2025-05-01', 'on_site', 997.00, 1, NULL),
(3148, '2025-05-01', 'delivery', 698.00, 2, NULL),
(3149, '2025-05-01', 'takeaway', 469.00, 3, NULL),
(3150, '2025-05-01', 'on_site', 1000.00, 1, 'Special promotion'),
(3151, '2025-05-01', 'delivery', 701.00, 2, NULL),
(3152, '2025-05-01', 'takeaway', 472.00, 3, NULL),
(3153, '2025-05-01', 'on_site', 1003.00, 1, NULL),
(3154, '2025-05-02', 'delivery', 704.00, 2, NULL),
(3155, '2025-05-02', 'takeaway', 475.00, 3, NULL),
(3156, '2025-05-02', 'on_site', 1006.00, 1, NULL),
(3157, '2025-05-02', 'delivery', 707.00, 2, NULL),
(3158, '2025-05-02', 'takeaway', 478.00, 3, NULL),
(3159, '2025-05-02', 'on_site', 1009.00, 1, NULL),
(3160, '2025-05-02', 'delivery', 710.00, 2, NULL),
(3161, '2025-05-03', 'takeaway', 553.15, 3, 'Weekend sale'),
(3162, '2025-05-03', 'on_site', 1163.80, 1, 'Weekend sale'),
(3163, '2025-05-03', 'delivery', 819.95, 2, 'Weekend sale'),
(3164, '2025-05-03', 'takeaway', 556.60, 3, 'Weekend sale'),
(3165, '2025-05-03', 'on_site', 1167.25, 1, 'Weekend sale'),
(3166, '2025-05-04', 'delivery', 823.40, 2, 'Weekend sale'),
(3167, '2025-05-04', 'takeaway', 560.05, 3, 'Weekend sale'),
(3168, '2025-05-04', 'on_site', 1170.70, 1, 'Weekend sale'),
(3169, '2025-05-04', 'delivery', 826.85, 2, 'Weekend sale'),
(3170, '2025-05-04', 'takeaway', 563.50, 3, 'Weekend sale'),
(3171, '2025-05-05', 'on_site', 1021.00, 1, NULL),
(3172, '2025-05-05', 'delivery', 722.00, 2, NULL),
(3173, '2025-05-05', 'takeaway', 493.00, 3, NULL),
(3174, '2025-05-05', 'on_site', 1024.00, 1, NULL),
(3175, '2025-05-05', 'delivery', 725.00, 2, NULL),
(3176, '2025-05-05', 'takeaway', 496.00, 3, NULL),
(3177, '2025-05-05', 'on_site', 1027.00, 1, NULL),
(3178, '2025-05-06', 'delivery', 728.00, 2, NULL),
(3179, '2025-05-06', 'takeaway', 499.00, 3, NULL),
(3180, '2025-05-06', 'on_site', 1030.00, 1, NULL),
(3181, '2025-05-06', 'delivery', 731.00, 2, NULL),
(3182, '2025-05-06', 'takeaway', 502.00, 3, NULL),
(3183, '2025-05-06', 'on_site', 1033.00, 1, NULL),
(3184, '2025-05-06', 'delivery', 734.00, 2, NULL),
(3185, '2025-05-07', 'takeaway', 505.00, 3, NULL),
(3186, '2025-05-07', 'on_site', 1036.00, 1, NULL),
(3187, '2025-05-07', 'delivery', 737.00, 2, NULL),
(3188, '2025-05-07', 'takeaway', 508.00, 3, NULL),
(3189, '2025-05-07', 'on_site', 1039.00, 1, NULL),
(3190, '2025-05-07', 'delivery', 740.00, 2, NULL),
(3191, '2025-05-07', 'takeaway', 511.00, 3, NULL),
(3192, '2025-05-08', 'on_site', 1042.00, 1, NULL),
(3193, '2025-05-08', 'delivery', 743.00, 2, NULL),
(3194, '2025-05-08', 'takeaway', 514.00, 3, NULL),
(3195, '2025-05-08', 'on_site', 1045.00, 1, NULL),
(3196, '2025-05-08', 'delivery', 746.00, 2, NULL),
(3197, '2025-05-08', 'takeaway', 517.00, 3, NULL),
(3198, '2025-05-08', 'on_site', 1048.00, 1, NULL),
(3199, '2025-05-09', 'delivery', 749.00, 2, NULL),
(3200, '2025-05-09', 'takeaway', 120.00, 3, 'Special promotion'),
(3201, '2025-05-09', 'on_site', 651.00, 1, NULL),
(3202, '2025-05-09', 'delivery', 352.00, 2, NULL),
(3203, '2025-05-09', 'takeaway', 123.00, 3, NULL),
(3204, '2025-05-09', 'on_site', 654.00, 1, NULL),
(3205, '2025-05-09', 'delivery', 355.00, 2, NULL),
(3206, '2025-05-10', 'takeaway', 144.90, 3, 'Weekend sale'),
(3207, '2025-05-10', 'on_site', 755.55, 1, 'Weekend sale'),
(3208, '2025-05-10', 'delivery', 411.70, 2, 'Weekend sale'),
(3209, '2025-05-10', 'takeaway', 148.35, 3, 'Weekend sale'),
(3210, '2025-05-10', 'on_site', 759.00, 1, 'Weekend sale'),
(3211, '2025-05-11', 'delivery', 415.15, 2, 'Weekend sale'),
(3212, '2025-05-11', 'takeaway', 151.80, 3, 'Weekend sale'),
(3213, '2025-05-11', 'on_site', 762.45, 1, 'Weekend sale'),
(3214, '2025-05-11', 'delivery', 418.60, 2, 'Weekend sale'),
(3215, '2025-05-11', 'takeaway', 155.25, 3, 'Weekend sale'),
(3216, '2025-05-12', 'on_site', 666.00, 1, NULL),
(3217, '2025-05-12', 'delivery', 367.00, 2, NULL),
(3218, '2025-05-12', 'takeaway', 138.00, 3, NULL),
(3219, '2025-05-12', 'on_site', 669.00, 1, NULL),
(3220, '2025-05-12', 'delivery', 370.00, 2, NULL),
(3221, '2025-05-12', 'takeaway', 141.00, 3, NULL),
(3222, '2025-05-12', 'on_site', 672.00, 1, NULL),
(3223, '2025-05-13', 'delivery', 373.00, 2, NULL),
(3224, '2025-05-13', 'takeaway', 144.00, 3, NULL),
(3225, '2025-05-13', 'on_site', 675.00, 1, NULL),
(3226, '2025-05-13', 'delivery', 376.00, 2, NULL),
(3227, '2025-05-13', 'takeaway', 147.00, 3, NULL),
(3228, '2025-05-13', 'on_site', 678.00, 1, NULL),
(3229, '2025-05-13', 'delivery', 379.00, 2, NULL),
(3230, '2025-05-14', 'takeaway', 150.00, 3, NULL),
(3231, '2025-05-14', 'on_site', 681.00, 1, NULL),
(3232, '2025-05-14', 'delivery', 382.00, 2, NULL),
(3233, '2025-05-14', 'takeaway', 153.00, 3, NULL),
(3234, '2025-05-14', 'on_site', 684.00, 1, NULL),
(3235, '2025-05-14', 'delivery', 385.00, 2, NULL),
(3236, '2025-05-14', 'takeaway', 156.00, 3, NULL),
(3237, '2025-05-15', 'on_site', 687.00, 1, NULL),
(3238, '2025-05-15', 'delivery', 388.00, 2, NULL),
(3239, '2025-05-15', 'takeaway', 159.00, 3, NULL),
(3240, '2025-05-15', 'on_site', 690.00, 1, NULL),
(3241, '2025-05-15', 'delivery', 391.00, 2, NULL),
(3242, '2025-05-15', 'takeaway', 162.00, 3, NULL),
(3243, '2025-05-15', 'on_site', 693.00, 1, NULL),
(3244, '2025-05-16', 'delivery', 394.00, 2, NULL),
(3245, '2025-05-16', 'takeaway', 165.00, 3, NULL),
(3246, '2025-05-16', 'on_site', 696.00, 1, NULL),
(3247, '2025-05-16', 'delivery', 397.00, 2, NULL),
(3248, '2025-05-16', 'takeaway', 168.00, 3, NULL),
(3249, '2025-05-16', 'on_site', 699.00, 1, NULL),
(3250, '2025-05-16', 'delivery', 400.00, 2, 'Special promotion'),
(3251, '2025-05-17', 'takeaway', 196.65, 3, 'Weekend sale'),
(3252, '2025-05-17', 'on_site', 807.30, 1, 'Weekend sale'),
(3253, '2025-05-17', 'delivery', 463.45, 2, 'Weekend sale'),
(3254, '2025-05-17', 'takeaway', 200.10, 3, 'Weekend sale'),
(3255, '2025-05-17', 'on_site', 810.75, 1, 'Weekend sale'),
(3256, '2025-05-18', 'delivery', 466.90, 2, 'Weekend sale'),
(3257, '2025-05-18', 'takeaway', 203.55, 3, 'Weekend sale'),
(3258, '2025-05-18', 'on_site', 814.20, 1, 'Weekend sale'),
(3259, '2025-05-18', 'delivery', 470.35, 2, 'Weekend sale'),
(3260, '2025-05-18', 'takeaway', 207.00, 3, 'Weekend sale'),
(3261, '2025-05-19', 'on_site', 711.00, 1, NULL),
(3262, '2025-05-19', 'delivery', 412.00, 2, NULL),
(3263, '2025-05-19', 'takeaway', 183.00, 3, NULL),
(3264, '2025-05-19', 'on_site', 714.00, 1, NULL),
(3265, '2025-05-19', 'delivery', 415.00, 2, NULL),
(3266, '2025-05-19', 'takeaway', 186.00, 3, NULL),
(3267, '2025-05-19', 'on_site', 717.00, 1, NULL),
(3268, '2025-05-20', 'delivery', 418.00, 2, NULL),
(3269, '2025-05-20', 'takeaway', 189.00, 3, NULL),
(3270, '2025-05-20', 'on_site', 720.00, 1, NULL),
(3271, '2025-05-20', 'delivery', 421.00, 2, NULL),
(3272, '2025-05-20', 'takeaway', 192.00, 3, NULL),
(3273, '2025-05-20', 'on_site', 723.00, 1, NULL),
(3274, '2025-05-20', 'delivery', 424.00, 2, NULL),
(3275, '2025-05-21', 'takeaway', 195.00, 3, NULL),
(3276, '2025-05-21', 'on_site', 726.00, 1, NULL),
(3277, '2025-05-21', 'delivery', 427.00, 2, NULL),
(3278, '2025-05-21', 'takeaway', 198.00, 3, NULL),
(3279, '2025-05-21', 'on_site', 729.00, 1, NULL),
(3280, '2025-05-21', 'delivery', 430.00, 2, NULL),
(3281, '2025-05-21', 'takeaway', 201.00, 3, NULL),
(3282, '2025-05-22', 'on_site', 732.00, 1, NULL),
(3283, '2025-05-22', 'delivery', 433.00, 2, NULL),
(3284, '2025-05-22', 'takeaway', 204.00, 3, NULL),
(3285, '2025-05-22', 'on_site', 735.00, 1, NULL),
(3286, '2025-05-22', 'delivery', 436.00, 2, NULL),
(3287, '2025-05-22', 'takeaway', 207.00, 3, NULL),
(3288, '2025-05-22', 'on_site', 738.00, 1, NULL),
(3289, '2025-05-23', 'delivery', 439.00, 2, NULL),
(3290, '2025-05-23', 'takeaway', 210.00, 3, NULL),
(3291, '2025-05-23', 'on_site', 741.00, 1, NULL),
(3292, '2025-05-23', 'delivery', 442.00, 2, NULL),
(3293, '2025-05-23', 'takeaway', 213.00, 3, NULL),
(3294, '2025-05-23', 'on_site', 744.00, 1, NULL),
(3295, '2025-05-23', 'delivery', 445.00, 2, NULL),
(3296, '2025-05-24', 'takeaway', 248.40, 3, 'Weekend sale'),
(3297, '2025-05-24', 'on_site', 859.05, 1, 'Weekend sale'),
(3298, '2025-05-24', 'delivery', 515.20, 2, 'Weekend sale'),
(3299, '2025-05-24', 'takeaway', 251.85, 3, 'Weekend sale'),
(3300, '2025-05-24', 'on_site', 862.50, 1, 'Weekend sale'),
(3301, '2025-05-25', 'delivery', 518.65, 2, 'Weekend sale'),
(3302, '2025-05-25', 'takeaway', 255.30, 3, 'Weekend sale'),
(3303, '2025-05-25', 'on_site', 865.95, 1, 'Weekend sale'),
(3304, '2025-05-25', 'delivery', 522.10, 2, 'Weekend sale'),
(3305, '2025-05-25', 'takeaway', 258.75, 3, 'Weekend sale'),
(3306, '2025-05-26', 'on_site', 756.00, 1, NULL),
(3307, '2025-05-26', 'delivery', 457.00, 2, NULL),
(3308, '2025-05-26', 'takeaway', 228.00, 3, NULL),
(3309, '2025-05-26', 'on_site', 759.00, 1, NULL),
(3310, '2025-05-26', 'delivery', 460.00, 2, NULL),
(3311, '2025-05-26', 'takeaway', 231.00, 3, NULL),
(3312, '2025-05-26', 'on_site', 762.00, 1, NULL),
(3313, '2025-05-27', 'delivery', 463.00, 2, NULL),
(3314, '2025-05-27', 'takeaway', 234.00, 3, NULL),
(3315, '2025-05-27', 'on_site', 765.00, 1, NULL),
(3316, '2025-05-27', 'delivery', 466.00, 2, NULL),
(3317, '2025-05-27', 'takeaway', 237.00, 3, NULL),
(3318, '2025-05-27', 'on_site', 768.00, 1, NULL),
(3319, '2025-05-27', 'delivery', 469.00, 2, NULL),
(3320, '2025-05-28', 'takeaway', 240.00, 3, NULL),
(3321, '2025-05-28', 'on_site', 771.00, 1, NULL),
(3322, '2025-05-28', 'delivery', 472.00, 2, NULL),
(3323, '2025-05-28', 'takeaway', 243.00, 3, NULL),
(3324, '2025-05-28', 'on_site', 774.00, 1, NULL),
(3325, '2025-05-28', 'delivery', 475.00, 2, NULL),
(3326, '2025-05-28', 'takeaway', 246.00, 3, NULL),
(3327, '2025-05-29', 'on_site', 777.00, 1, NULL),
(3328, '2025-05-29', 'delivery', 478.00, 2, NULL),
(3329, '2025-05-29', 'takeaway', 249.00, 3, NULL),
(3330, '2025-05-29', 'on_site', 780.00, 1, NULL),
(3331, '2025-05-29', 'delivery', 481.00, 2, NULL),
(3332, '2025-05-29', 'takeaway', 252.00, 3, NULL),
(3333, '2025-05-29', 'on_site', 783.00, 1, NULL),
(3334, '2025-05-30', 'delivery', 484.00, 2, NULL),
(3335, '2025-05-30', 'takeaway', 255.00, 3, NULL),
(3336, '2025-05-30', 'on_site', 786.00, 1, NULL),
(3337, '2025-05-30', 'delivery', 487.00, 2, NULL),
(3338, '2025-05-30', 'takeaway', 258.00, 3, NULL),
(3339, '2025-05-30', 'on_site', 789.00, 1, NULL),
(3340, '2025-05-30', 'delivery', 490.00, 2, NULL),
(3341, '2025-05-31', 'takeaway', 300.15, 3, 'Weekend sale'),
(3342, '2025-05-31', 'on_site', 910.80, 1, 'Weekend sale'),
(3343, '2025-05-31', 'delivery', 566.95, 2, 'Weekend sale'),
(3344, '2025-05-31', 'takeaway', 303.60, 3, 'Weekend sale'),
(3345, '2025-05-31', 'on_site', 914.25, 1, 'Weekend sale'),
(3346, '2025-06-01', 'delivery', 570.40, 2, 'Weekend sale'),
(3347, '2025-06-01', 'takeaway', 307.05, 3, 'Weekend sale'),
(3348, '2025-06-01', 'on_site', 917.70, 1, 'Weekend sale'),
(3349, '2025-06-01', 'delivery', 573.85, 2, 'Weekend sale'),
(3350, '2025-06-01', 'takeaway', 310.50, 3, 'Weekend sale'),
(3351, '2025-06-02', 'on_site', 801.00, 1, NULL),
(3352, '2025-06-02', 'delivery', 502.00, 2, NULL),
(3353, '2025-06-02', 'takeaway', 273.00, 3, NULL),
(3354, '2025-06-02', 'on_site', 804.00, 1, NULL),
(3355, '2025-06-02', 'delivery', 505.00, 2, NULL),
(3356, '2025-06-02', 'takeaway', 276.00, 3, NULL),
(3357, '2025-06-02', 'on_site', 807.00, 1, NULL),
(3358, '2025-06-03', 'delivery', 508.00, 2, NULL),
(3359, '2025-06-03', 'takeaway', 279.00, 3, NULL),
(3360, '2025-06-03', 'on_site', 810.00, 1, NULL),
(3361, '2025-06-03', 'delivery', 511.00, 2, NULL),
(3362, '2025-06-03', 'takeaway', 282.00, 3, NULL),
(3363, '2025-06-03', 'on_site', 813.00, 1, NULL),
(3364, '2025-06-03', 'delivery', 514.00, 2, NULL),
(3365, '2025-06-04', 'takeaway', 285.00, 3, NULL),
(3366, '2025-06-04', 'on_site', 816.00, 1, NULL),
(3367, '2025-06-04', 'delivery', 517.00, 2, NULL),
(3368, '2025-06-04', 'takeaway', 288.00, 3, NULL),
(3369, '2025-06-04', 'on_site', 819.00, 1, NULL),
(3370, '2025-06-04', 'delivery', 520.00, 2, NULL),
(3371, '2025-06-04', 'takeaway', 291.00, 3, NULL),
(3372, '2025-06-05', 'on_site', 822.00, 1, NULL),
(3373, '2025-06-05', 'delivery', 523.00, 2, NULL),
(3374, '2025-06-05', 'takeaway', 294.00, 3, NULL),
(3375, '2025-06-05', 'on_site', 825.00, 1, NULL),
(3376, '2025-06-05', 'delivery', 526.00, 2, NULL),
(3377, '2025-06-05', 'takeaway', 297.00, 3, NULL),
(3378, '2025-06-05', 'on_site', 828.00, 1, NULL),
(3379, '2025-06-06', 'delivery', 529.00, 2, NULL),
(3380, '2025-06-06', 'takeaway', 300.00, 3, NULL),
(3381, '2025-06-06', 'on_site', 831.00, 1, NULL),
(3382, '2025-06-06', 'delivery', 532.00, 2, NULL),
(3383, '2025-06-06', 'takeaway', 303.00, 3, NULL),
(3384, '2025-06-06', 'on_site', 834.00, 1, NULL),
(3385, '2025-06-06', 'delivery', 535.00, 2, NULL),
(3386, '2025-06-07', 'takeaway', 351.90, 3, 'Weekend sale'),
(3387, '2025-06-07', 'on_site', 962.55, 1, 'Weekend sale'),
(3388, '2025-06-07', 'delivery', 618.70, 2, 'Weekend sale'),
(3389, '2025-06-07', 'takeaway', 355.35, 3, 'Weekend sale'),
(3390, '2025-06-07', 'on_site', 966.00, 1, 'Weekend sale'),
(3391, '2025-06-08', 'delivery', 622.15, 2, 'Weekend sale'),
(3392, '2025-06-08', 'takeaway', 358.80, 3, 'Weekend sale'),
(3393, '2025-06-08', 'on_site', 969.45, 1, 'Weekend sale'),
(3394, '2025-06-08', 'delivery', 625.60, 2, 'Weekend sale'),
(3395, '2025-06-08', 'takeaway', 362.25, 3, 'Weekend sale'),
(3396, '2025-06-09', 'on_site', 846.00, 1, NULL),
(3397, '2025-06-09', 'delivery', 547.00, 2, NULL),
(3398, '2025-06-09', 'takeaway', 318.00, 3, NULL),
(3399, '2025-06-09', 'on_site', 849.00, 1, NULL),
(3400, '2025-06-09', 'delivery', 550.00, 2, 'Special promotion'),
(3401, '2025-06-09', 'takeaway', 321.00, 3, NULL),
(3402, '2025-06-09', 'on_site', 852.00, 1, NULL),
(3403, '2025-06-10', 'delivery', 553.00, 2, NULL),
(3404, '2025-06-10', 'takeaway', 324.00, 3, NULL),
(3405, '2025-06-10', 'on_site', 855.00, 1, NULL),
(3406, '2025-06-10', 'delivery', 556.00, 2, NULL),
(3407, '2025-06-10', 'takeaway', 327.00, 3, NULL),
(3408, '2025-06-10', 'on_site', 858.00, 1, NULL),
(3409, '2025-06-10', 'delivery', 559.00, 2, NULL),
(3410, '2025-06-11', 'takeaway', 330.00, 3, NULL),
(3411, '2025-06-11', 'on_site', 861.00, 1, NULL),
(3412, '2025-06-11', 'delivery', 562.00, 2, NULL),
(3413, '2025-06-11', 'takeaway', 333.00, 3, NULL),
(3414, '2025-06-11', 'on_site', 864.00, 1, NULL),
(3415, '2025-06-11', 'delivery', 565.00, 2, NULL),
(3416, '2025-06-11', 'takeaway', 336.00, 3, NULL),
(3417, '2025-06-12', 'on_site', 867.00, 1, NULL),
(3418, '2025-06-12', 'delivery', 568.00, 2, NULL),
(3419, '2025-06-12', 'takeaway', 339.00, 3, NULL),
(3420, '2025-06-12', 'on_site', 870.00, 1, NULL),
(3421, '2025-06-12', 'delivery', 571.00, 2, NULL),
(3422, '2025-06-12', 'takeaway', 342.00, 3, NULL),
(3423, '2025-06-12', 'on_site', 873.00, 1, NULL),
(3424, '2025-06-13', 'delivery', 574.00, 2, NULL),
(3425, '2025-06-13', 'takeaway', 345.00, 3, NULL),
(3426, '2025-06-13', 'on_site', 876.00, 1, NULL),
(3427, '2025-06-13', 'delivery', 577.00, 2, NULL),
(3428, '2025-06-13', 'takeaway', 348.00, 3, NULL),
(3429, '2025-06-13', 'on_site', 879.00, 1, NULL),
(3430, '2025-06-13', 'delivery', 580.00, 2, NULL),
(3431, '2025-06-14', 'takeaway', 403.65, 3, 'Weekend sale'),
(3432, '2025-06-14', 'on_site', 1014.30, 1, 'Weekend sale'),
(3433, '2025-06-14', 'delivery', 670.45, 2, 'Weekend sale'),
(3434, '2025-06-14', 'takeaway', 407.10, 3, 'Weekend sale'),
(3435, '2025-06-14', 'on_site', 1017.75, 1, 'Weekend sale'),
(3436, '2025-06-15', 'delivery', 673.90, 2, 'Weekend sale'),
(3437, '2025-06-15', 'takeaway', 410.55, 3, 'Weekend sale'),
(3438, '2025-06-15', 'on_site', 1021.20, 1, 'Weekend sale'),
(3439, '2025-06-15', 'delivery', 677.35, 2, 'Weekend sale'),
(3440, '2025-06-15', 'takeaway', 414.00, 3, 'Weekend sale'),
(3441, '2025-06-16', 'on_site', 891.00, 1, NULL),
(3442, '2025-06-16', 'delivery', 592.00, 2, NULL),
(3443, '2025-06-16', 'takeaway', 363.00, 3, NULL),
(3444, '2025-06-16', 'on_site', 894.00, 1, NULL),
(3445, '2025-06-16', 'delivery', 595.00, 2, NULL),
(3446, '2025-06-16', 'takeaway', 366.00, 3, NULL),
(3447, '2025-06-16', 'on_site', 897.00, 1, NULL),
(3448, '2025-06-17', 'delivery', 598.00, 2, NULL),
(3449, '2025-06-17', 'takeaway', 369.00, 3, NULL),
(3450, '2025-06-17', 'on_site', 900.00, 1, 'Special promotion'),
(3451, '2025-06-17', 'delivery', 601.00, 2, NULL),
(3452, '2025-06-17', 'takeaway', 372.00, 3, NULL),
(3453, '2025-06-17', 'on_site', 903.00, 1, NULL),
(3454, '2025-06-17', 'delivery', 604.00, 2, NULL),
(3455, '2025-06-18', 'takeaway', 375.00, 3, NULL),
(3456, '2025-06-18', 'on_site', 906.00, 1, NULL),
(3457, '2025-06-18', 'delivery', 607.00, 2, NULL),
(3458, '2025-06-18', 'takeaway', 378.00, 3, NULL),
(3459, '2025-06-18', 'on_site', 909.00, 1, NULL),
(3460, '2025-06-18', 'delivery', 610.00, 2, NULL),
(3461, '2025-06-18', 'takeaway', 381.00, 3, NULL),
(3462, '2025-06-19', 'on_site', 912.00, 1, NULL),
(3463, '2025-06-19', 'delivery', 613.00, 2, NULL),
(3464, '2025-06-19', 'takeaway', 384.00, 3, NULL),
(3465, '2025-06-19', 'on_site', 915.00, 1, NULL),
(3466, '2025-06-19', 'delivery', 616.00, 2, NULL),
(3467, '2025-06-19', 'takeaway', 387.00, 3, NULL),
(3468, '2025-06-19', 'on_site', 918.00, 1, NULL),
(3469, '2025-06-20', 'delivery', 619.00, 2, NULL),
(3470, '2025-06-20', 'takeaway', 390.00, 3, NULL),
(3471, '2025-06-20', 'on_site', 921.00, 1, NULL),
(3472, '2025-06-20', 'delivery', 622.00, 2, NULL),
(3473, '2025-06-20', 'takeaway', 393.00, 3, NULL),
(3474, '2025-06-20', 'on_site', 924.00, 1, NULL),
(3475, '2025-06-20', 'delivery', 625.00, 2, NULL),
(3476, '2025-06-21', 'takeaway', 455.40, 3, 'Weekend sale'),
(3477, '2025-06-21', 'on_site', 1066.05, 1, 'Weekend sale'),
(3478, '2025-06-21', 'delivery', 722.20, 2, 'Weekend sale'),
(3479, '2025-06-21', 'takeaway', 458.85, 3, 'Weekend sale'),
(3480, '2025-06-21', 'on_site', 1069.50, 1, 'Weekend sale'),
(3481, '2025-06-22', 'delivery', 725.65, 2, 'Weekend sale'),
(3482, '2025-06-22', 'takeaway', 462.30, 3, 'Weekend sale'),
(3483, '2025-06-22', 'on_site', 1072.95, 1, 'Weekend sale'),
(3484, '2025-06-22', 'delivery', 729.10, 2, 'Weekend sale'),
(3485, '2025-06-22', 'takeaway', 465.75, 3, 'Weekend sale'),
(3486, '2025-06-23', 'on_site', 936.00, 1, NULL),
(3487, '2025-06-23', 'delivery', 637.00, 2, NULL),
(3488, '2025-06-23', 'takeaway', 408.00, 3, NULL),
(3489, '2025-06-23', 'on_site', 939.00, 1, NULL),
(3490, '2025-06-23', 'delivery', 640.00, 2, NULL),
(3491, '2025-06-23', 'takeaway', 411.00, 3, NULL),
(3492, '2025-06-23', 'on_site', 942.00, 1, NULL),
(3493, '2025-06-24', 'delivery', 643.00, 2, NULL),
(3494, '2025-06-24', 'takeaway', 414.00, 3, NULL),
(3495, '2025-06-24', 'on_site', 945.00, 1, NULL),
(3496, '2025-06-24', 'delivery', 646.00, 2, NULL),
(3497, '2025-06-24', 'takeaway', 417.00, 3, NULL),
(3498, '2025-06-24', 'on_site', 948.00, 1, NULL),
(3499, '2025-06-24', 'delivery', 649.00, 2, NULL),
(3500, '2025-06-25', 'takeaway', 420.00, 3, 'Special promotion');

INSERT INTO sales (id, date, type, amount, quantity, description) VALUES
(3501, '2025-06-25', 'on_site', 951.00, 1, NULL),
(3502, '2025-06-25', 'delivery', 652.00, 2, NULL),
(3503, '2025-06-25', 'takeaway', 423.00, 3, NULL),
(3504, '2025-06-25', 'on_site', 954.00, 1, NULL),
(3505, '2025-06-25', 'delivery', 655.00, 2, NULL),
(3506, '2025-06-25', 'takeaway', 426.00, 3, NULL),
(3507, '2025-06-26', 'on_site', 957.00, 1, NULL),
(3508, '2025-06-26', 'delivery', 658.00, 2, NULL),
(3509, '2025-06-26', 'takeaway', 429.00, 3, NULL),
(3510, '2025-06-26', 'on_site', 960.00, 1, NULL),
(3511, '2025-06-26', 'delivery', 661.00, 2, NULL),
(3512, '2025-06-26', 'takeaway', 432.00, 3, NULL),
(3513, '2025-06-26', 'on_site', 963.00, 1, NULL),
(3514, '2025-06-27', 'delivery', 664.00, 2, NULL),
(3515, '2025-06-27', 'takeaway', 435.00, 3, NULL),
(3516, '2025-06-27', 'on_site', 966.00, 1, NULL),
(3517, '2025-06-27', 'delivery', 667.00, 2, NULL),
(3518, '2025-06-27', 'takeaway', 438.00, 3, NULL),
(3519, '2025-06-27', 'on_site', 969.00, 1, NULL),
(3520, '2025-06-27', 'delivery', 670.00, 2, NULL),
(3521, '2025-06-28', 'takeaway', 507.15, 3, 'Weekend sale'),
(3522, '2025-06-28', 'on_site', 1117.80, 1, 'Weekend sale'),
(3523, '2025-06-28', 'delivery', 773.95, 2, 'Weekend sale'),
(3524, '2025-06-28', 'takeaway', 510.60, 3, 'Weekend sale'),
(3525, '2025-06-28', 'on_site', 1121.25, 1, 'Weekend sale'),
(3526, '2025-06-29', 'delivery', 777.40, 2, 'Weekend sale'),
(3527, '2025-06-29', 'takeaway', 514.05, 3, 'Weekend sale'),
(3528, '2025-06-29', 'on_site', 1124.70, 1, 'Weekend sale'),
(3529, '2025-06-29', 'delivery', 780.85, 2, 'Weekend sale'),
(3530, '2025-06-29', 'takeaway', 517.50, 3, 'Weekend sale'),
(3531, '2025-06-30', 'on_site', 981.00, 1, NULL),
(3532, '2025-06-30', 'delivery', 682.00, 2, NULL),
(3533, '2025-06-30', 'takeaway', 453.00, 3, NULL),
(3534, '2025-06-30', 'on_site', 984.00, 1, NULL),
(3535, '2025-06-30', 'delivery', 685.00, 2, NULL),
(3536, '2025-06-30', 'takeaway', 456.00, 3, NULL),
(3537, '2025-06-30', 'on_site', 987.00, 1, NULL),
(3538, '2025-07-01', 'delivery', 688.00, 2, NULL),
(3539, '2025-07-01', 'takeaway', 459.00, 3, NULL),
(3540, '2025-07-01', 'on_site', 990.00, 1, NULL),
(3541, '2025-07-01', 'delivery', 691.00, 2, NULL),
(3542, '2025-07-01', 'takeaway', 462.00, 3, NULL),
(3543, '2025-07-01', 'on_site', 993.00, 1, NULL),
(3544, '2025-07-01', 'delivery', 694.00, 2, NULL),
(3545, '2025-07-02', 'takeaway', 465.00, 3, NULL),
(3546, '2025-07-02', 'on_site', 996.00, 1, NULL),
(3547, '2025-07-02', 'delivery', 697.00, 2, NULL),
(3548, '2025-07-02', 'takeaway', 468.00, 3, NULL),
(3549, '2025-07-02', 'on_site', 999.00, 1, NULL),
(3550, '2025-07-02', 'delivery', 700.00, 2, 'Special promotion'),
(3551, '2025-07-02', 'takeaway', 471.00, 3, NULL),
(3552, '2025-07-03', 'on_site', 1002.00, 1, NULL),
(3553, '2025-07-03', 'delivery', 703.00, 2, NULL),
(3554, '2025-07-03', 'takeaway', 474.00, 3, NULL),
(3555, '2025-07-03', 'on_site', 1005.00, 1, NULL),
(3556, '2025-07-03', 'delivery', 706.00, 2, NULL),
(3557, '2025-07-03', 'takeaway', 477.00, 3, NULL),
(3558, '2025-07-03', 'on_site', 1008.00, 1, NULL),
(3559, '2025-07-04', 'delivery', 709.00, 2, NULL),
(3560, '2025-07-04', 'takeaway', 480.00, 3, NULL),
(3561, '2025-07-04', 'on_site', 1011.00, 1, NULL),
(3562, '2025-07-04', 'delivery', 712.00, 2, NULL),
(3563, '2025-07-04', 'takeaway', 483.00, 3, NULL),
(3564, '2025-07-04', 'on_site', 1014.00, 1, NULL),
(3565, '2025-07-04', 'delivery', 715.00, 2, NULL),
(3566, '2025-07-05', 'takeaway', 558.90, 3, 'Weekend sale'),
(3567, '2025-07-05', 'on_site', 1169.55, 1, 'Weekend sale'),
(3568, '2025-07-05', 'delivery', 825.70, 2, 'Weekend sale'),
(3569, '2025-07-05', 'takeaway', 562.35, 3, 'Weekend sale'),
(3570, '2025-07-05', 'on_site', 1173.00, 1, 'Weekend sale'),
(3571, '2025-07-06', 'delivery', 829.15, 2, 'Weekend sale'),
(3572, '2025-07-06', 'takeaway', 565.80, 3, 'Weekend sale'),
(3573, '2025-07-06', 'on_site', 1176.45, 1, 'Weekend sale'),
(3574, '2025-07-06', 'delivery', 832.60, 2, 'Weekend sale'),
(3575, '2025-07-06', 'takeaway', 569.25, 3, 'Weekend sale'),
(3576, '2025-07-07', 'on_site', 1026.00, 1, NULL),
(3577, '2025-07-07', 'delivery', 727.00, 2, NULL),
(3578, '2025-07-07', 'takeaway', 498.00, 3, NULL),
(3579, '2025-07-07', 'on_site', 1029.00, 1, NULL),
(3580, '2025-07-07', 'delivery', 730.00, 2, NULL),
(3581, '2025-07-07', 'takeaway', 501.00, 3, NULL),
(3582, '2025-07-07', 'on_site', 1032.00, 1, NULL),
(3583, '2025-07-08', 'delivery', 733.00, 2, NULL),
(3584, '2025-07-08', 'takeaway', 504.00, 3, NULL),
(3585, '2025-07-08', 'on_site', 1035.00, 1, NULL),
(3586, '2025-07-08', 'delivery', 736.00, 2, NULL),
(3587, '2025-07-08', 'takeaway', 507.00, 3, NULL),
(3588, '2025-07-08', 'on_site', 1038.00, 1, NULL),
(3589, '2025-07-08', 'delivery', 739.00, 2, NULL),
(3590, '2025-07-09', 'takeaway', 510.00, 3, NULL),
(3591, '2025-07-09', 'on_site', 1041.00, 1, NULL),
(3592, '2025-07-09', 'delivery', 742.00, 2, NULL),
(3593, '2025-07-09', 'takeaway', 513.00, 3, NULL),
(3594, '2025-07-09', 'on_site', 1044.00, 1, NULL),
(3595, '2025-07-09', 'delivery', 745.00, 2, NULL),
(3596, '2025-07-09', 'takeaway', 516.00, 3, NULL),
(3597, '2025-07-10', 'on_site', 1047.00, 1, NULL),
(3598, '2025-07-10', 'delivery', 748.00, 2, NULL),
(3599, '2025-07-10', 'takeaway', 519.00, 3, NULL),
(3600, '2025-07-10', 'on_site', 650.00, 1, 'Special promotion'),
(3601, '2025-07-10', 'delivery', 351.00, 2, NULL),
(3602, '2025-07-10', 'takeaway', 122.00, 3, NULL),
(3603, '2025-07-10', 'on_site', 653.00, 1, NULL),
(3604, '2025-07-11', 'delivery', 354.00, 2, NULL),
(3605, '2025-07-11', 'takeaway', 125.00, 3, NULL),
(3606, '2025-07-11', 'on_site', 656.00, 1, NULL),
(3607, '2025-07-11', 'delivery', 357.00, 2, NULL),
(3608, '2025-07-11', 'takeaway', 128.00, 3, NULL),
(3609, '2025-07-11', 'on_site', 659.00, 1, NULL),
(3610, '2025-07-11', 'delivery', 360.00, 2, NULL),
(3611, '2025-07-12', 'takeaway', 150.65, 3, 'Weekend sale'),
(3612, '2025-07-12', 'on_site', 761.30, 1, 'Weekend sale'),
(3613, '2025-07-12', 'delivery', 417.45, 2, 'Weekend sale'),
(3614, '2025-07-12', 'takeaway', 154.10, 3, 'Weekend sale'),
(3615, '2025-07-12', 'on_site', 764.75, 1, 'Weekend sale'),
(3616, '2025-07-13', 'delivery', 420.90, 2, 'Weekend sale'),
(3617, '2025-07-13', 'takeaway', 157.55, 3, 'Weekend sale'),
(3618, '2025-07-13', 'on_site', 768.20, 1, 'Weekend sale'),
(3619, '2025-07-13', 'delivery', 424.35, 2, 'Weekend sale'),
(3620, '2025-07-13', 'takeaway', 161.00, 3, 'Weekend sale'),
(3621, '2025-07-14', 'on_site', 671.00, 1, NULL),
(3622, '2025-07-14', 'delivery', 372.00, 2, NULL),
(3623, '2025-07-14', 'takeaway', 143.00, 3, NULL),
(3624, '2025-07-14', 'on_site', 674.00, 1, NULL),
(3625, '2025-07-14', 'delivery', 375.00, 2, NULL),
(3626, '2025-07-14', 'takeaway', 146.00, 3, NULL),
(3627, '2025-07-14', 'on_site', 677.00, 1, NULL),
(3628, '2025-07-15', 'delivery', 378.00, 2, NULL),
(3629, '2025-07-15', 'takeaway', 149.00, 3, NULL),
(3630, '2025-07-15', 'on_site', 680.00, 1, NULL),
(3631, '2025-07-15', 'delivery', 381.00, 2, NULL),
(3632, '2025-07-15', 'takeaway', 152.00, 3, NULL),
(3633, '2025-07-15', 'on_site', 683.00, 1, NULL),
(3634, '2025-07-15', 'delivery', 384.00, 2, NULL),
(3635, '2025-07-16', 'takeaway', 155.00, 3, NULL),
(3636, '2025-07-16', 'on_site', 686.00, 1, NULL),
(3637, '2025-07-16', 'delivery', 387.00, 2, NULL),
(3638, '2025-07-16', 'takeaway', 158.00, 3, NULL),
(3639, '2025-07-16', 'on_site', 689.00, 1, NULL),
(3640, '2025-07-16', 'delivery', 390.00, 2, NULL),
(3641, '2025-07-16', 'takeaway', 161.00, 3, NULL),
(3642, '2025-07-17', 'on_site', 692.00, 1, NULL),
(3643, '2025-07-17', 'delivery', 393.00, 2, NULL),
(3644, '2025-07-17', 'takeaway', 164.00, 3, NULL),
(3645, '2025-07-17', 'on_site', 695.00, 1, NULL),
(3646, '2025-07-17', 'delivery', 396.00, 2, NULL),
(3647, '2025-07-17', 'takeaway', 167.00, 3, NULL),
(3648, '2025-07-17', 'on_site', 698.00, 1, NULL),
(3649, '2025-07-18', 'delivery', 399.00, 2, NULL),
(3650, '2025-07-18', 'takeaway', 170.00, 3, 'Special promotion'),
(3651, '2025-07-18', 'on_site', 701.00, 1, NULL),
(3652, '2025-07-18', 'delivery', 402.00, 2, NULL),
(3653, '2025-07-18', 'takeaway', 173.00, 3, NULL),
(3654, '2025-07-18', 'on_site', 704.00, 1, NULL),
(3655, '2025-07-18', 'delivery', 405.00, 2, NULL),
(3656, '2025-07-19', 'takeaway', 202.40, 3, 'Weekend sale'),
(3657, '2025-07-19', 'on_site', 813.05, 1, 'Weekend sale'),
(3658, '2025-07-19', 'delivery', 469.20, 2, 'Weekend sale'),
(3659, '2025-07-19', 'takeaway', 205.85, 3, 'Weekend sale'),
(3660, '2025-07-19', 'on_site', 816.50, 1, 'Weekend sale'),
(3661, '2025-07-20', 'delivery', 472.65, 2, 'Weekend sale'),
(3662, '2025-07-20', 'takeaway', 209.30, 3, 'Weekend sale'),
(3663, '2025-07-20', 'on_site', 819.95, 1, 'Weekend sale'),
(3664, '2025-07-20', 'delivery', 476.10, 2, 'Weekend sale'),
(3665, '2025-07-20', 'takeaway', 212.75, 3, 'Weekend sale'),
(3666, '2025-07-21', 'on_site', 716.00, 1, NULL),
(3667, '2025-07-21', 'delivery', 417.00, 2, NULL),
(3668, '2025-07-21', 'takeaway', 188.00, 3, NULL),
(3669, '2025-07-21', 'on_site', 719.00, 1, NULL),
(3670, '2025-07-21', 'delivery', 420.00, 2, NULL),
(3671, '2025-07-21', 'takeaway', 191.00, 3, NULL),
(3672, '2025-07-21', 'on_site', 722.00, 1, NULL),
(3673, '2025-07-22', 'delivery', 423.00, 2, NULL),
(3674, '2025-07-22', 'takeaway', 194.00, 3, NULL),
(3675, '2025-07-22', 'on_site', 725.00, 1, NULL),
(3676, '2025-07-22', 'delivery', 426.00, 2, NULL),
(3677, '2025-07-22', 'takeaway', 197.00, 3, NULL),
(3678, '2025-07-22', 'on_site', 728.00, 1, NULL),
(3679, '2025-07-22', 'delivery', 429.00, 2, NULL),
(3680, '2025-07-23', 'takeaway', 200.00, 3, NULL),
(3681, '2025-07-23', 'on_site', 731.00, 1, NULL),
(3682, '2025-07-23', 'delivery', 432.00, 2, NULL),
(3683, '2025-07-23', 'takeaway', 203.00, 3, NULL),
(3684, '2025-07-23', 'on_site', 734.00, 1, NULL),
(3685, '2025-07-23', 'delivery', 435.00, 2, NULL),
(3686, '2025-07-23', 'takeaway', 206.00, 3, NULL),
(3687, '2025-07-24', 'on_site', 737.00, 1, NULL),
(3688, '2025-07-24', 'delivery', 438.00, 2, NULL),
(3689, '2025-07-24', 'takeaway', 209.00, 3, NULL),
(3690, '2025-07-24', 'on_site', 740.00, 1, NULL),
(3691, '2025-07-24', 'delivery', 441.00, 2, NULL),
(3692, '2025-07-24', 'takeaway', 212.00, 3, NULL),
(3693, '2025-07-24', 'on_site', 743.00, 1, NULL),
(3694, '2025-07-25', 'delivery', 444.00, 2, NULL),
(3695, '2025-07-25', 'takeaway', 215.00, 3, NULL),
(3696, '2025-07-25', 'on_site', 746.00, 1, NULL),
(3697, '2025-07-25', 'delivery', 447.00, 2, NULL),
(3698, '2025-07-25', 'takeaway', 218.00, 3, NULL),
(3699, '2025-07-25', 'on_site', 749.00, 1, NULL),
(3700, '2025-07-25', 'delivery', 450.00, 2, 'Special promotion'),
(3701, '2025-07-26', 'takeaway', 254.15, 3, 'Weekend sale'),
(3702, '2025-07-26', 'on_site', 864.80, 1, 'Weekend sale'),
(3703, '2025-07-26', 'delivery', 520.95, 2, 'Weekend sale'),
(3704, '2025-07-26', 'takeaway', 257.60, 3, 'Weekend sale'),
(3705, '2025-07-26', 'on_site', 868.25, 1, 'Weekend sale'),
(3706, '2025-07-27', 'delivery', 524.40, 2, 'Weekend sale'),
(3707, '2025-07-27', 'takeaway', 261.05, 3, 'Weekend sale'),
(3708, '2025-07-27', 'on_site', 871.70, 1, 'Weekend sale'),
(3709, '2025-07-27', 'delivery', 527.85, 2, 'Weekend sale'),
(3710, '2025-07-27', 'takeaway', 264.50, 3, 'Weekend sale'),
(3711, '2025-07-28', 'on_site', 761.00, 1, NULL),
(3712, '2025-07-28', 'delivery', 462.00, 2, NULL),
(3713, '2025-07-28', 'takeaway', 233.00, 3, NULL),
(3714, '2025-07-28', 'on_site', 764.00, 1, NULL),
(3715, '2025-07-28', 'delivery', 465.00, 2, NULL),
(3716, '2025-07-28', 'takeaway', 236.00, 3, NULL),
(3717, '2025-07-28', 'on_site', 767.00, 1, NULL),
(3718, '2025-07-29', 'delivery', 468.00, 2, NULL),
(3719, '2025-07-29', 'takeaway', 239.00, 3, NULL),
(3720, '2025-07-29', 'on_site', 770.00, 1, NULL),
(3721, '2025-07-29', 'delivery', 471.00, 2, NULL),
(3722, '2025-07-29', 'takeaway', 242.00, 3, NULL),
(3723, '2025-07-29', 'on_site', 773.00, 1, NULL),
(3724, '2025-07-29', 'delivery', 474.00, 2, NULL),
(3725, '2025-07-30', 'takeaway', 245.00, 3, NULL),
(3726, '2025-07-30', 'on_site', 776.00, 1, NULL),
(3727, '2025-07-30', 'delivery', 477.00, 2, NULL),
(3728, '2025-07-30', 'takeaway', 248.00, 3, NULL),
(3729, '2025-07-30', 'on_site', 779.00, 1, NULL),
(3730, '2025-07-30', 'delivery', 480.00, 2, NULL),
(3731, '2025-07-30', 'takeaway', 251.00, 3, NULL),
(3732, '2025-07-31', 'on_site', 782.00, 1, NULL),
(3733, '2025-07-31', 'delivery', 483.00, 2, NULL),
(3734, '2025-07-31', 'takeaway', 254.00, 3, NULL),
(3735, '2025-07-31', 'on_site', 785.00, 1, NULL),
(3736, '2025-07-31', 'delivery', 486.00, 2, NULL),
(3737, '2025-07-31', 'takeaway', 257.00, 3, NULL),
(3738, '2025-07-31', 'on_site', 788.00, 1, NULL),
(3739, '2025-08-01', 'delivery', 489.00, 2, NULL),
(3740, '2025-08-01', 'takeaway', 260.00, 3, NULL),
(3741, '2025-08-01', 'on_site', 791.00, 1, NULL),
(3742, '2025-08-01', 'delivery', 492.00, 2, NULL),
(3743, '2025-08-01', 'takeaway', 263.00, 3, NULL),
(3744, '2025-08-01', 'on_site', 794.00, 1, NULL),
(3745, '2025-08-01', 'delivery', 495.00, 2, NULL),
(3746, '2025-08-02', 'takeaway', 305.90, 3, 'Weekend sale'),
(3747, '2025-08-02', 'on_site', 916.55, 1, 'Weekend sale'),
(3748, '2025-08-02', 'delivery', 572.70, 2, 'Weekend sale'),
(3749, '2025-08-02', 'takeaway', 309.35, 3, 'Weekend sale'),
(3750, '2025-08-02', 'on_site', 920.00, 1, 'Weekend sale'),
(3751, '2025-08-03', 'delivery', 576.15, 2, 'Weekend sale'),
(3752, '2025-08-03', 'takeaway', 312.80, 3, 'Weekend sale'),
(3753, '2025-08-03', 'on_site', 923.45, 1, 'Weekend sale'),
(3754, '2025-08-03', 'delivery', 579.60, 2, 'Weekend sale'),
(3755, '2025-08-03', 'takeaway', 316.25, 3, 'Weekend sale'),
(3756, '2025-08-04', 'on_site', 806.00, 1, NULL),
(3757, '2025-08-04', 'delivery', 507.00, 2, NULL),
(3758, '2025-08-04', 'takeaway', 278.00, 3, NULL),
(3759, '2025-08-04', 'on_site', 809.00, 1, NULL),
(3760, '2025-08-04', 'delivery', 510.00, 2, NULL),
(3761, '2025-08-04', 'takeaway', 281.00, 3, NULL),
(3762, '2025-08-04', 'on_site', 812.00, 1, NULL),
(3763, '2025-08-05', 'delivery', 513.00, 2, NULL),
(3764, '2025-08-05', 'takeaway', 284.00, 3, NULL),
(3765, '2025-08-05', 'on_site', 815.00, 1, NULL),
(3766, '2025-08-05', 'delivery', 516.00, 2, NULL),
(3767, '2025-08-05', 'takeaway', 287.00, 3, NULL),
(3768, '2025-08-05', 'on_site', 818.00, 1, NULL),
(3769, '2025-08-05', 'delivery', 519.00, 2, NULL),
(3770, '2025-08-06', 'takeaway', 290.00, 3, NULL),
(3771, '2025-08-06', 'on_site', 821.00, 1, NULL),
(3772, '2025-08-06', 'delivery', 522.00, 2, NULL),
(3773, '2025-08-06', 'takeaway', 293.00, 3, NULL),
(3774, '2025-08-06', 'on_site', 824.00, 1, NULL),
(3775, '2025-08-06', 'delivery', 525.00, 2, NULL),
(3776, '2025-08-06', 'takeaway', 296.00, 3, NULL),
(3777, '2025-08-07', 'on_site', 827.00, 1, NULL),
(3778, '2025-08-07', 'delivery', 528.00, 2, NULL),
(3779, '2025-08-07', 'takeaway', 299.00, 3, NULL),
(3780, '2025-08-07', 'on_site', 830.00, 1, NULL),
(3781, '2025-08-07', 'delivery', 531.00, 2, NULL),
(3782, '2025-08-07', 'takeaway', 302.00, 3, NULL),
(3783, '2025-08-07', 'on_site', 833.00, 1, NULL),
(3784, '2025-08-08', 'delivery', 534.00, 2, NULL),
(3785, '2025-08-08', 'takeaway', 305.00, 3, NULL),
(3786, '2025-08-08', 'on_site', 836.00, 1, NULL),
(3787, '2025-08-08', 'delivery', 537.00, 2, NULL),
(3788, '2025-08-08', 'takeaway', 308.00, 3, NULL),
(3789, '2025-08-08', 'on_site', 839.00, 1, NULL),
(3790, '2025-08-08', 'delivery', 540.00, 2, NULL),
(3791, '2025-08-09', 'takeaway', 357.65, 3, 'Weekend sale'),
(3792, '2025-08-09', 'on_site', 968.30, 1, 'Weekend sale'),
(3793, '2025-08-09', 'delivery', 624.45, 2, 'Weekend sale'),
(3794, '2025-08-09', 'takeaway', 361.10, 3, 'Weekend sale'),
(3795, '2025-08-09', 'on_site', 971.75, 1, 'Weekend sale'),
(3796, '2025-08-10', 'delivery', 627.90, 2, 'Weekend sale'),
(3797, '2025-08-10', 'takeaway', 364.55, 3, 'Weekend sale'),
(3798, '2025-08-10', 'on_site', 975.20, 1, 'Weekend sale'),
(3799, '2025-08-10', 'delivery', 631.35, 2, 'Weekend sale'),
(3800, '2025-08-10', 'takeaway', 368.00, 3, 'Weekend sale'),
(3801, '2025-08-11', 'on_site', 851.00, 1, NULL),
(3802, '2025-08-11', 'delivery', 552.00, 2, NULL),
(3803, '2025-08-11', 'takeaway', 323.00, 3, NULL),
(3804, '2025-08-11', 'on_site', 854.00, 1, NULL),
(3805, '2025-08-11', 'delivery', 555.00, 2, NULL),
(3806, '2025-08-11', 'takeaway', 326.00, 3, NULL),
(3807, '2025-08-11', 'on_site', 857.00, 1, NULL),
(3808, '2025-08-12', 'delivery', 558.00, 2, NULL),
(3809, '2025-08-12', 'takeaway', 329.00, 3, NULL),
(3810, '2025-08-12', 'on_site', 860.00, 1, NULL),
(3811, '2025-08-12', 'delivery', 561.00, 2, NULL),
(3812, '2025-08-12', 'takeaway', 332.00, 3, NULL),
(3813, '2025-08-12', 'on_site', 863.00, 1, NULL),
(3814, '2025-08-12', 'delivery', 564.00, 2, NULL),
(3815, '2025-08-13', 'takeaway', 335.00, 3, NULL),
(3816, '2025-08-13', 'on_site', 866.00, 1, NULL),
(3817, '2025-08-13', 'delivery', 567.00, 2, NULL),
(3818, '2025-08-13', 'takeaway', 338.00, 3, NULL),
(3819, '2025-08-13', 'on_site', 869.00, 1, NULL),
(3820, '2025-08-13', 'delivery', 570.00, 2, NULL),
(3821, '2025-08-13', 'takeaway', 341.00, 3, NULL),
(3822, '2025-08-14', 'on_site', 872.00, 1, NULL),
(3823, '2025-08-14', 'delivery', 573.00, 2, NULL),
(3824, '2025-08-14', 'takeaway', 344.00, 3, NULL),
(3825, '2025-08-14', 'on_site', 875.00, 1, NULL),
(3826, '2025-08-14', 'delivery', 576.00, 2, NULL),
(3827, '2025-08-14', 'takeaway', 347.00, 3, NULL),
(3828, '2025-08-14', 'on_site', 878.00, 1, NULL),
(3829, '2025-08-15', 'delivery', 579.00, 2, NULL),
(3830, '2025-08-15', 'takeaway', 350.00, 3, NULL),
(3831, '2025-08-15', 'on_site', 881.00, 1, NULL),
(3832, '2025-08-15', 'delivery', 582.00, 2, NULL),
(3833, '2025-08-15', 'takeaway', 353.00, 3, NULL),
(3834, '2025-08-15', 'on_site', 884.00, 1, NULL),
(3835, '2025-08-15', 'delivery', 585.00, 2, NULL),
(3836, '2025-08-16', 'takeaway', 409.40, 3, 'Weekend sale'),
(3837, '2025-08-16', 'on_site', 1020.05, 1, 'Weekend sale'),
(3838, '2025-08-16', 'delivery', 676.20, 2, 'Weekend sale'),
(3839, '2025-08-16', 'takeaway', 412.85, 3, 'Weekend sale'),
(3840, '2025-08-16', 'on_site', 1023.50, 1, 'Weekend sale'),
(3841, '2025-08-17', 'delivery', 679.65, 2, 'Weekend sale'),
(3842, '2025-08-17', 'takeaway', 416.30, 3, 'Weekend sale'),
(3843, '2025-08-17', 'on_site', 1026.95, 1, 'Weekend sale'),
(3844, '2025-08-17', 'delivery', 683.10, 2, 'Weekend sale'),
(3845, '2025-08-17', 'takeaway', 419.75, 3, 'Weekend sale'),
(3846, '2025-08-18', 'on_site', 896.00, 1, NULL),
(3847, '2025-08-18', 'delivery', 597.00, 2, NULL),
(3848, '2025-08-18', 'takeaway', 368.00, 3, NULL),
(3849, '2025-08-18', 'on_site', 899.00, 1, NULL),
(3850, '2025-08-18', 'delivery', 600.00, 2, 'Special promotion'),
(3851, '2025-08-18', 'takeaway', 371.00, 3, NULL),
(3852, '2025-08-18', 'on_site', 902.00, 1, NULL),
(3853, '2025-08-19', 'delivery', 603.00, 2, NULL),
(3854, '2025-08-19', 'takeaway', 374.00, 3, NULL),
(3855, '2025-08-19', 'on_site', 905.00, 1, NULL),
(3856, '2025-08-19', 'delivery', 606.00, 2, NULL),
(3857, '2025-08-19', 'takeaway', 377.00, 3, NULL),
(3858, '2025-08-19', 'on_site', 908.00, 1, NULL),
(3859, '2025-08-19', 'delivery', 609.00, 2, NULL),
(3860, '2025-08-20', 'takeaway', 380.00, 3, NULL),
(3861, '2025-08-20', 'on_site', 911.00, 1, NULL),
(3862, '2025-08-20', 'delivery', 612.00, 2, NULL),
(3863, '2025-08-20', 'takeaway', 383.00, 3, NULL),
(3864, '2025-08-20', 'on_site', 914.00, 1, NULL),
(3865, '2025-08-20', 'delivery', 615.00, 2, NULL),
(3866, '2025-08-20', 'takeaway', 386.00, 3, NULL),
(3867, '2025-08-21', 'on_site', 917.00, 1, NULL),
(3868, '2025-08-21', 'delivery', 618.00, 2, NULL),
(3869, '2025-08-21', 'takeaway', 389.00, 3, NULL),
(3870, '2025-08-21', 'on_site', 920.00, 1, NULL),
(3871, '2025-08-21', 'delivery', 621.00, 2, NULL),
(3872, '2025-08-21', 'takeaway', 392.00, 3, NULL),
(3873, '2025-08-21', 'on_site', 923.00, 1, NULL),
(3874, '2025-08-22', 'delivery', 624.00, 2, NULL),
(3875, '2025-08-22', 'takeaway', 395.00, 3, NULL),
(3876, '2025-08-22', 'on_site', 926.00, 1, NULL),
(3877, '2025-08-22', 'delivery', 627.00, 2, NULL),
(3878, '2025-08-22', 'takeaway', 398.00, 3, NULL),
(3879, '2025-08-22', 'on_site', 929.00, 1, NULL),
(3880, '2025-08-22', 'delivery', 630.00, 2, NULL),
(3881, '2025-08-23', 'takeaway', 461.15, 3, 'Weekend sale'),
(3882, '2025-08-23', 'on_site', 1071.80, 1, 'Weekend sale'),
(3883, '2025-08-23', 'delivery', 727.95, 2, 'Weekend sale'),
(3884, '2025-08-23', 'takeaway', 464.60, 3, 'Weekend sale'),
(3885, '2025-08-23', 'on_site', 1075.25, 1, 'Weekend sale'),
(3886, '2025-08-24', 'delivery', 731.40, 2, 'Weekend sale'),
(3887, '2025-08-24', 'takeaway', 468.05, 3, 'Weekend sale'),
(3888, '2025-08-24', 'on_site', 1078.70, 1, 'Weekend sale'),
(3889, '2025-08-24', 'delivery', 734.85, 2, 'Weekend sale'),
(3890, '2025-08-24', 'takeaway', 471.50, 3, 'Weekend sale'),
(3891, '2025-08-25', 'on_site', 941.00, 1, NULL),
(3892, '2025-08-25', 'delivery', 642.00, 2, NULL),
(3893, '2025-08-25', 'takeaway', 413.00, 3, NULL),
(3894, '2025-08-25', 'on_site', 944.00, 1, NULL),
(3895, '2025-08-25', 'delivery', 645.00, 2, NULL),
(3896, '2025-08-25', 'takeaway', 416.00, 3, NULL),
(3897, '2025-08-25', 'on_site', 947.00, 1, NULL),
(3898, '2025-08-26', 'delivery', 648.00, 2, NULL),
(3899, '2025-08-26', 'takeaway', 419.00, 3, NULL),
(3900, '2025-08-26', 'on_site', 950.00, 1, 'Special promotion'),
(3901, '2025-08-26', 'delivery', 651.00, 2, NULL),
(3902, '2025-08-26', 'takeaway', 422.00, 3, NULL),
(3903, '2025-08-26', 'on_site', 953.00, 1, NULL),
(3904, '2025-08-26', 'delivery', 654.00, 2, NULL),
(3905, '2025-08-27', 'takeaway', 425.00, 3, NULL),
(3906, '2025-08-27', 'on_site', 956.00, 1, NULL),
(3907, '2025-08-27', 'delivery', 657.00, 2, NULL),
(3908, '2025-08-27', 'takeaway', 428.00, 3, NULL),
(3909, '2025-08-27', 'on_site', 959.00, 1, NULL),
(3910, '2025-08-27', 'delivery', 660.00, 2, NULL),
(3911, '2025-08-27', 'takeaway', 431.00, 3, NULL),
(3912, '2025-08-28', 'on_site', 962.00, 1, NULL),
(3913, '2025-08-28', 'delivery', 663.00, 2, NULL),
(3914, '2025-08-28', 'takeaway', 434.00, 3, NULL),
(3915, '2025-08-28', 'on_site', 965.00, 1, NULL),
(3916, '2025-08-28', 'delivery', 666.00, 2, NULL),
(3917, '2025-08-28', 'takeaway', 437.00, 3, NULL),
(3918, '2025-08-28', 'on_site', 968.00, 1, NULL),
(3919, '2025-08-29', 'delivery', 669.00, 2, NULL),
(3920, '2025-08-29', 'takeaway', 440.00, 3, NULL),
(3921, '2025-08-29', 'on_site', 971.00, 1, NULL),
(3922, '2025-08-29', 'delivery', 672.00, 2, NULL),
(3923, '2025-08-29', 'takeaway', 443.00, 3, NULL),
(3924, '2025-08-29', 'on_site', 974.00, 1, NULL),
(3925, '2025-08-29', 'delivery', 675.00, 2, NULL),
(3926, '2025-08-30', 'takeaway', 512.90, 3, 'Weekend sale'),
(3927, '2025-08-30', 'on_site', 1123.55, 1, 'Weekend sale'),
(3928, '2025-08-30', 'delivery', 779.70, 2, 'Weekend sale'),
(3929, '2025-08-30', 'takeaway', 516.35, 3, 'Weekend sale'),
(3930, '2025-08-30', 'on_site', 1127.00, 1, 'Weekend sale'),
(3931, '2025-08-31', 'delivery', 783.15, 2, 'Weekend sale'),
(3932, '2025-08-31', 'takeaway', 519.80, 3, 'Weekend sale'),
(3933, '2025-08-31', 'on_site', 1130.45, 1, 'Weekend sale'),
(3934, '2025-08-31', 'delivery', 786.60, 2, 'Weekend sale'),
(3935, '2025-08-31', 'takeaway', 523.25, 3, 'Weekend sale'),
(3936, '2025-09-01', 'on_site', 986.00, 1, NULL),
(3937, '2025-09-01', 'delivery', 687.00, 2, NULL),
(3938, '2025-09-01', 'takeaway', 458.00, 3, NULL),
(3939, '2025-09-01', 'on_site', 989.00, 1, NULL),
(3940, '2025-09-01', 'delivery', 690.00, 2, NULL),
(3941, '2025-09-01', 'takeaway', 461.00, 3, NULL),
(3942, '2025-09-01', 'on_site', 992.00, 1, NULL),
(3943, '2025-09-02', 'delivery', 693.00, 2, NULL),
(3944, '2025-09-02', 'takeaway', 464.00, 3, NULL),
(3945, '2025-09-02', 'on_site', 995.00, 1, NULL),
(3946, '2025-09-02', 'delivery', 696.00, 2, NULL),
(3947, '2025-09-02', 'takeaway', 467.00, 3, NULL),
(3948, '2025-09-02', 'on_site', 998.00, 1, NULL),
(3949, '2025-09-02', 'delivery', 699.00, 2, NULL),
(3950, '2025-09-03', 'takeaway', 470.00, 3, 'Special promotion'),
(3951, '2025-09-03', 'on_site', 1001.00, 1, NULL),
(3952, '2025-09-03', 'delivery', 702.00, 2, NULL),
(3953, '2025-09-03', 'takeaway', 473.00, 3, NULL),
(3954, '2025-09-03', 'on_site', 1004.00, 1, NULL),
(3955, '2025-09-03', 'delivery', 705.00, 2, NULL),
(3956, '2025-09-03', 'takeaway', 476.00, 3, NULL),
(3957, '2025-09-04', 'on_site', 1007.00, 1, NULL),
(3958, '2025-09-04', 'delivery', 708.00, 2, NULL),
(3959, '2025-09-04', 'takeaway', 479.00, 3, NULL),
(3960, '2025-09-04', 'on_site', 1010.00, 1, NULL),
(3961, '2025-09-04', 'delivery', 711.00, 2, NULL),
(3962, '2025-09-04', 'takeaway', 482.00, 3, NULL),
(3963, '2025-09-04', 'on_site', 1013.00, 1, NULL),
(3964, '2025-09-05', 'delivery', 714.00, 2, NULL),
(3965, '2025-09-05', 'takeaway', 485.00, 3, NULL),
(3966, '2025-09-05', 'on_site', 1016.00, 1, NULL),
(3967, '2025-09-05', 'delivery', 717.00, 2, NULL),
(3968, '2025-09-05', 'takeaway', 488.00, 3, NULL),
(3969, '2025-09-05', 'on_site', 1019.00, 1, NULL),
(3970, '2025-09-05', 'delivery', 720.00, 2, NULL),
(3971, '2025-09-06', 'takeaway', 564.65, 3, 'Weekend sale'),
(3972, '2025-09-06', 'on_site', 1175.30, 1, 'Weekend sale'),
(3973, '2025-09-06', 'delivery', 831.45, 2, 'Weekend sale'),
(3974, '2025-09-06', 'takeaway', 568.10, 3, 'Weekend sale'),
(3975, '2025-09-06', 'on_site', 1178.75, 1, 'Weekend sale'),
(3976, '2025-09-07', 'delivery', 834.90, 2, 'Weekend sale'),
(3977, '2025-09-07', 'takeaway', 571.55, 3, 'Weekend sale'),
(3978, '2025-09-07', 'on_site', 1182.20, 1, 'Weekend sale'),
(3979, '2025-09-07', 'delivery', 838.35, 2, 'Weekend sale'),
(3980, '2025-09-07', 'takeaway', 575.00, 3, 'Weekend sale'),
(3981, '2025-09-08', 'on_site', 1031.00, 1, NULL),
(3982, '2025-09-08', 'delivery', 732.00, 2, NULL),
(3983, '2025-09-08', 'takeaway', 503.00, 3, NULL),
(3984, '2025-09-08', 'on_site', 1034.00, 1, NULL),
(3985, '2025-09-08', 'delivery', 735.00, 2, NULL),
(3986, '2025-09-08', 'takeaway', 506.00, 3, NULL),
(3987, '2025-09-08', 'on_site', 1037.00, 1, NULL),
(3988, '2025-09-09', 'delivery', 738.00, 2, NULL),
(3989, '2025-09-09', 'takeaway', 509.00, 3, NULL),
(3990, '2025-09-09', 'on_site', 1040.00, 1, NULL),
(3991, '2025-09-09', 'delivery', 741.00, 2, NULL),
(3992, '2025-09-09', 'takeaway', 512.00, 3, NULL),
(3993, '2025-09-09', 'on_site', 1043.00, 1, NULL),
(3994, '2025-09-09', 'delivery', 744.00, 2, NULL),
(3995, '2025-09-10', 'takeaway', 515.00, 3, NULL),
(3996, '2025-09-10', 'on_site', 1046.00, 1, NULL),
(3997, '2025-09-10', 'delivery', 747.00, 2, NULL),
(3998, '2025-09-10', 'takeaway', 518.00, 3, NULL),
(3999, '2025-09-10', 'on_site', 1049.00, 1, NULL),
(4000, '2025-09-10', 'delivery', 350.00, 2, 'Special promotion');

INSERT INTO sales (id, date, type, amount, quantity, description) VALUES
(4001, '2025-09-10', 'takeaway', 121.00, 3, NULL),
(4002, '2025-09-11', 'on_site', 652.00, 1, NULL),
(4003, '2025-09-11', 'delivery', 353.00, 2, NULL),
(4004, '2025-09-11', 'takeaway', 124.00, 3, NULL),
(4005, '2025-09-11', 'on_site', 655.00, 1, NULL),
(4006, '2025-09-11', 'delivery', 356.00, 2, NULL),
(4007, '2025-09-11', 'takeaway', 127.00, 3, NULL),
(4008, '2025-09-11', 'on_site', 658.00, 1, NULL),
(4009, '2025-09-12', 'delivery', 359.00, 2, NULL),
(4010, '2025-09-12', 'takeaway', 130.00, 3, NULL),
(4011, '2025-09-12', 'on_site', 661.00, 1, NULL),
(4012, '2025-09-12', 'delivery', 362.00, 2, NULL),
(4013, '2025-09-12', 'takeaway', 133.00, 3, NULL),
(4014, '2025-09-12', 'on_site', 664.00, 1, NULL),
(4015, '2025-09-12', 'delivery', 365.00, 2, NULL),
(4016, '2025-09-13', 'takeaway', 156.40, 3, 'Weekend sale'),
(4017, '2025-09-13', 'on_site', 767.05, 1, 'Weekend sale'),
(4018, '2025-09-13', 'delivery', 423.20, 2, 'Weekend sale'),
(4019, '2025-09-13', 'takeaway', 159.85, 3, 'Weekend sale'),
(4020, '2025-09-13', 'on_site', 770.50, 1, 'Weekend sale'),
(4021, '2025-09-14', 'delivery', 426.65, 2, 'Weekend sale'),
(4022, '2025-09-14', 'takeaway', 163.30, 3, 'Weekend sale'),
(4023, '2025-09-14', 'on_site', 773.95, 1, 'Weekend sale'),
(4024, '2025-09-14', 'delivery', 430.10, 2, 'Weekend sale'),
(4025, '2025-09-14', 'takeaway', 166.75, 3, 'Weekend sale'),
(4026, '2025-09-15', 'on_site', 676.00, 1, NULL),
(4027, '2025-09-15', 'delivery', 377.00, 2, NULL),
(4028, '2025-09-15', 'takeaway', 148.00, 3, NULL),
(4029, '2025-09-15', 'on_site', 679.00, 1, NULL),
(4030, '2025-09-15', 'delivery', 380.00, 2, NULL),
(4031, '2025-09-15', 'takeaway', 151.00, 3, NULL),
(4032, '2025-09-15', 'on_site', 682.00, 1, NULL),
(4033, '2025-09-16', 'delivery', 383.00, 2, NULL),
(4034, '2025-09-16', 'takeaway', 154.00, 3, NULL),
(4035, '2025-09-16', 'on_site', 685.00, 1, NULL),
(4036, '2025-09-16', 'delivery', 386.00, 2, NULL),
(4037, '2025-09-16', 'takeaway', 157.00, 3, NULL),
(4038, '2025-09-16', 'on_site', 688.00, 1, NULL),
(4039, '2025-09-16', 'delivery', 389.00, 2, NULL),
(4040, '2025-09-17', 'takeaway', 160.00, 3, NULL),
(4041, '2025-09-17', 'on_site', 691.00, 1, NULL),
(4042, '2025-09-17', 'delivery', 392.00, 2, NULL),
(4043, '2025-09-17', 'takeaway', 163.00, 3, NULL),
(4044, '2025-09-17', 'on_site', 694.00, 1, NULL),
(4045, '2025-09-17', 'delivery', 395.00, 2, NULL),
(4046, '2025-09-17', 'takeaway', 166.00, 3, NULL),
(4047, '2025-09-18', 'on_site', 697.00, 1, NULL),
(4048, '2025-09-18', 'delivery', 398.00, 2, NULL),
(4049, '2025-09-18', 'takeaway', 169.00, 3, NULL),
(4050, '2025-09-18', 'on_site', 700.00, 1, 'Special promotion'),
(4051, '2025-09-18', 'delivery', 401.00, 2, NULL),
(4052, '2025-09-18', 'takeaway', 172.00, 3, NULL),
(4053, '2025-09-18', 'on_site', 703.00, 1, NULL),
(4054, '2025-09-19', 'delivery', 404.00, 2, NULL),
(4055, '2025-09-19', 'takeaway', 175.00, 3, NULL),
(4056, '2025-09-19', 'on_site', 706.00, 1, NULL),
(4057, '2025-09-19', 'delivery', 407.00, 2, NULL),
(4058, '2025-09-19', 'takeaway', 178.00, 3, NULL),
(4059, '2025-09-19', 'on_site', 709.00, 1, NULL),
(4060, '2025-09-19', 'delivery', 410.00, 2, NULL),
(4061, '2025-09-20', 'takeaway', 208.15, 3, 'Weekend sale'),
(4062, '2025-09-20', 'on_site', 818.80, 1, 'Weekend sale'),
(4063, '2025-09-20', 'delivery', 474.95, 2, 'Weekend sale'),
(4064, '2025-09-20', 'takeaway', 211.60, 3, 'Weekend sale'),
(4065, '2025-09-20', 'on_site', 822.25, 1, 'Weekend sale'),
(4066, '2025-09-21', 'delivery', 478.40, 2, 'Weekend sale'),
(4067, '2025-09-21', 'takeaway', 215.05, 3, 'Weekend sale'),
(4068, '2025-09-21', 'on_site', 825.70, 1, 'Weekend sale'),
(4069, '2025-09-21', 'delivery', 481.85, 2, 'Weekend sale'),
(4070, '2025-09-21', 'takeaway', 218.50, 3, 'Weekend sale'),
(4071, '2025-09-22', 'on_site', 721.00, 1, NULL),
(4072, '2025-09-22', 'delivery', 422.00, 2, NULL),
(4073, '2025-09-22', 'takeaway', 193.00, 3, NULL),
(4074, '2025-09-22', 'on_site', 724.00, 1, NULL),
(4075, '2025-09-22', 'delivery', 425.00, 2, NULL),
(4076, '2025-09-22', 'takeaway', 196.00, 3, NULL),
(4077, '2025-09-22', 'on_site', 727.00, 1, NULL),
(4078, '2025-09-23', 'delivery', 428.00, 2, NULL),
(4079, '2025-09-23', 'takeaway', 199.00, 3, NULL),
(4080, '2025-09-23', 'on_site', 730.00, 1, NULL),
(4081, '2025-09-23', 'delivery', 431.00, 2, NULL),
(4082, '2025-09-23', 'takeaway', 202.00, 3, NULL),
(4083, '2025-09-23', 'on_site', 733.00, 1, NULL),
(4084, '2025-09-23', 'delivery', 434.00, 2, NULL),
(4085, '2025-09-24', 'takeaway', 205.00, 3, NULL),
(4086, '2025-09-24', 'on_site', 736.00, 1, NULL),
(4087, '2025-09-24', 'delivery', 437.00, 2, NULL),
(4088, '2025-09-24', 'takeaway', 208.00, 3, NULL),
(4089, '2025-09-24', 'on_site', 739.00, 1, NULL),
(4090, '2025-09-24', 'delivery', 440.00, 2, NULL),
(4091, '2025-09-24', 'takeaway', 211.00, 3, NULL),
(4092, '2025-09-25', 'on_site', 742.00, 1, NULL),
(4093, '2025-09-25', 'delivery', 443.00, 2, NULL),
(4094, '2025-09-25', 'takeaway', 214.00, 3, NULL),
(4095, '2025-09-25', 'on_site', 745.00, 1, NULL),
(4096, '2025-09-25', 'delivery', 446.00, 2, NULL),
(4097, '2025-09-25', 'takeaway', 217.00, 3, NULL),
(4098, '2025-09-25', 'on_site', 748.00, 1, NULL),
(4099, '2025-09-26', 'delivery', 449.00, 2, NULL),
(4100, '2025-09-26', 'takeaway', 220.00, 3, 'Special promotion'),
(4101, '2025-09-26', 'on_site', 751.00, 1, NULL),
(4102, '2025-09-26', 'delivery', 452.00, 2, NULL),
(4103, '2025-09-26', 'takeaway', 223.00, 3, NULL),
(4104, '2025-09-26', 'on_site', 754.00, 1, NULL),
(4105, '2025-09-26', 'delivery', 455.00, 2, NULL),
(4106, '2025-09-27', 'takeaway', 259.90, 3, 'Weekend sale'),
(4107, '2025-09-27', 'on_site', 870.55, 1, 'Weekend sale'),
(4108, '2025-09-27', 'delivery', 526.70, 2, 'Weekend sale'),
(4109, '2025-09-27', 'takeaway', 263.35, 3, 'Weekend sale'),
(4110, '2025-09-27', 'on_site', 874.00, 1, 'Weekend sale'),
(4111, '2025-09-28', 'delivery', 530.15, 2, 'Weekend sale'),
(4112, '2025-09-28', 'takeaway', 266.80, 3, 'Weekend sale'),
(4113, '2025-09-28', 'on_site', 877.45, 1, 'Weekend sale'),
(4114, '2025-09-28', 'delivery', 533.60, 2, 'Weekend sale'),
(4115, '2025-09-28', 'takeaway', 270.25, 3, 'Weekend sale'),
(4116, '2025-09-29', 'on_site', 766.00, 1, NULL),
(4117, '2025-09-29', 'delivery', 467.00, 2, NULL),
(4118, '2025-09-29', 'takeaway', 238.00, 3, NULL),
(4119, '2025-09-29', 'on_site', 769.00, 1, NULL),
(4120, '2025-09-29', 'delivery', 470.00, 2, NULL),
(4121, '2025-09-29', 'takeaway', 241.00, 3, NULL),
(4122, '2025-09-29', 'on_site', 772.00, 1, NULL),
(4123, '2025-09-30', 'delivery', 473.00, 2, NULL),
(4124, '2025-09-30', 'takeaway', 244.00, 3, NULL),
(4125, '2025-09-30', 'on_site', 775.00, 1, NULL),
(4126, '2025-09-30', 'delivery', 476.00, 2, NULL),
(4127, '2025-09-30', 'takeaway', 247.00, 3, NULL),
(4128, '2025-09-30', 'on_site', 778.00, 1, NULL),
(4129, '2025-09-30', 'delivery', 479.00, 2, NULL),
(4130, '2025-10-01', 'takeaway', 250.00, 3, NULL),
(4131, '2025-10-01', 'on_site', 781.00, 1, NULL),
(4132, '2025-10-01', 'delivery', 482.00, 2, NULL),
(4133, '2025-10-01', 'takeaway', 253.00, 3, NULL),
(4134, '2025-10-01', 'on_site', 784.00, 1, NULL),
(4135, '2025-10-01', 'delivery', 485.00, 2, NULL),
(4136, '2025-10-01', 'takeaway', 256.00, 3, NULL),
(4137, '2025-10-02', 'on_site', 787.00, 1, NULL),
(4138, '2025-10-02', 'delivery', 488.00, 2, NULL),
(4139, '2025-10-02', 'takeaway', 259.00, 3, NULL),
(4140, '2025-10-02', 'on_site', 790.00, 1, NULL),
(4141, '2025-10-02', 'delivery', 491.00, 2, NULL),
(4142, '2025-10-02', 'takeaway', 262.00, 3, NULL),
(4143, '2025-10-02', 'on_site', 793.00, 1, NULL),
(4144, '2025-10-03', 'delivery', 494.00, 2, NULL),
(4145, '2025-10-03', 'takeaway', 265.00, 3, NULL),
(4146, '2025-10-03', 'on_site', 796.00, 1, NULL),
(4147, '2025-10-03', 'delivery', 497.00, 2, NULL),
(4148, '2025-10-03', 'takeaway', 268.00, 3, NULL),
(4149, '2025-10-03', 'on_site', 799.00, 1, NULL),
(4150, '2025-10-03', 'delivery', 500.00, 2, 'Special promotion'),
(4151, '2025-10-04', 'takeaway', 311.65, 3, 'Weekend sale'),
(4152, '2025-10-04', 'on_site', 922.30, 1, 'Weekend sale'),
(4153, '2025-10-04', 'delivery', 578.45, 2, 'Weekend sale'),
(4154, '2025-10-04', 'takeaway', 315.10, 3, 'Weekend sale'),
(4155, '2025-10-04', 'on_site', 925.75, 1, 'Weekend sale'),
(4156, '2025-10-05', 'delivery', 581.90, 2, 'Weekend sale'),
(4157, '2025-10-05', 'takeaway', 318.55, 3, 'Weekend sale'),
(4158, '2025-10-05', 'on_site', 929.20, 1, 'Weekend sale'),
(4159, '2025-10-05', 'delivery', 585.35, 2, 'Weekend sale'),
(4160, '2025-10-05', 'takeaway', 322.00, 3, 'Weekend sale'),
(4161, '2025-10-06', 'on_site', 811.00, 1, NULL),
(4162, '2025-10-06', 'delivery', 512.00, 2, NULL),
(4163, '2025-10-06', 'takeaway', 283.00, 3, NULL),
(4164, '2025-10-06', 'on_site', 814.00, 1, NULL),
(4165, '2025-10-06', 'delivery', 515.00, 2, NULL),
(4166, '2025-10-06', 'takeaway', 286.00, 3, NULL),
(4167, '2025-10-06', 'on_site', 817.00, 1, NULL),
(4168, '2025-10-07', 'delivery', 518.00, 2, NULL),
(4169, '2025-10-07', 'takeaway', 289.00, 3, NULL),
(4170, '2025-10-07', 'on_site', 820.00, 1, NULL),
(4171, '2025-10-07', 'delivery', 521.00, 2, NULL),
(4172, '2025-10-07', 'takeaway', 292.00, 3, NULL),
(4173, '2025-10-07', 'on_site', 823.00, 1, NULL),
(4174, '2025-10-07', 'delivery', 524.00, 2, NULL),
(4175, '2025-10-08', 'takeaway', 295.00, 3, NULL),
(4176, '2025-10-08', 'on_site', 826.00, 1, NULL),
(4177, '2025-10-08', 'delivery', 527.00, 2, NULL),
(4178, '2025-10-08', 'takeaway', 298.00, 3, NULL),
(4179, '2025-10-08', 'on_site', 829.00, 1, NULL),
(4180, '2025-10-08', 'delivery', 530.00, 2, NULL),
(4181, '2025-10-08', 'takeaway', 301.00, 3, NULL),
(4182, '2025-10-09', 'on_site', 832.00, 1, NULL),
(4183, '2025-10-09', 'delivery', 533.00, 2, NULL),
(4184, '2025-10-09', 'takeaway', 304.00, 3, NULL),
(4185, '2025-10-09', 'on_site', 835.00, 1, NULL),
(4186, '2025-10-09', 'delivery', 536.00, 2, NULL),
(4187, '2025-10-09', 'takeaway', 307.00, 3, NULL),
(4188, '2025-10-09', 'on_site', 838.00, 1, NULL),
(4189, '2025-10-10', 'delivery', 539.00, 2, NULL),
(4190, '2025-10-10', 'takeaway', 310.00, 3, NULL),
(4191, '2025-10-10', 'on_site', 841.00, 1, NULL),
(4192, '2025-10-10', 'delivery', 542.00, 2, NULL),
(4193, '2025-10-10', 'takeaway', 313.00, 3, NULL),
(4194, '2025-10-10', 'on_site', 844.00, 1, NULL),
(4195, '2025-10-10', 'delivery', 545.00, 2, NULL),
(4196, '2025-10-11', 'takeaway', 363.40, 3, 'Weekend sale'),
(4197, '2025-10-11', 'on_site', 974.05, 1, 'Weekend sale'),
(4198, '2025-10-11', 'delivery', 630.20, 2, 'Weekend sale'),
(4199, '2025-10-11', 'takeaway', 366.85, 3, 'Weekend sale'),
(4200, '2025-10-11', 'on_site', 977.50, 1, 'Weekend sale'),
(4201, '2025-10-12', 'delivery', 633.65, 2, 'Weekend sale'),
(4202, '2025-10-12', 'takeaway', 370.30, 3, 'Weekend sale'),
(4203, '2025-10-12', 'on_site', 980.95, 1, 'Weekend sale'),
(4204, '2025-10-12', 'delivery', 637.10, 2, 'Weekend sale'),
(4205, '2025-10-12', 'takeaway', 373.75, 3, 'Weekend sale'),
(4206, '2025-10-13', 'on_site', 856.00, 1, NULL),
(4207, '2025-10-13', 'delivery', 557.00, 2, NULL),
(4208, '2025-10-13', 'takeaway', 328.00, 3, NULL),
(4209, '2025-10-13', 'on_site', 859.00, 1, NULL),
(4210, '2025-10-13', 'delivery', 560.00, 2, NULL),
(4211, '2025-10-13', 'takeaway', 331.00, 3, NULL),
(4212, '2025-10-13', 'on_site', 862.00, 1, NULL),
(4213, '2025-10-14', 'delivery', 563.00, 2, NULL),
(4214, '2025-10-14', 'takeaway', 334.00, 3, NULL),
(4215, '2025-10-14', 'on_site', 865.00, 1, NULL),
(4216, '2025-10-14', 'delivery', 566.00, 2, NULL),
(4217, '2025-10-14', 'takeaway', 337.00, 3, NULL),
(4218, '2025-10-14', 'on_site', 868.00, 1, NULL),
(4219, '2025-10-14', 'delivery', 569.00, 2, NULL),
(4220, '2025-10-15', 'takeaway', 340.00, 3, NULL),
(4221, '2025-10-15', 'on_site', 871.00, 1, NULL),
(4222, '2025-10-15', 'delivery', 572.00, 2, NULL),
(4223, '2025-10-15', 'takeaway', 343.00, 3, NULL),
(4224, '2025-10-15', 'on_site', 874.00, 1, NULL),
(4225, '2025-10-15', 'delivery', 575.00, 2, NULL),
(4226, '2025-10-15', 'takeaway', 346.00, 3, NULL),
(4227, '2025-10-16', 'on_site', 877.00, 1, NULL),
(4228, '2025-10-16', 'delivery', 578.00, 2, NULL),
(4229, '2025-10-16', 'takeaway', 349.00, 3, NULL),
(4230, '2025-10-16', 'on_site', 880.00, 1, NULL),
(4231, '2025-10-16', 'delivery', 581.00, 2, NULL),
(4232, '2025-10-16', 'takeaway', 352.00, 3, NULL),
(4233, '2025-10-16', 'on_site', 883.00, 1, NULL),
(4234, '2025-10-17', 'delivery', 584.00, 2, NULL),
(4235, '2025-10-17', 'takeaway', 355.00, 3, NULL),
(4236, '2025-10-17', 'on_site', 886.00, 1, NULL),
(4237, '2025-10-17', 'delivery', 587.00, 2, NULL),
(4238, '2025-10-17', 'takeaway', 358.00, 3, NULL),
(4239, '2025-10-17', 'on_site', 889.00, 1, NULL),
(4240, '2025-10-17', 'delivery', 590.00, 2, NULL),
(4241, '2025-10-18', 'takeaway', 415.15, 3, 'Weekend sale'),
(4242, '2025-10-18', 'on_site', 1025.80, 1, 'Weekend sale'),
(4243, '2025-10-18', 'delivery', 681.95, 2, 'Weekend sale'),
(4244, '2025-10-18', 'takeaway', 418.60, 3, 'Weekend sale'),
(4245, '2025-10-18', 'on_site', 1029.25, 1, 'Weekend sale'),
(4246, '2025-10-19', 'delivery', 685.40, 2, 'Weekend sale'),
(4247, '2025-10-19', 'takeaway', 422.05, 3, 'Weekend sale'),
(4248, '2025-10-19', 'on_site', 1032.70, 1, 'Weekend sale'),
(4249, '2025-10-19', 'delivery', 688.85, 2, 'Weekend sale'),
(4250, '2025-10-19', 'takeaway', 425.50, 3, 'Weekend sale'),
(4251, '2025-10-20', 'on_site', 901.00, 1, NULL),
(4252, '2025-10-20', 'delivery', 602.00, 2, NULL),
(4253, '2025-10-20', 'takeaway', 373.00, 3, NULL),
(4254, '2025-10-20', 'on_site', 904.00, 1, NULL),
(4255, '2025-10-20', 'delivery', 605.00, 2, NULL),
(4256, '2025-10-20', 'takeaway', 376.00, 3, NULL),
(4257, '2025-10-20', 'on_site', 907.00, 1, NULL),
(4258, '2025-10-21', 'delivery', 608.00, 2, NULL),
(4259, '2025-10-21', 'takeaway', 379.00, 3, NULL),
(4260, '2025-10-21', 'on_site', 910.00, 1, NULL),
(4261, '2025-10-21', 'delivery', 611.00, 2, NULL),
(4262, '2025-10-21', 'takeaway', 382.00, 3, NULL),
(4263, '2025-10-21', 'on_site', 913.00, 1, NULL),
(4264, '2025-10-21', 'delivery', 614.00, 2, NULL),
(4265, '2025-10-22', 'takeaway', 385.00, 3, NULL),
(4266, '2025-10-22', 'on_site', 916.00, 1, NULL),
(4267, '2025-10-22', 'delivery', 617.00, 2, NULL),
(4268, '2025-10-22', 'takeaway', 388.00, 3, NULL),
(4269, '2025-10-22', 'on_site', 919.00, 1, NULL),
(4270, '2025-10-22', 'delivery', 620.00, 2, NULL),
(4271, '2025-10-22', 'takeaway', 391.00, 3, NULL),
(4272, '2025-10-23', 'on_site', 922.00, 1, NULL),
(4273, '2025-10-23', 'delivery', 623.00, 2, NULL),
(4274, '2025-10-23', 'takeaway', 394.00, 3, NULL),
(4275, '2025-10-23', 'on_site', 925.00, 1, NULL),
(4276, '2025-10-23', 'delivery', 626.00, 2, NULL),
(4277, '2025-10-23', 'takeaway', 397.00, 3, NULL),
(4278, '2025-10-23', 'on_site', 928.00, 1, NULL),
(4279, '2025-10-24', 'delivery', 629.00, 2, NULL),
(4280, '2025-10-24', 'takeaway', 400.00, 3, NULL),
(4281, '2025-10-24', 'on_site', 931.00, 1, NULL),
(4282, '2025-10-24', 'delivery', 632.00, 2, NULL),
(4283, '2025-10-24', 'takeaway', 403.00, 3, NULL),
(4284, '2025-10-24', 'on_site', 934.00, 1, NULL),
(4285, '2025-10-24', 'delivery', 635.00, 2, NULL),
(4286, '2025-10-25', 'takeaway', 466.90, 3, 'Weekend sale'),
(4287, '2025-10-25', 'on_site', 1077.55, 1, 'Weekend sale'),
(4288, '2025-10-25', 'delivery', 733.70, 2, 'Weekend sale'),
(4289, '2025-10-25', 'takeaway', 470.35, 3, 'Weekend sale'),
(4290, '2025-10-25', 'on_site', 1081.00, 1, 'Weekend sale'),
(4291, '2025-10-26', 'delivery', 737.15, 2, 'Weekend sale'),
(4292, '2025-10-26', 'takeaway', 473.80, 3, 'Weekend sale'),
(4293, '2025-10-26', 'on_site', 1084.45, 1, 'Weekend sale'),
(4294, '2025-10-26', 'delivery', 740.60, 2, 'Weekend sale'),
(4295, '2025-10-26', 'takeaway', 477.25, 3, 'Weekend sale'),
(4296, '2025-10-27', 'on_site', 946.00, 1, NULL),
(4297, '2025-10-27', 'delivery', 647.00, 2, NULL),
(4298, '2025-10-27', 'takeaway', 418.00, 3, NULL),
(4299, '2025-10-27', 'on_site', 949.00, 1, NULL),
(4300, '2025-10-27', 'delivery', 650.00, 2, 'Special promotion'),
(4301, '2025-10-27', 'takeaway', 421.00, 3, NULL),
(4302, '2025-10-27', 'on_site', 952.00, 1, NULL),
(4303, '2025-10-28', 'delivery', 653.00, 2, NULL),
(4304, '2025-10-28', 'takeaway', 424.00, 3, NULL),
(4305, '2025-10-28', 'on_site', 955.00, 1, NULL),
(4306, '2025-10-28', 'delivery', 656.00, 2, NULL),
(4307, '2025-10-28', 'takeaway', 427.00, 3, NULL),
(4308, '2025-10-28', 'on_site', 958.00, 1, NULL),
(4309, '2025-10-28', 'delivery', 659.00, 2, NULL),
(4310, '2025-10-29', 'takeaway', 430.00, 3, NULL),
(4311, '2025-10-29', 'on_site', 961.00, 1, NULL),
(4312, '2025-10-29', 'delivery', 662.00, 2, NULL),
(4313, '2025-10-29', 'takeaway', 433.00, 3, NULL),
(4314, '2025-10-29', 'on_site', 964.00, 1, NULL),
(4315, '2025-10-29', 'delivery', 665.00, 2, NULL),
(4316, '2025-10-29', 'takeaway', 436.00, 3, NULL),
(4317, '2025-10-30', 'on_site', 967.00, 1, NULL),
(4318, '2025-10-30', 'delivery', 668.00, 2, NULL),
(4319, '2025-10-30', 'takeaway', 439.00, 3, NULL),
(4320, '2025-10-30', 'on_site', 970.00, 1, NULL),
(4321, '2025-10-30', 'delivery', 671.00, 2, NULL),
(4322, '2025-10-30', 'takeaway', 442.00, 3, NULL),
(4323, '2025-10-30', 'on_site', 973.00, 1, NULL),
(4324, '2025-10-31', 'delivery', 674.00, 2, NULL),
(4325, '2025-10-31', 'takeaway', 445.00, 3, NULL),
(4326, '2025-10-31', 'on_site', 976.00, 1, NULL),
(4327, '2025-10-31', 'delivery', 677.00, 2, NULL),
(4328, '2025-10-31', 'takeaway', 448.00, 3, NULL),
(4329, '2025-10-31', 'on_site', 979.00, 1, NULL),
(4330, '2025-10-31', 'delivery', 680.00, 2, NULL),
(4331, '2025-11-01', 'takeaway', 518.65, 3, 'Weekend sale'),
(4332, '2025-11-01', 'on_site', 1129.30, 1, 'Weekend sale'),
(4333, '2025-11-01', 'delivery', 785.45, 2, 'Weekend sale'),
(4334, '2025-11-01', 'takeaway', 522.10, 3, 'Weekend sale'),
(4335, '2025-11-01', 'on_site', 1132.75, 1, 'Weekend sale'),
(4336, '2025-11-02', 'delivery', 788.90, 2, 'Weekend sale'),
(4337, '2025-11-02', 'takeaway', 525.55, 3, 'Weekend sale'),
(4338, '2025-11-02', 'on_site', 1136.20, 1, 'Weekend sale'),
(4339, '2025-11-02', 'delivery', 792.35, 2, 'Weekend sale'),
(4340, '2025-11-02', 'takeaway', 529.00, 3, 'Weekend sale'),
(4341, '2025-11-03', 'on_site', 991.00, 1, NULL),
(4342, '2025-11-03', 'delivery', 692.00, 2, NULL),
(4343, '2025-11-03', 'takeaway', 463.00, 3, NULL),
(4344, '2025-11-03', 'on_site', 994.00, 1, NULL),
(4345, '2025-11-03', 'delivery', 695.00, 2, NULL),
(4346, '2025-11-03', 'takeaway', 466.00, 3, NULL),
(4347, '2025-11-03', 'on_site', 997.00, 1, NULL),
(4348, '2025-11-04', 'delivery', 698.00, 2, NULL),
(4349, '2025-11-04', 'takeaway', 469.00, 3, NULL),
(4350, '2025-11-04', 'on_site', 1000.00, 1, 'Special promotion'),
(4351, '2025-11-04', 'delivery', 701.00, 2, NULL),
(4352, '2025-11-04', 'takeaway', 472.00, 3, NULL),
(4353, '2025-11-04', 'on_site', 1003.00, 1, NULL),
(4354, '2025-11-04', 'delivery', 704.00, 2, NULL),
(4355, '2025-11-05', 'takeaway', 475.00, 3, NULL),
(4356, '2025-11-05', 'on_site', 1006.00, 1, NULL),
(4357, '2025-11-05', 'delivery', 707.00, 2, NULL),
(4358, '2025-11-05', 'takeaway', 478.00, 3, NULL),
(4359, '2025-11-05', 'on_site', 1009.00, 1, NULL),
(4360, '2025-11-05', 'delivery', 710.00, 2, NULL),
(4361, '2025-11-05', 'takeaway', 481.00, 3, NULL),
(4362, '2025-11-06', 'on_site', 1012.00, 1, NULL),
(4363, '2025-11-06', 'delivery', 713.00, 2, NULL),
(4364, '2025-11-06', 'takeaway', 484.00, 3, NULL),
(4365, '2025-11-06', 'on_site', 1015.00, 1, NULL),
(4366, '2025-11-06', 'delivery', 716.00, 2, NULL),
(4367, '2025-11-06', 'takeaway', 487.00, 3, NULL),
(4368, '2025-11-06', 'on_site', 1018.00, 1, NULL),
(4369, '2025-11-07', 'delivery', 719.00, 2, NULL),
(4370, '2025-11-07', 'takeaway', 490.00, 3, NULL),
(4371, '2025-11-07', 'on_site', 1021.00, 1, NULL),
(4372, '2025-11-07', 'delivery', 722.00, 2, NULL),
(4373, '2025-11-07', 'takeaway', 493.00, 3, NULL),
(4374, '2025-11-07', 'on_site', 1024.00, 1, NULL),
(4375, '2025-11-07', 'delivery', 725.00, 2, NULL),
(4376, '2025-11-08', 'takeaway', 570.40, 3, 'Weekend sale'),
(4377, '2025-11-08', 'on_site', 1181.05, 1, 'Weekend sale'),
(4378, '2025-11-08', 'delivery', 837.20, 2, 'Weekend sale'),
(4379, '2025-11-08', 'takeaway', 573.85, 3, 'Weekend sale'),
(4380, '2025-11-08', 'on_site', 1184.50, 1, 'Weekend sale'),
(4381, '2025-11-09', 'delivery', 840.65, 2, 'Weekend sale'),
(4382, '2025-11-09', 'takeaway', 577.30, 3, 'Weekend sale'),
(4383, '2025-11-09', 'on_site', 1187.95, 1, 'Weekend sale'),
(4384, '2025-11-09', 'delivery', 844.10, 2, 'Weekend sale'),
(4385, '2025-11-09', 'takeaway', 580.75, 3, 'Weekend sale'),
(4386, '2025-11-10', 'on_site', 1036.00, 1, NULL),
(4387, '2025-11-10', 'delivery', 737.00, 2, NULL),
(4388, '2025-11-10', 'takeaway', 508.00, 3, NULL),
(4389, '2025-11-10', 'on_site', 1039.00, 1, NULL),
(4390, '2025-11-10', 'delivery', 740.00, 2, NULL),
(4391, '2025-11-10', 'takeaway', 511.00, 3, NULL),
(4392, '2025-11-10', 'on_site', 1042.00, 1, NULL),
(4393, '2025-11-11', 'delivery', 743.00, 2, NULL),
(4394, '2025-11-11', 'takeaway', 514.00, 3, NULL),
(4395, '2025-11-11', 'on_site', 1045.00, 1, NULL),
(4396, '2025-11-11', 'delivery', 746.00, 2, NULL),
(4397, '2025-11-11', 'takeaway', 517.00, 3, NULL),
(4398, '2025-11-11', 'on_site', 1048.00, 1, NULL),
(4399, '2025-11-11', 'delivery', 749.00, 2, NULL),
(4400, '2025-11-12', 'takeaway', 120.00, 3, 'Special promotion'),
(4401, '2025-11-12', 'on_site', 651.00, 1, NULL),
(4402, '2025-11-12', 'delivery', 352.00, 2, NULL),
(4403, '2025-11-12', 'takeaway', 123.00, 3, NULL),
(4404, '2025-11-12', 'on_site', 654.00, 1, NULL),
(4405, '2025-11-12', 'delivery', 355.00, 2, NULL),
(4406, '2025-11-12', 'takeaway', 126.00, 3, NULL),
(4407, '2025-11-13', 'on_site', 657.00, 1, NULL),
(4408, '2025-11-13', 'delivery', 358.00, 2, NULL),
(4409, '2025-11-13', 'takeaway', 129.00, 3, NULL),
(4410, '2025-11-13', 'on_site', 660.00, 1, NULL),
(4411, '2025-11-13', 'delivery', 361.00, 2, NULL),
(4412, '2025-11-13', 'takeaway', 132.00, 3, NULL),
(4413, '2025-11-13', 'on_site', 663.00, 1, NULL),
(4414, '2025-11-14', 'delivery', 364.00, 2, NULL),
(4415, '2025-11-14', 'takeaway', 135.00, 3, NULL),
(4416, '2025-11-14', 'on_site', 666.00, 1, NULL),
(4417, '2025-11-14', 'delivery', 367.00, 2, NULL),
(4418, '2025-11-14', 'takeaway', 138.00, 3, NULL),
(4419, '2025-11-14', 'on_site', 669.00, 1, NULL),
(4420, '2025-11-14', 'delivery', 370.00, 2, NULL),
(4421, '2025-11-15', 'takeaway', 162.15, 3, 'Weekend sale'),
(4422, '2025-11-15', 'on_site', 772.80, 1, 'Weekend sale'),
(4423, '2025-11-15', 'delivery', 428.95, 2, 'Weekend sale'),
(4424, '2025-11-15', 'takeaway', 165.60, 3, 'Weekend sale'),
(4425, '2025-11-15', 'on_site', 776.25, 1, 'Weekend sale'),
(4426, '2025-11-16', 'delivery', 432.40, 2, 'Weekend sale'),
(4427, '2025-11-16', 'takeaway', 169.05, 3, 'Weekend sale'),
(4428, '2025-11-16', 'on_site', 779.70, 1, 'Weekend sale'),
(4429, '2025-11-16', 'delivery', 435.85, 2, 'Weekend sale'),
(4430, '2025-11-16', 'takeaway', 172.50, 3, 'Weekend sale'),
(4431, '2025-11-17', 'on_site', 681.00, 1, NULL),
(4432, '2025-11-17', 'delivery', 382.00, 2, NULL),
(4433, '2025-11-17', 'takeaway', 153.00, 3, NULL),
(4434, '2025-11-17', 'on_site', 684.00, 1, NULL),
(4435, '2025-11-17', 'delivery', 385.00, 2, NULL),
(4436, '2025-11-17', 'takeaway', 156.00, 3, NULL),
(4437, '2025-11-17', 'on_site', 687.00, 1, NULL),
(4438, '2025-11-18', 'delivery', 388.00, 2, NULL),
(4439, '2025-11-18', 'takeaway', 159.00, 3, NULL),
(4440, '2025-11-18', 'on_site', 690.00, 1, NULL),
(4441, '2025-11-18', 'delivery', 391.00, 2, NULL),
(4442, '2025-11-18', 'takeaway', 162.00, 3, NULL),
(4443, '2025-11-18', 'on_site', 693.00, 1, NULL),
(4444, '2025-11-18', 'delivery', 394.00, 2, NULL),
(4445, '2025-11-19', 'takeaway', 165.00, 3, NULL),
(4446, '2025-11-19', 'on_site', 696.00, 1, NULL),
(4447, '2025-11-19', 'delivery', 397.00, 2, NULL),
(4448, '2025-11-19', 'takeaway', 168.00, 3, NULL),
(4449, '2025-11-19', 'on_site', 699.00, 1, NULL),
(4450, '2025-11-19', 'delivery', 400.00, 2, 'Special promotion'),
(4451, '2025-11-19', 'takeaway', 171.00, 3, NULL),
(4452, '2025-11-20', 'on_site', 702.00, 1, NULL),
(4453, '2025-11-20', 'delivery', 403.00, 2, NULL),
(4454, '2025-11-20', 'takeaway', 174.00, 3, NULL),
(4455, '2025-11-20', 'on_site', 705.00, 1, NULL),
(4456, '2025-11-20', 'delivery', 406.00, 2, NULL),
(4457, '2025-11-20', 'takeaway', 177.00, 3, NULL),
(4458, '2025-11-20', 'on_site', 708.00, 1, NULL),
(4459, '2025-11-21', 'delivery', 409.00, 2, NULL),
(4460, '2025-11-21', 'takeaway', 180.00, 3, NULL),
(4461, '2025-11-21', 'on_site', 711.00, 1, NULL),
(4462, '2025-11-21', 'delivery', 412.00, 2, NULL),
(4463, '2025-11-21', 'takeaway', 183.00, 3, NULL),
(4464, '2025-11-21', 'on_site', 714.00, 1, NULL),
(4465, '2025-11-21', 'delivery', 415.00, 2, NULL),
(4466, '2025-11-22', 'takeaway', 213.90, 3, 'Weekend sale'),
(4467, '2025-11-22', 'on_site', 824.55, 1, 'Weekend sale'),
(4468, '2025-11-22', 'delivery', 480.70, 2, 'Weekend sale'),
(4469, '2025-11-22', 'takeaway', 217.35, 3, 'Weekend sale'),
(4470, '2025-11-22', 'on_site', 828.00, 1, 'Weekend sale'),
(4471, '2025-11-23', 'delivery', 484.15, 2, 'Weekend sale'),
(4472, '2025-11-23', 'takeaway', 220.80, 3, 'Weekend sale'),
(4473, '2025-11-23', 'on_site', 831.45, 1, 'Weekend sale'),
(4474, '2025-11-23', 'delivery', 487.60, 2, 'Weekend sale'),
(4475, '2025-11-23', 'takeaway', 224.25, 3, 'Weekend sale'),
(4476, '2025-11-24', 'on_site', 726.00, 1, NULL),
(4477, '2025-11-24', 'delivery', 427.00, 2, NULL),
(4478, '2025-11-24', 'takeaway', 198.00, 3, NULL),
(4479, '2025-11-24', 'on_site', 729.00, 1, NULL),
(4480, '2025-11-24', 'delivery', 430.00, 2, NULL),
(4481, '2025-11-24', 'takeaway', 201.00, 3, NULL),
(4482, '2025-11-24', 'on_site', 732.00, 1, NULL),
(4483, '2025-11-25', 'delivery', 433.00, 2, NULL),
(4484, '2025-11-25', 'takeaway', 204.00, 3, NULL),
(4485, '2025-11-25', 'on_site', 735.00, 1, NULL),
(4486, '2025-11-25', 'delivery', 436.00, 2, NULL),
(4487, '2025-11-25', 'takeaway', 207.00, 3, NULL),
(4488, '2025-11-25', 'on_site', 738.00, 1, NULL),
(4489, '2025-11-25', 'delivery', 439.00, 2, NULL),
(4490, '2025-11-26', 'takeaway', 210.00, 3, NULL),
(4491, '2025-11-26', 'on_site', 741.00, 1, NULL),
(4492, '2025-11-26', 'delivery', 442.00, 2, NULL),
(4493, '2025-11-26', 'takeaway', 213.00, 3, NULL),
(4494, '2025-11-26', 'on_site', 744.00, 1, NULL),
(4495, '2025-11-26', 'delivery', 445.00, 2, NULL),
(4496, '2025-11-26', 'takeaway', 216.00, 3, NULL),
(4497, '2025-11-27', 'on_site', 747.00, 1, NULL),
(4498, '2025-11-27', 'delivery', 448.00, 2, NULL),
(4499, '2025-11-27', 'takeaway', 219.00, 3, NULL),
(4500, '2025-11-27', 'on_site', 750.00, 1, 'Special promotion');

INSERT INTO sales (id, date, type, amount, quantity, description) VALUES
(4501, '2025-11-27', 'delivery', 451.00, 2, NULL),
(4502, '2025-11-27', 'takeaway', 222.00, 3, NULL),
(4503, '2025-11-27', 'on_site', 753.00, 1, NULL),
(4504, '2025-11-28', 'delivery', 454.00, 2, NULL),
(4505, '2025-11-28', 'takeaway', 225.00, 3, NULL),
(4506, '2025-11-28', 'on_site', 756.00, 1, NULL),
(4507, '2025-11-28', 'delivery', 457.00, 2, NULL),
(4508, '2025-11-28', 'takeaway', 228.00, 3, NULL),
(4509, '2025-11-28', 'on_site', 759.00, 1, NULL),
(4510, '2025-11-28', 'delivery', 460.00, 2, NULL),
(4511, '2025-11-29', 'takeaway', 265.65, 3, 'Weekend sale'),
(4512, '2025-11-29', 'on_site', 876.30, 1, 'Weekend sale'),
(4513, '2025-11-29', 'delivery', 532.45, 2, 'Weekend sale'),
(4514, '2025-11-29', 'takeaway', 269.10, 3, 'Weekend sale'),
(4515, '2025-11-29', 'on_site', 879.75, 1, 'Weekend sale'),
(4516, '2025-11-30', 'delivery', 535.90, 2, 'Weekend sale'),
(4517, '2025-11-30', 'takeaway', 272.55, 3, 'Weekend sale'),
(4518, '2025-11-30', 'on_site', 883.20, 1, 'Weekend sale'),
(4519, '2025-11-30', 'delivery', 539.35, 2, 'Weekend sale'),
(4520, '2025-11-30', 'takeaway', 276.00, 3, 'Weekend sale'),
(4521, '2025-12-01', 'on_site', 771.00, 1, NULL),
(4522, '2025-12-01', 'delivery', 472.00, 2, NULL),
(4523, '2025-12-01', 'takeaway', 243.00, 3, NULL),
(4524, '2025-12-01', 'on_site', 774.00, 1, NULL),
(4525, '2025-12-01', 'delivery', 475.00, 2, NULL),
(4526, '2025-12-01', 'takeaway', 246.00, 3, NULL),
(4527, '2025-12-01', 'on_site', 777.00, 1, NULL),
(4528, '2025-12-02', 'delivery', 478.00, 2, NULL),
(4529, '2025-12-02', 'takeaway', 249.00, 3, NULL),
(4530, '2025-12-02', 'on_site', 780.00, 1, NULL),
(4531, '2025-12-02', 'delivery', 481.00, 2, NULL),
(4532, '2025-12-02', 'takeaway', 252.00, 3, NULL),
(4533, '2025-12-02', 'on_site', 783.00, 1, NULL),
(4534, '2025-12-02', 'delivery', 484.00, 2, NULL),
(4535, '2025-12-03', 'takeaway', 255.00, 3, NULL),
(4536, '2025-12-03', 'on_site', 786.00, 1, NULL),
(4537, '2025-12-03', 'delivery', 487.00, 2, NULL),
(4538, '2025-12-03', 'takeaway', 258.00, 3, NULL),
(4539, '2025-12-03', 'on_site', 789.00, 1, NULL),
(4540, '2025-12-03', 'delivery', 490.00, 2, NULL),
(4541, '2025-12-03', 'takeaway', 261.00, 3, NULL),
(4542, '2025-12-04', 'on_site', 792.00, 1, NULL),
(4543, '2025-12-04', 'delivery', 493.00, 2, NULL),
(4544, '2025-12-04', 'takeaway', 264.00, 3, NULL),
(4545, '2025-12-04', 'on_site', 795.00, 1, NULL),
(4546, '2025-12-04', 'delivery', 496.00, 2, NULL),
(4547, '2025-12-04', 'takeaway', 267.00, 3, NULL),
(4548, '2025-12-04', 'on_site', 798.00, 1, NULL),
(4549, '2025-12-05', 'delivery', 499.00, 2, NULL),
(4550, '2025-12-05', 'takeaway', 270.00, 3, 'Special promotion'),
(4551, '2025-12-05', 'on_site', 801.00, 1, NULL),
(4552, '2025-12-05', 'delivery', 502.00, 2, NULL),
(4553, '2025-12-05', 'takeaway', 273.00, 3, NULL),
(4554, '2025-12-05', 'on_site', 804.00, 1, NULL),
(4555, '2025-12-05', 'delivery', 505.00, 2, NULL),
(4556, '2025-12-06', 'takeaway', 317.40, 3, 'Weekend sale'),
(4557, '2025-12-06', 'on_site', 928.05, 1, 'Weekend sale'),
(4558, '2025-12-06', 'delivery', 584.20, 2, 'Weekend sale'),
(4559, '2025-12-06', 'takeaway', 320.85, 3, 'Weekend sale'),
(4560, '2025-12-06', 'on_site', 931.50, 1, 'Weekend sale'),
(4561, '2025-12-07', 'delivery', 587.65, 2, 'Weekend sale'),
(4562, '2025-12-07', 'takeaway', 324.30, 3, 'Weekend sale'),
(4563, '2025-12-07', 'on_site', 934.95, 1, 'Weekend sale'),
(4564, '2025-12-07', 'delivery', 591.10, 2, 'Weekend sale'),
(4565, '2025-12-07', 'takeaway', 327.75, 3, 'Weekend sale'),
(4566, '2025-12-08', 'on_site', 816.00, 1, NULL),
(4567, '2025-12-08', 'delivery', 517.00, 2, NULL),
(4568, '2025-12-08', 'takeaway', 288.00, 3, NULL),
(4569, '2025-12-08', 'on_site', 819.00, 1, NULL),
(4570, '2025-12-08', 'delivery', 520.00, 2, NULL),
(4571, '2025-12-08', 'takeaway', 291.00, 3, NULL),
(4572, '2025-12-08', 'on_site', 822.00, 1, NULL),
(4573, '2025-12-09', 'delivery', 523.00, 2, NULL),
(4574, '2025-12-09', 'takeaway', 294.00, 3, NULL),
(4575, '2025-12-09', 'on_site', 825.00, 1, NULL),
(4576, '2025-12-09', 'delivery', 526.00, 2, NULL),
(4577, '2025-12-09', 'takeaway', 297.00, 3, NULL),
(4578, '2025-12-09', 'on_site', 828.00, 1, NULL),
(4579, '2025-12-09', 'delivery', 529.00, 2, NULL),
(4580, '2025-12-10', 'takeaway', 300.00, 3, NULL),
(4581, '2025-12-10', 'on_site', 831.00, 1, NULL),
(4582, '2025-12-10', 'delivery', 532.00, 2, NULL),
(4583, '2025-12-10', 'takeaway', 303.00, 3, NULL),
(4584, '2025-12-10', 'on_site', 834.00, 1, NULL),
(4585, '2025-12-10', 'delivery', 535.00, 2, NULL),
(4586, '2025-12-10', 'takeaway', 306.00, 3, NULL),
(4587, '2025-12-11', 'on_site', 837.00, 1, NULL),
(4588, '2025-12-11', 'delivery', 538.00, 2, NULL),
(4589, '2025-12-11', 'takeaway', 309.00, 3, NULL),
(4590, '2025-12-11', 'on_site', 840.00, 1, NULL),
(4591, '2025-12-11', 'delivery', 541.00, 2, NULL),
(4592, '2025-12-11', 'takeaway', 312.00, 3, NULL),
(4593, '2025-12-11', 'on_site', 843.00, 1, NULL),
(4594, '2025-12-12', 'delivery', 544.00, 2, NULL),
(4595, '2025-12-12', 'takeaway', 315.00, 3, NULL),
(4596, '2025-12-12', 'on_site', 846.00, 1, NULL),
(4597, '2025-12-12', 'delivery', 547.00, 2, NULL),
(4598, '2025-12-12', 'takeaway', 318.00, 3, NULL),
(4599, '2025-12-12', 'on_site', 849.00, 1, NULL),
(4600, '2025-12-12', 'delivery', 550.00, 2, 'Special promotion'),
(4601, '2025-12-13', 'takeaway', 369.15, 3, 'Weekend sale'),
(4602, '2025-12-13', 'on_site', 979.80, 1, 'Weekend sale'),
(4603, '2025-12-13', 'delivery', 635.95, 2, 'Weekend sale'),
(4604, '2025-12-13', 'takeaway', 372.60, 3, 'Weekend sale'),
(4605, '2025-12-13', 'on_site', 983.25, 1, 'Weekend sale'),
(4606, '2025-12-14', 'delivery', 639.40, 2, 'Weekend sale'),
(4607, '2025-12-14', 'takeaway', 376.05, 3, 'Weekend sale'),
(4608, '2025-12-14', 'on_site', 986.70, 1, 'Weekend sale'),
(4609, '2025-12-14', 'delivery', 642.85, 2, 'Weekend sale'),
(4610, '2025-12-14', 'takeaway', 379.50, 3, 'Weekend sale'),
(4611, '2025-12-15', 'on_site', 861.00, 1, NULL),
(4612, '2025-12-15', 'delivery', 562.00, 2, NULL),
(4613, '2025-12-15', 'takeaway', 333.00, 3, NULL),
(4614, '2025-12-15', 'on_site', 864.00, 1, NULL),
(4615, '2025-12-15', 'delivery', 565.00, 2, NULL),
(4616, '2025-12-15', 'takeaway', 336.00, 3, NULL),
(4617, '2025-12-15', 'on_site', 867.00, 1, NULL),
(4618, '2025-12-16', 'delivery', 568.00, 2, NULL),
(4619, '2025-12-16', 'takeaway', 339.00, 3, NULL),
(4620, '2025-12-16', 'on_site', 870.00, 1, NULL),
(4621, '2025-12-16', 'delivery', 571.00, 2, NULL),
(4622, '2025-12-16', 'takeaway', 342.00, 3, NULL),
(4623, '2025-12-16', 'on_site', 873.00, 1, NULL),
(4624, '2025-12-16', 'delivery', 574.00, 2, NULL),
(4625, '2025-12-17', 'takeaway', 345.00, 3, NULL),
(4626, '2025-12-17', 'on_site', 876.00, 1, NULL),
(4627, '2025-12-17', 'delivery', 577.00, 2, NULL),
(4628, '2025-12-17', 'takeaway', 348.00, 3, NULL),
(4629, '2025-12-17', 'on_site', 879.00, 1, NULL),
(4630, '2025-12-17', 'delivery', 580.00, 2, NULL),
(4631, '2025-12-17', 'takeaway', 351.00, 3, NULL),
(4632, '2025-12-18', 'on_site', 882.00, 1, NULL),
(4633, '2025-12-18', 'delivery', 583.00, 2, NULL),
(4634, '2025-12-18', 'takeaway', 354.00, 3, NULL),
(4635, '2025-12-18', 'on_site', 885.00, 1, NULL),
(4636, '2025-12-18', 'delivery', 586.00, 2, NULL),
(4637, '2025-12-18', 'takeaway', 357.00, 3, NULL),
(4638, '2025-12-18', 'on_site', 888.00, 1, NULL),
(4639, '2025-12-19', 'delivery', 589.00, 2, NULL),
(4640, '2025-12-19', 'takeaway', 360.00, 3, NULL),
(4641, '2025-12-19', 'on_site', 891.00, 1, NULL),
(4642, '2025-12-19', 'delivery', 592.00, 2, NULL),
(4643, '2025-12-19', 'takeaway', 363.00, 3, NULL),
(4644, '2025-12-19', 'on_site', 894.00, 1, NULL),
(4645, '2025-12-19', 'delivery', 595.00, 2, NULL),
(4646, '2025-12-20', 'takeaway', 420.90, 3, 'Weekend sale'),
(4647, '2025-12-20', 'on_site', 1031.55, 1, 'Weekend sale'),
(4648, '2025-12-20', 'delivery', 687.70, 2, 'Weekend sale'),
(4649, '2025-12-20', 'takeaway', 424.35, 3, 'Weekend sale'),
(4650, '2025-12-20', 'on_site', 1035.00, 1, 'Weekend sale'),
(4651, '2025-12-20', 'delivery', 691.15, 2, 'Weekend sale'),
(4652, '2025-12-21', 'takeaway', 427.80, 3, 'Weekend sale'),
(4653, '2025-12-21', 'on_site', 1038.45, 1, 'Weekend sale'),
(4654, '2025-12-21', 'delivery', 694.60, 2, 'Weekend sale'),
(4655, '2025-12-21', 'takeaway', 431.25, 3, 'Weekend sale'),
(4656, '2025-12-21', 'on_site', 1041.90, 1, 'Weekend sale'),
(4657, '2025-12-21', 'delivery', 698.05, 2, 'Weekend sale'),
(4658, '2025-12-22', 'takeaway', 472.50, 3, 'Holiday special'),
(4659, '2025-12-22', 'on_site', 1136.25, 1, 'Holiday special'),
(4660, '2025-12-22', 'delivery', 762.50, 2, 'Holiday special'),
(4661, '2025-12-22', 'takeaway', 476.25, 3, 'Holiday special'),
(4662, '2025-12-22', 'on_site', 1140.00, 1, 'Holiday special'),
(4663, '2025-12-22', 'delivery', 766.25, 2, 'Holiday special'),
(4664, '2025-12-22', 'takeaway', 480.00, 3, 'Holiday special'),
(4665, '2025-12-22', 'on_site', 1143.75, 1, 'Holiday special'),
(4666, '2025-12-22', 'delivery', 770.00, 2, 'Holiday special'),
(4667, '2025-12-23', 'takeaway', 483.75, 3, 'Holiday special'),
(4668, '2025-12-23', 'on_site', 1147.50, 1, 'Holiday special'),
(4669, '2025-12-23', 'delivery', 773.75, 2, 'Holiday special'),
(4670, '2025-12-23', 'takeaway', 487.50, 3, 'Holiday special'),
(4671, '2025-12-23', 'on_site', 1151.25, 1, 'Holiday special'),
(4672, '2025-12-23', 'delivery', 777.50, 2, 'Holiday special'),
(4673, '2025-12-23', 'takeaway', 491.25, 3, 'Holiday special'),
(4674, '2025-12-23', 'on_site', 1155.00, 1, 'Holiday special'),
(4675, '2025-12-23', 'delivery', 781.25, 2, 'Holiday special'),
(4676, '2025-12-24', 'takeaway', 495.00, 3, 'Holiday special'),
(4677, '2025-12-24', 'on_site', 1158.75, 1, 'Holiday special'),
(4678, '2025-12-24', 'delivery', 785.00, 2, 'Holiday special'),
(4679, '2025-12-24', 'takeaway', 498.75, 3, 'Holiday special'),
(4680, '2025-12-24', 'on_site', 1162.50, 1, 'Holiday special'),
(4681, '2025-12-24', 'delivery', 788.75, 2, 'Holiday special'),
(4682, '2025-12-24', 'takeaway', 502.50, 3, 'Holiday special'),
(4683, '2025-12-24', 'on_site', 1166.25, 1, 'Holiday special'),
(4684, '2025-12-24', 'delivery', 792.50, 2, 'Holiday special'),
(4685, '2025-12-25', 'takeaway', 506.25, 3, 'Holiday special'),
(4686, '2025-12-25', 'on_site', 1170.00, 1, 'Holiday special'),
(4687, '2025-12-25', 'delivery', 796.25, 2, 'Holiday special'),
(4688, '2025-12-25', 'takeaway', 510.00, 3, 'Holiday special'),
(4689, '2025-12-25', 'on_site', 1173.75, 1, 'Holiday special'),
(4690, '2025-12-25', 'delivery', 800.00, 2, 'Holiday special'),
(4691, '2025-12-25', 'takeaway', 513.75, 3, 'Holiday special'),
(4692, '2025-12-25', 'on_site', 1177.50, 1, 'Holiday special'),
(4693, '2025-12-25', 'delivery', 803.75, 2, 'Holiday special'),
(4694, '2025-12-26', 'takeaway', 517.50, 3, 'Holiday special'),
(4695, '2025-12-26', 'on_site', 1181.25, 1, 'Holiday special'),
(4696, '2025-12-26', 'delivery', 807.50, 2, 'Holiday special'),
(4697, '2025-12-26', 'takeaway', 521.25, 3, 'Holiday special'),
(4698, '2025-12-26', 'on_site', 1185.00, 1, 'Holiday special'),
(4699, '2025-12-26', 'delivery', 811.25, 2, 'Holiday special'),
(4700, '2025-12-26', 'takeaway', 525.00, 3, 'Holiday special'),
(4701, '2025-12-26', 'on_site', 1188.75, 1, 'Holiday special'),
(4702, '2025-12-26', 'delivery', 815.00, 2, 'Holiday special'),
(4703, '2025-12-27', 'takeaway', 486.45, 3, 'Weekend sale'),
(4704, '2025-12-27', 'on_site', 1097.10, 1, 'Weekend sale'),
(4705, '2025-12-27', 'delivery', 753.25, 2, 'Weekend sale'),
(4706, '2025-12-27', 'takeaway', 489.90, 3, 'Weekend sale'),
(4707, '2025-12-27', 'on_site', 1100.55, 1, 'Weekend sale'),
(4708, '2025-12-27', 'delivery', 756.70, 2, 'Weekend sale'),
(4709, '2025-12-28', 'takeaway', 493.35, 3, 'Weekend sale'),
(4710, '2025-12-28', 'on_site', 1104.00, 1, 'Weekend sale'),
(4711, '2025-12-28', 'delivery', 760.15, 2, 'Weekend sale'),
(4712, '2025-12-28', 'takeaway', 496.80, 3, 'Weekend sale'),
(4713, '2025-12-28', 'on_site', 1107.45, 1, 'Weekend sale'),
(4714, '2025-12-28', 'delivery', 763.60, 2, 'Weekend sale'),
(4715, '2025-12-29', 'takeaway', 543.75, 3, 'Holiday special'),
(4716, '2025-12-29', 'on_site', 1207.50, 1, 'Holiday special'),
(4717, '2025-12-29', 'delivery', 833.75, 2, 'Holiday special'),
(4718, '2025-12-29', 'takeaway', 547.50, 3, 'Holiday special'),
(4719, '2025-12-29', 'on_site', 1211.25, 1, 'Holiday special'),
(4720, '2025-12-29', 'delivery', 837.50, 2, 'Holiday special'),
(4721, '2025-12-29', 'takeaway', 551.25, 3, 'Holiday special'),
(4722, '2025-12-29', 'on_site', 1215.00, 1, 'Holiday special'),
(4723, '2025-12-29', 'delivery', 841.25, 2, 'Holiday special'),
(4724, '2025-12-30', 'takeaway', 555.00, 3, 'Holiday special'),
(4725, '2025-12-30', 'on_site', 1218.75, 1, 'Holiday special'),
(4726, '2025-12-30', 'delivery', 845.00, 2, 'Holiday special'),
(4727, '2025-12-30', 'takeaway', 558.75, 3, 'Holiday special'),
(4728, '2025-12-30', 'on_site', 1222.50, 1, 'Holiday special'),
(4729, '2025-12-30', 'delivery', 848.75, 2, 'Holiday special'),
(4730, '2025-12-30', 'takeaway', 562.50, 3, 'Holiday special'),
(4731, '2025-12-30', 'on_site', 1226.25, 1, 'Holiday special'),
(4732, '2025-12-30', 'delivery', 852.50, 2, 'Holiday special'),
(4733, '2025-12-31', 'takeaway', 566.25, 3, 'Holiday special'),
(4734, '2025-12-31', 'on_site', 1230.00, 1, 'Holiday special'),
(4735, '2025-12-31', 'delivery', 856.25, 2, 'Holiday special'),
(4736, '2025-12-31', 'takeaway', 570.00, 3, 'Holiday special'),
(4737, '2025-12-31', 'on_site', 1233.75, 1, 'Holiday special'),
(4738, '2025-12-31', 'delivery', 860.00, 2, 'Holiday special'),
(4739, '2025-12-31', 'takeaway', 573.75, 3, 'Holiday special'),
(4740, '2025-12-31', 'on_site', 1237.50, 1, 'Holiday special'),
(4741, '2025-12-31', 'delivery', 863.75, 2, 'Holiday special');
SELECT setval('sales_id_seq', (SELECT MAX(id) FROM sales));

-- ============================================================================
-- INVESTMENTS (6 investments)
-- ============================================================================
INSERT INTO investments (id, name, type, amount, purchase_date, useful_life_months, depreciation_method, residual_value, description) VALUES
(1, 'Commercial Espresso Machine', 'equipment', 8500.00, '2024-01-01', 60, 'straight_line', 850.00, 'Commercial Espresso Machine investment'),
(2, 'Coffee Grinder', 'equipment', 1200.00, '2024-01-01', 48, 'straight_line', 120.00, 'Coffee Grinder investment'),
(3, 'Refrigeration System', 'equipment', 3500.00, '2024-01-01', 84, 'straight_line', 350.00, 'Refrigeration System investment'),
(4, 'POS System', 'technology', 3000.00, '2024-01-01', 36, 'straight_line', 300.00, 'POS System investment'),
(5, 'Store Renovation', 'renovation', 18000.00, '2024-01-15', 120, 'straight_line', 0.00, 'Store Renovation investment'),
(6, 'Furniture & Seating', 'other', 12000.00, '2024-01-01', 84, 'straight_line', 1200.00, 'Furniture & Seating investment');
SELECT setval('investments_id_seq', (SELECT MAX(id) FROM investments));

-- ============================================================================
-- DEPRECIATION ENTRIES (24 months)
-- ============================================================================
-- Generating 145 depreciation entries...
INSERT INTO depreciation_entries (id, investment_id, month, depreciation_amount, accumulated_depreciation, book_value) VALUES
(1, 1, '2024-01', 127.50, 127.50, 8372.50),
(2, 1, '2024-02', 127.50, 255.00, 8245.00),
(3, 1, '2024-03', 127.50, 382.50, 8117.50),
(4, 1, '2024-04', 127.50, 510.00, 7990.00),
(5, 1, '2024-05', 127.50, 637.50, 7862.50),
(6, 1, '2024-06', 127.50, 765.00, 7735.00),
(7, 1, '2024-07', 127.50, 892.50, 7607.50),
(8, 1, '2024-08', 127.50, 1020.00, 7480.00),
(9, 1, '2024-09', 127.50, 1147.50, 7352.50),
(10, 1, '2024-10', 127.50, 1275.00, 7225.00),
(11, 1, '2024-11', 127.50, 1402.50, 7097.50),
(12, 1, '2024-12', 127.50, 1530.00, 6970.00),
(13, 1, '2025-01', 127.50, 1657.50, 6842.50),
(14, 1, '2025-02', 127.50, 1785.00, 6715.00),
(15, 1, '2025-03', 127.50, 1912.50, 6587.50),
(16, 1, '2025-04', 127.50, 2040.00, 6460.00),
(17, 1, '2025-05', 127.50, 2167.50, 6332.50),
(18, 1, '2025-06', 127.50, 2295.00, 6205.00),
(19, 1, '2025-07', 127.50, 2422.50, 6077.50),
(20, 1, '2025-08', 127.50, 2550.00, 5950.00),
(21, 1, '2025-09', 127.50, 2677.50, 5822.50),
(22, 1, '2025-10', 127.50, 2805.00, 5695.00),
(23, 1, '2025-11', 127.50, 2932.50, 5567.50),
(24, 1, '2025-12', 127.50, 3060.00, 5440.00),
(25, 2, '2024-01', 22.50, 22.50, 1177.50),
(26, 2, '2024-02', 22.50, 45.00, 1155.00),
(27, 2, '2024-03', 22.50, 67.50, 1132.50),
(28, 2, '2024-04', 22.50, 90.00, 1110.00),
(29, 2, '2024-05', 22.50, 112.50, 1087.50),
(30, 2, '2024-06', 22.50, 135.00, 1065.00),
(31, 2, '2024-07', 22.50, 157.50, 1042.50),
(32, 2, '2024-08', 22.50, 180.00, 1020.00),
(33, 2, '2024-09', 22.50, 202.50, 997.50),
(34, 2, '2024-10', 22.50, 225.00, 975.00),
(35, 2, '2024-11', 22.50, 247.50, 952.50),
(36, 2, '2024-12', 22.50, 270.00, 930.00),
(37, 2, '2025-01', 22.50, 292.50, 907.50),
(38, 2, '2025-02', 22.50, 315.00, 885.00),
(39, 2, '2025-03', 22.50, 337.50, 862.50),
(40, 2, '2025-04', 22.50, 360.00, 840.00),
(41, 2, '2025-05', 22.50, 382.50, 817.50),
(42, 2, '2025-06', 22.50, 405.00, 795.00),
(43, 2, '2025-07', 22.50, 427.50, 772.50),
(44, 2, '2025-08', 22.50, 450.00, 750.00),
(45, 2, '2025-09', 22.50, 472.50, 727.50),
(46, 2, '2025-10', 22.50, 495.00, 705.00),
(47, 2, '2025-11', 22.50, 517.50, 682.50),
(48, 2, '2025-12', 22.50, 540.00, 660.00),
(49, 3, '2024-01', 37.50, 37.50, 3462.50),
(50, 3, '2024-02', 37.50, 75.00, 3425.00),
(51, 3, '2024-03', 37.50, 112.50, 3387.50),
(52, 3, '2024-04', 37.50, 150.00, 3350.00),
(53, 3, '2024-05', 37.50, 187.50, 3312.50),
(54, 3, '2024-06', 37.50, 225.00, 3275.00),
(55, 3, '2024-07', 37.50, 262.50, 3237.50),
(56, 3, '2024-08', 37.50, 300.00, 3200.00),
(57, 3, '2024-09', 37.50, 337.50, 3162.50),
(58, 3, '2024-10', 37.50, 375.00, 3125.00),
(59, 3, '2024-11', 37.50, 412.50, 3087.50),
(60, 3, '2024-12', 37.50, 450.00, 3050.00),
(61, 3, '2025-01', 37.50, 487.50, 3012.50),
(62, 3, '2025-02', 37.50, 525.00, 2975.00),
(63, 3, '2025-03', 37.50, 562.50, 2937.50),
(64, 3, '2025-04', 37.50, 600.00, 2900.00),
(65, 3, '2025-05', 37.50, 637.50, 2862.50),
(66, 3, '2025-06', 37.50, 675.00, 2825.00),
(67, 3, '2025-07', 37.50, 712.50, 2787.50),
(68, 3, '2025-08', 37.50, 750.00, 2750.00),
(69, 3, '2025-09', 37.50, 787.50, 2712.50),
(70, 3, '2025-10', 37.50, 825.00, 2675.00),
(71, 3, '2025-11', 37.50, 862.50, 2637.50),
(72, 3, '2025-12', 37.50, 900.00, 2600.00),
(73, 4, '2024-01', 75.00, 75.00, 2925.00),
(74, 4, '2024-02', 75.00, 150.00, 2850.00),
(75, 4, '2024-03', 75.00, 225.00, 2775.00),
(76, 4, '2024-04', 75.00, 300.00, 2700.00),
(77, 4, '2024-05', 75.00, 375.00, 2625.00),
(78, 4, '2024-06', 75.00, 450.00, 2550.00),
(79, 4, '2024-07', 75.00, 525.00, 2475.00),
(80, 4, '2024-08', 75.00, 600.00, 2400.00),
(81, 4, '2024-09', 75.00, 675.00, 2325.00),
(82, 4, '2024-10', 75.00, 750.00, 2250.00),
(83, 4, '2024-11', 75.00, 825.00, 2175.00),
(84, 4, '2024-12', 75.00, 900.00, 2100.00),
(85, 4, '2025-01', 75.00, 975.00, 2025.00),
(86, 4, '2025-02', 75.00, 1050.00, 1950.00),
(87, 4, '2025-03', 75.00, 1125.00, 1875.00),
(88, 4, '2025-04', 75.00, 1200.00, 1800.00),
(89, 4, '2025-05', 75.00, 1275.00, 1725.00),
(90, 4, '2025-06', 75.00, 1350.00, 1650.00),
(91, 4, '2025-07', 75.00, 1425.00, 1575.00),
(92, 4, '2025-08', 75.00, 1500.00, 1500.00),
(93, 4, '2025-09', 75.00, 1575.00, 1425.00),
(94, 4, '2025-10', 75.00, 1650.00, 1350.00),
(95, 4, '2025-11', 75.00, 1725.00, 1275.00),
(96, 4, '2025-12', 75.00, 1800.00, 1200.00),
(97, 5, '2024-01', 150.00, 150.00, 17850.00),
(98, 5, '2024-02', 150.00, 300.00, 17700.00),
(99, 5, '2024-03', 150.00, 450.00, 17550.00),
(100, 5, '2024-04', 150.00, 600.00, 17400.00),
(101, 5, '2024-05', 150.00, 750.00, 17250.00),
(102, 5, '2024-06', 150.00, 900.00, 17100.00),
(103, 5, '2024-07', 150.00, 1050.00, 16950.00),
(104, 5, '2024-08', 150.00, 1200.00, 16800.00),
(105, 5, '2024-09', 150.00, 1350.00, 16650.00),
(106, 5, '2024-10', 150.00, 1500.00, 16500.00),
(107, 5, '2024-11', 150.00, 1650.00, 16350.00),
(108, 5, '2024-12', 150.00, 1800.00, 16200.00),
(109, 5, '2025-01', 150.00, 1950.00, 16050.00),
(110, 5, '2025-02', 150.00, 2100.00, 15900.00),
(111, 5, '2025-03', 150.00, 2250.00, 15750.00),
(112, 5, '2025-04', 150.00, 2400.00, 15600.00),
(113, 5, '2025-05', 150.00, 2550.00, 15450.00),
(114, 5, '2025-06', 150.00, 2700.00, 15300.00),
(115, 5, '2025-07', 150.00, 2850.00, 15150.00),
(116, 5, '2025-08', 150.00, 3000.00, 15000.00),
(117, 5, '2025-09', 150.00, 3150.00, 14850.00),
(118, 5, '2025-10', 150.00, 3300.00, 14700.00),
(119, 5, '2025-11', 150.00, 3450.00, 14550.00),
(120, 5, '2025-12', 150.00, 3600.00, 14400.00),
(121, 5, '2026-01', 150.00, 3750.00, 14250.00),
(122, 6, '2024-01', 128.57, 128.57, 11871.43),
(123, 6, '2024-02', 128.57, 257.14, 11742.86),
(124, 6, '2024-03', 128.57, 385.71, 11614.29),
(125, 6, '2024-04', 128.57, 514.29, 11485.71),
(126, 6, '2024-05', 128.57, 642.86, 11357.14),
(127, 6, '2024-06', 128.57, 771.43, 11228.57),
(128, 6, '2024-07', 128.57, 900.00, 11100.00),
(129, 6, '2024-08', 128.57, 1028.57, 10971.43),
(130, 6, '2024-09', 128.57, 1157.14, 10842.86),
(131, 6, '2024-10', 128.57, 1285.71, 10714.29),
(132, 6, '2024-11', 128.57, 1414.29, 10585.71),
(133, 6, '2024-12', 128.57, 1542.86, 10457.14),
(134, 6, '2025-01', 128.57, 1671.43, 10328.57),
(135, 6, '2025-02', 128.57, 1800.00, 10200.00),
(136, 6, '2025-03', 128.57, 1928.57, 10071.43),
(137, 6, '2025-04', 128.57, 2057.14, 9942.86),
(138, 6, '2025-05', 128.57, 2185.71, 9814.29),
(139, 6, '2025-06', 128.57, 2314.29, 9685.71),
(140, 6, '2025-07', 128.57, 2442.86, 9557.14),
(141, 6, '2025-08', 128.57, 2571.43, 9428.57),
(142, 6, '2025-09', 128.57, 2700.00, 9300.00),
(143, 6, '2025-10', 128.57, 2828.57, 9171.43),
(144, 6, '2025-11', 128.57, 2957.14, 9042.86),
(145, 6, '2025-12', 128.57, 3085.71, 8914.29);
SELECT setval('depreciation_entries_id_seq', (SELECT MAX(id) FROM depreciation_entries));

-- ============================================================================
-- FINANCIAL STATEMENTS (24 months: 2024-2025)
-- ============================================================================
-- Cash Flow
INSERT INTO cash_flow (month, opening_balance, cash_inflows, cash_outflows, net_cash_flow, closing_balance, notes) VALUES
('2024-01', 15000.00, 30800.00, 24200.00, 6600.00, 21600.00, '2024-01 cash flow'),
('2024-02', 21600.00, 31350.00, 24640.00, 6710.00, 28310.00, '2024-02 cash flow'),
('2024-03', 28310.00, 29000.00, 22800.00, 6200.00, 34510.00, '2024-03 cash flow'),
('2024-04', 34510.00, 29500.00, 23200.00, 6300.00, 40810.00, '2024-04 cash flow'),
('2024-05', 40810.00, 30000.00, 23600.00, 6400.00, 47210.00, '2024-05 cash flow'),
('2024-06', 47210.00, 28975.00, 22800.00, 6175.00, 53385.00, '2024-06 cash flow'),
('2024-07', 53385.00, 29450.00, 23180.00, 6270.00, 59655.00, '2024-07 cash flow'),
('2024-08', 59655.00, 29925.00, 23560.00, 6365.00, 66020.00, '2024-08 cash flow'),
('2024-09', 66020.00, 32000.00, 25200.00, 6800.00, 72820.00, '2024-09 cash flow'),
('2024-10', 72820.00, 32500.00, 25600.00, 6900.00, 79720.00, '2024-10 cash flow'),
('2024-11', 79720.00, 36300.00, 28600.00, 7700.00, 87420.00, '2024-11 cash flow'),
('2024-12', 87420.00, 36850.00, 29040.00, 7810.00, 95230.00, '2024-12 cash flow'),
('2025-01', 95230.00, 37400.00, 29480.00, 7920.00, 103150.00, '2025-01 cash flow'),
('2025-02', 103150.00, 37950.00, 29920.00, 8030.00, 111180.00, '2025-02 cash flow'),
('2025-03', 111180.00, 35000.00, 27600.00, 7400.00, 118580.00, '2025-03 cash flow'),
('2025-04', 118580.00, 35500.00, 28000.00, 7500.00, 126080.00, '2025-04 cash flow'),
('2025-05', 126080.00, 36000.00, 28400.00, 7600.00, 133680.00, '2025-05 cash flow'),
('2025-06', 133680.00, 34675.00, 27360.00, 7315.00, 140995.00, '2025-06 cash flow'),
('2025-07', 140995.00, 35150.00, 27740.00, 7410.00, 148405.00, '2025-07 cash flow'),
('2025-08', 148405.00, 35625.00, 28120.00, 7505.00, 155910.00, '2025-08 cash flow'),
('2025-09', 155910.00, 38000.00, 30000.00, 8000.00, 163910.00, '2025-09 cash flow'),
('2025-10', 163910.00, 38500.00, 30400.00, 8100.00, 172010.00, '2025-10 cash flow'),
('2025-11', 172010.00, 42900.00, 33880.00, 9020.00, 181030.00, '2025-11 cash flow'),
('2025-12', 181030.00, 43450.00, 34320.00, 9130.00, 190160.00, '2025-12 cash flow');

-- Working Capital
INSERT INTO working_capital (month, accounts_receivable, inventory, accounts_payable, other_current_assets, other_current_liabilities, working_capital_need) VALUES
('2024-01', 3500.00, 5000.00, 4000.00, 1500.00, 1200.00, 4800.00),
('2024-02', 3650.00, 5200.00, 4180.00, 1580.00, 1240.00, 5010.00),
('2024-03', 3800.00, 5400.00, 4360.00, 1660.00, 1280.00, 5220.00),
('2024-04', 3950.00, 5600.00, 4540.00, 1740.00, 1320.00, 5430.00),
('2024-05', 4100.00, 5800.00, 4720.00, 1820.00, 1360.00, 5640.00),
('2024-06', 4250.00, 6000.00, 4900.00, 1900.00, 1400.00, 5850.00),
('2024-07', 4400.00, 6200.00, 5080.00, 1980.00, 1440.00, 6060.00),
('2024-08', 4550.00, 6400.00, 5260.00, 2060.00, 1480.00, 6270.00),
('2024-09', 4700.00, 6600.00, 5440.00, 2140.00, 1520.00, 6480.00),
('2024-10', 4850.00, 6800.00, 5620.00, 2220.00, 1560.00, 6690.00),
('2024-11', 5000.00, 7000.00, 5800.00, 2300.00, 1600.00, 6900.00),
('2024-12', 5150.00, 7200.00, 5980.00, 2380.00, 1640.00, 7110.00),
('2025-01', 5300.00, 7400.00, 6160.00, 2460.00, 1680.00, 7320.00),
('2025-02', 5450.00, 7600.00, 6340.00, 2540.00, 1720.00, 7530.00),
('2025-03', 5600.00, 7800.00, 6520.00, 2620.00, 1760.00, 7740.00),
('2025-04', 5750.00, 8000.00, 6700.00, 2700.00, 1800.00, 7950.00),
('2025-05', 5900.00, 8200.00, 6880.00, 2780.00, 1840.00, 8160.00),
('2025-06', 6050.00, 8400.00, 7060.00, 2860.00, 1880.00, 8370.00),
('2025-07', 6200.00, 8600.00, 7240.00, 2940.00, 1920.00, 8580.00),
('2025-08', 6350.00, 8800.00, 7420.00, 3020.00, 1960.00, 8790.00),
('2025-09', 6500.00, 9000.00, 7600.00, 3100.00, 2000.00, 9000.00),
('2025-10', 6650.00, 9200.00, 7780.00, 3180.00, 2040.00, 9210.00),
('2025-11', 6800.00, 9400.00, 7960.00, 3260.00, 2080.00, 9420.00),
('2025-12', 6950.00, 9600.00, 8140.00, 3340.00, 2120.00, 9630.00);

-- Profit and Loss
INSERT INTO profit_and_loss (month, total_revenue, cost_of_goods_sold, operating_expenses, personnel_costs, leasing_costs, depreciation, interest_expense, taxes, other_expenses, gross_profit, operating_profit, net_profit) VALUES
('2024-01', 30800.00, 10780.00, 6000.00, 18000.00, 1380.00, 800.00, 350.00, 1200.00, 400.00, 20020.00, -6160.00, -8110.00),
('2024-02', 31350.00, 10972.50, 6150.00, 18200.00, 1380.00, 830.00, 350.00, 1240.00, 400.00, 20377.50, -6182.50, -8172.50),
('2024-03', 29000.00, 10150.00, 6300.00, 18400.00, 1380.00, 860.00, 350.00, 1280.00, 400.00, 18850.00, -8090.00, -10120.00),
('2024-04', 29500.00, 10325.00, 6450.00, 18600.00, 1380.00, 890.00, 350.00, 1320.00, 400.00, 19175.00, -8145.00, -10215.00),
('2024-05', 30000.00, 10500.00, 6600.00, 18800.00, 1380.00, 920.00, 350.00, 1360.00, 400.00, 19500.00, -8200.00, -10310.00),
('2024-06', 28975.00, 10141.25, 6750.00, 19000.00, 1380.00, 950.00, 350.00, 1400.00, 400.00, 18833.75, -9246.25, -11396.25),
('2024-07', 29450.00, 10307.50, 6900.00, 19200.00, 1380.00, 980.00, 350.00, 1440.00, 400.00, 19142.50, -9317.50, -11507.50),
('2024-08', 29925.00, 10473.75, 7050.00, 19400.00, 1380.00, 1010.00, 350.00, 1480.00, 400.00, 19451.25, -9388.75, -11618.75),
('2024-09', 32000.00, 11200.00, 7200.00, 19600.00, 1380.00, 1040.00, 350.00, 1520.00, 400.00, 20800.00, -8420.00, -10690.00),
('2024-10', 32500.00, 11375.00, 7350.00, 19800.00, 1380.00, 1070.00, 350.00, 1560.00, 400.00, 21125.00, -8475.00, -10785.00),
('2024-11', 36300.00, 12705.00, 7500.00, 20000.00, 1380.00, 1100.00, 350.00, 1600.00, 400.00, 23595.00, -6385.00, -8735.00),
('2024-12', 36850.00, 12897.50, 7650.00, 20200.00, 1380.00, 1130.00, 350.00, 1640.00, 400.00, 23952.50, -6407.50, -8797.50),
('2025-01', 37400.00, 13090.00, 7800.00, 20400.00, 1380.00, 1160.00, 350.00, 1680.00, 400.00, 24310.00, -6430.00, -8860.00),
('2025-02', 37950.00, 13282.50, 7950.00, 20600.00, 1380.00, 1190.00, 350.00, 1720.00, 400.00, 24667.50, -6452.50, -8922.50),
('2025-03', 35000.00, 12250.00, 8100.00, 20800.00, 1380.00, 1220.00, 350.00, 1760.00, 400.00, 22750.00, -8750.00, -11260.00),
('2025-04', 35500.00, 12425.00, 8250.00, 21000.00, 1380.00, 1250.00, 350.00, 1800.00, 400.00, 23075.00, -8805.00, -11355.00),
('2025-05', 36000.00, 12600.00, 8400.00, 21200.00, 1380.00, 1280.00, 350.00, 1840.00, 400.00, 23400.00, -8860.00, -11450.00),
('2025-06', 34675.00, 12136.25, 8550.00, 21400.00, 1380.00, 1310.00, 350.00, 1880.00, 400.00, 22538.75, -10101.25, -12731.25),
('2025-07', 35150.00, 12302.50, 8700.00, 21600.00, 1380.00, 1340.00, 350.00, 1920.00, 400.00, 22847.50, -10172.50, -12842.50),
('2025-08', 35625.00, 12468.75, 8850.00, 21800.00, 1380.00, 1370.00, 350.00, 1960.00, 400.00, 23156.25, -10243.75, -12953.75),
('2025-09', 38000.00, 13300.00, 9000.00, 22000.00, 1380.00, 1400.00, 350.00, 2000.00, 400.00, 24700.00, -9080.00, -11830.00),
('2025-10', 38500.00, 13475.00, 9150.00, 22200.00, 1380.00, 1430.00, 350.00, 2040.00, 400.00, 25025.00, -9135.00, -11925.00),
('2025-11', 42900.00, 15015.00, 9300.00, 22400.00, 1380.00, 1460.00, 350.00, 2080.00, 400.00, 27885.00, -6655.00, -9485.00),
('2025-12', 43450.00, 15207.50, 9450.00, 22600.00, 1380.00, 1490.00, 350.00, 2120.00, 400.00, 28242.50, -6677.50, -9547.50);

-- Balance Sheet
INSERT INTO balance_sheet (month, current_assets, fixed_assets, intangible_assets, total_assets, current_liabilities, long_term_debt, total_liabilities, share_capital, retained_earnings, total_equity) VALUES
('2024-01', 18000.00, 45000.00, 0.00, 63000.00, 10000.00, 65000.00, 75000.00, 30000.00, -15000.00, 15000.00),
('2024-02', 18800.00, 44800.00, 0.00, 63600.00, 10400.00, 64200.00, 74600.00, 30000.00, -14200.00, 15800.00),
('2024-03', 19600.00, 44600.00, 0.00, 64200.00, 10800.00, 63400.00, 74200.00, 30000.00, -13400.00, 16600.00),
('2024-04', 20400.00, 44400.00, 0.00, 64800.00, 11200.00, 62600.00, 73800.00, 30000.00, -12600.00, 17400.00),
('2024-05', 21200.00, 44200.00, 0.00, 65400.00, 11600.00, 61800.00, 73400.00, 30000.00, -11800.00, 18200.00),
('2024-06', 22000.00, 44000.00, 0.00, 66000.00, 12000.00, 61000.00, 73000.00, 30000.00, -11000.00, 19000.00),
('2024-07', 22800.00, 43800.00, 0.00, 66600.00, 12400.00, 60200.00, 72600.00, 30000.00, -10200.00, 19800.00),
('2024-08', 23600.00, 43600.00, 0.00, 67200.00, 12800.00, 59400.00, 72200.00, 30000.00, -9400.00, 20600.00),
('2024-09', 24400.00, 43400.00, 0.00, 67800.00, 13200.00, 58600.00, 71800.00, 30000.00, -8600.00, 21400.00),
('2024-10', 25200.00, 43200.00, 0.00, 68400.00, 13600.00, 57800.00, 71400.00, 30000.00, -7800.00, 22200.00),
('2024-11', 26000.00, 43000.00, 0.00, 69000.00, 14000.00, 57000.00, 71000.00, 30000.00, -7000.00, 23000.00),
('2024-12', 26800.00, 42800.00, 0.00, 69600.00, 14400.00, 56200.00, 70600.00, 30000.00, -6200.00, 23800.00),
('2025-01', 27600.00, 42600.00, 0.00, 70200.00, 14800.00, 55400.00, 70200.00, 30000.00, -5400.00, 24600.00),
('2025-02', 28400.00, 42400.00, 0.00, 70800.00, 15200.00, 54600.00, 69800.00, 30000.00, -4600.00, 25400.00),
('2025-03', 29200.00, 42200.00, 0.00, 71400.00, 15600.00, 53800.00, 69400.00, 30000.00, -3800.00, 26200.00),
('2025-04', 30000.00, 42000.00, 0.00, 72000.00, 16000.00, 53000.00, 69000.00, 30000.00, -3000.00, 27000.00),
('2025-05', 30800.00, 41800.00, 0.00, 72600.00, 16400.00, 52200.00, 68600.00, 30000.00, -2200.00, 27800.00),
('2025-06', 31600.00, 41600.00, 0.00, 73200.00, 16800.00, 51400.00, 68200.00, 30000.00, -1400.00, 28600.00),
('2025-07', 32400.00, 41400.00, 0.00, 73800.00, 17200.00, 50600.00, 67800.00, 30000.00, -600.00, 29400.00),
('2025-08', 33200.00, 41200.00, 0.00, 74400.00, 17600.00, 49800.00, 67400.00, 30000.00, 200.00, 30200.00),
('2025-09', 34000.00, 41000.00, 0.00, 75000.00, 18000.00, 49000.00, 67000.00, 30000.00, 1000.00, 31000.00),
('2025-10', 34800.00, 40800.00, 0.00, 75600.00, 18400.00, 48200.00, 66600.00, 30000.00, 1800.00, 31800.00),
('2025-11', 35600.00, 40600.00, 0.00, 76200.00, 18800.00, 47400.00, 66200.00, 30000.00, 2600.00, 32600.00),
('2025-12', 36400.00, 40400.00, 0.00, 76800.00, 19200.00, 46600.00, 65800.00, 30000.00, 3400.00, 33400.00);

-- Financial Plan
INSERT INTO financial_plan (month, equity, loans, other_sources, total_sources, investments, working_capital, loan_repayments, other_uses, total_uses, net_financing) VALUES
('2024-01', 30000.00, 65000.00, 0.00, 95000.00, 45000.00, 4800.00, 1800.00, 3000.00, 54600.00, 40400.00),
('2024-02', 30000.00, 64200.00, 0.00, 94200.00, 0.00, 5010.00, 1800.00, 2000.00, 8810.00, 85390.00),
('2024-03', 30000.00, 63400.00, 0.00, 93400.00, 0.00, 5220.00, 1800.00, 2000.00, 9020.00, 84380.00),
('2024-04', 30000.00, 62600.00, 0.00, 92600.00, 0.00, 5430.00, 1800.00, 2000.00, 9230.00, 83370.00),
('2024-05', 30000.00, 61800.00, 0.00, 91800.00, 0.00, 5640.00, 1800.00, 2000.00, 9440.00, 82360.00),
('2024-06', 30000.00, 61000.00, 0.00, 91000.00, 0.00, 5850.00, 1800.00, 2000.00, 9650.00, 81350.00),
('2024-07', 30000.00, 60200.00, 0.00, 90200.00, 0.00, 6060.00, 1800.00, 2000.00, 9860.00, 80340.00),
('2024-08', 30000.00, 59400.00, 0.00, 89400.00, 0.00, 6270.00, 1800.00, 2000.00, 10070.00, 79330.00),
('2024-09', 30000.00, 58600.00, 0.00, 88600.00, 0.00, 6480.00, 1800.00, 2000.00, 10280.00, 78320.00),
('2024-10', 30000.00, 57800.00, 0.00, 87800.00, 0.00, 6690.00, 1800.00, 2000.00, 10490.00, 77310.00),
('2024-11', 30000.00, 57000.00, 0.00, 87000.00, 0.00, 6900.00, 1800.00, 2000.00, 10700.00, 76300.00),
('2024-12', 30000.00, 56200.00, 0.00, 86200.00, 0.00, 7110.00, 1800.00, 2000.00, 10910.00, 75290.00),
('2025-01', 30000.00, 55400.00, 0.00, 85400.00, 0.00, 7320.00, 1800.00, 2000.00, 11120.00, 74280.00),
('2025-02', 30000.00, 54600.00, 0.00, 84600.00, 0.00, 7530.00, 1800.00, 2000.00, 11330.00, 73270.00),
('2025-03', 30000.00, 53800.00, 0.00, 83800.00, 0.00, 7740.00, 1800.00, 2000.00, 11540.00, 72260.00),
('2025-04', 30000.00, 53000.00, 0.00, 83000.00, 0.00, 7950.00, 1800.00, 2000.00, 11750.00, 71250.00),
('2025-05', 30000.00, 52200.00, 0.00, 82200.00, 0.00, 8160.00, 1800.00, 2000.00, 11960.00, 70240.00),
('2025-06', 30000.00, 51400.00, 0.00, 81400.00, 0.00, 8370.00, 1800.00, 2000.00, 12170.00, 69230.00),
('2025-07', 30000.00, 50600.00, 0.00, 80600.00, 0.00, 8580.00, 1800.00, 2000.00, 12380.00, 68220.00),
('2025-08', 30000.00, 49800.00, 0.00, 79800.00, 0.00, 8790.00, 1800.00, 2000.00, 12590.00, 67210.00),
('2025-09', 30000.00, 49000.00, 0.00, 79000.00, 0.00, 9000.00, 1800.00, 2000.00, 12800.00, 66200.00),
('2025-10', 30000.00, 48200.00, 0.00, 78200.00, 0.00, 9210.00, 1800.00, 2000.00, 13010.00, 65190.00),
('2025-11', 30000.00, 47400.00, 0.00, 77400.00, 0.00, 9420.00, 1800.00, 2000.00, 13220.00, 64180.00),
('2025-12', 30000.00, 46600.00, 0.00, 76600.00, 0.00, 9630.00, 1800.00, 2000.00, 13430.00, 63170.00);

-- ============================================================================
-- VARIABLES
-- ============================================================================
INSERT INTO variables (name, type, value, unit, effective_date, end_date, description, is_active) VALUES
('VAT Rate', 'tax', 19.0, 'percentage', '2024-01-01', NULL, 'Value Added Tax rate', true),
('Corporate Tax Rate', 'tax', 25.0, 'percentage', '2024-01-01', NULL, 'Corporate income tax rate', true),
('Inflation Rate', 'inflation', 8.5, 'percentage', '2024-01-01', NULL, 'Annual inflation rate', true),
('EUR to TND Exchange Rate', 'exchange_rate', 3.25, 'rate', '2024-01-01', NULL, 'Euro to Tunisian Dinar exchange rate', true),
('Minimum Wage', 'cost', 450.0, 'TND', '2024-01-01', NULL, 'Minimum monthly wage', true),
('Social Security Rate', 'tax', 18.75, 'percentage', '2024-01-01', NULL, 'Employer social security contribution rate', true),
('Employee Social Tax Rate', 'tax', 20.0, 'percentage', '2024-01-01', NULL, 'Employee social tax deduction rate (applied to brute salary to calculate net)', true);
-- ENTRIES (Created from existing data)
-- ============================================================================
-- Create entries from sales (inputs)
INSERT INTO entries (direction, entry_type, name, amount, description, entry_date, reference_id, is_active, created_at, updated_at)
SELECT 
  'input' as direction,
  'sale' as entry_type,
  COALESCE(description, CONCAT('Sale - ', type)) as name,
  amount,
  description,
  date as entry_date,
  id as reference_id,
  true as is_active,
  created_at,
  updated_at
FROM sales;

-- Create entries from expenses (outputs)
INSERT INTO entries (direction, entry_type, name, amount, description, category, vendor, entry_date, reference_id, is_active, created_at, updated_at)
SELECT 
  'output' as direction,
  'expense' as entry_type,
  name,
  amount,
  description,
  category,
  vendor,
  COALESCE(expense_date, start_date) as entry_date,
  id as reference_id,
  is_active,
  created_at,
  updated_at
FROM expenses;

-- Create OUTPUT entries from expense projection entries (individual payment dates)
INSERT INTO entries (direction, entry_type, name, amount, description, entry_date, due_date, reference_id, schedule_entry_id, is_active, created_at, updated_at)
SELECT 
  'output' as direction,
  'expense_payment' as entry_type,
  CONCAT(e.name, ' - ', epe.month) as name,
  COALESCE(epe.actual_amount, epe.amount) as amount,
  epe.notes as description,
  CONCAT(epe.month, '-01')::DATE as entry_date,
  CONCAT(epe.month, '-01')::DATE as due_date,
  epe.expense_id as reference_id,
  epe.id as schedule_entry_id,
  true as is_active,
  epe.created_at,
  epe.updated_at
FROM expense_projection_entries epe
INNER JOIN expenses e ON e.id = epe.expense_id;

-- Create entries from subscriptions (outputs)
INSERT INTO entries (direction, entry_type, name, amount, description, category, vendor, entry_date, reference_id, is_active, created_at, updated_at)
SELECT 
  'output' as direction,
  'subscription' as entry_type,
  name,
  amount,
  description,
  category,
  vendor,
  start_date as entry_date,
  id as reference_id,
  is_active,
  created_at,
  updated_at
FROM subscriptions;

-- Create INPUT entries from loans (principal amount received)
INSERT INTO entries (direction, entry_type, name, amount, description, entry_date, reference_id, is_active, created_at, updated_at)
SELECT 
  'input' as direction,
  'loan' as entry_type,
  name,
  principal_amount as amount,
  description,
  start_date as entry_date,
  id as reference_id,
  true as is_active,
  created_at,
  updated_at
FROM loans;

-- Create OUTPUT entries from loan schedules (repayments)
INSERT INTO entries (direction, entry_type, name, amount, description, entry_date, due_date, reference_id, schedule_entry_id, is_active, created_at, updated_at)
SELECT 
  'output' as direction,
  'loan_payment' as entry_type,
  CONCAT(l.name, ' - Payment Month ', ls.month) as name,
  ls.total_payment as amount,
  CONCAT('Principal: ', ls.principal_payment, ', Interest: ', ls.interest_payment) as description,
  ls.payment_date as entry_date,
  ls.payment_date as due_date,
  ls.loan_id as reference_id,
  ls.id as schedule_entry_id,
  true as is_active,
  ls.created_at,
  ls.updated_at
FROM loan_schedules ls
INNER JOIN loans l ON l.id = ls.loan_id;

-- Create OUTPUT entries from leasing payments
INSERT INTO entries (direction, entry_type, name, amount, description, entry_date, reference_id, is_active, created_at, updated_at)
SELECT 
  'output' as direction,
  'leasing' as entry_type,
  name,
  amount,
  description,
  start_date as entry_date,
  id as reference_id,
  is_active,
  created_at,
  updated_at
FROM leasing_payments;

-- Create OUTPUT entries from leasing timeline entries (individual payment dates)
INSERT INTO entries (direction, entry_type, name, amount, description, entry_date, due_date, reference_id, schedule_entry_id, is_active, created_at, updated_at)
SELECT 
  'output' as direction,
  'leasing_payment' as entry_type,
  CONCAT(lp.name, ' - ', lte.month) as name,
  COALESCE(lte.actual_amount, lte.amount) as amount,
  lte.notes as description,
  lte.payment_date as entry_date,
  lte.payment_date as due_date,
  lte.leasing_id as reference_id,
  lte.id as schedule_entry_id,
  true as is_active,
  lte.created_at,
  lte.updated_at
FROM leasing_timeline_entries lte
INNER JOIN leasing_payments lp ON lp.id = lte.leasing_id;

-- Create OUTPUT entries from subscription projection entries (individual payment dates)
INSERT INTO entries (direction, entry_type, name, amount, description, entry_date, due_date, reference_id, schedule_entry_id, is_active, created_at, updated_at)
SELECT 
  'output' as direction,
  'subscription_payment' as entry_type,
  CONCAT(s.name, ' - ', spe.month) as name,
  COALESCE(spe.actual_amount, spe.amount) as amount,
  spe.notes as description,
  CONCAT(spe.month, '-01')::DATE as entry_date,
  CONCAT(spe.month, '-01')::DATE as due_date,
  spe.subscription_id as reference_id,
  spe.id as schedule_entry_id,
  true as is_active,
  spe.created_at,
  spe.updated_at
FROM subscription_projection_entries spe
INNER JOIN subscriptions s ON s.id = spe.subscription_id;

-- Set sequence for entries
SELECT setval('entries_id_seq', (SELECT MAX(id) FROM entries));

-- ============================================================================
-- PAYMENTS (Sample payments linked to entries)
-- ============================================================================
-- Create sample payments for sales (input payments - money received)
-- Get first 50 sales entries and create payments for them
INSERT INTO payments (entry_id, payment_date, amount, is_paid, paid_date, payment_method, notes, created_at, updated_at)
SELECT 
  e.id as entry_id,
  e.entry_date as payment_date,
  e.amount,
  true as is_paid,
  e.entry_date as paid_date,
  'cash' as payment_method,
  'Payment received' as notes,
  e.created_at,
  e.updated_at
FROM entries e
WHERE e.direction = 'input' 
  AND e.entry_type = 'sale'
ORDER BY e.id
LIMIT 50;

-- Create sample payments for expenses (output payments - money paid)
-- Get first 30 expense entries and create payments for them
INSERT INTO payments (entry_id, payment_date, amount, is_paid, paid_date, payment_method, notes, created_at, updated_at)
SELECT 
  e.id as entry_id,
  e.entry_date as payment_date,
  e.amount,
  true as is_paid,
  e.entry_date as paid_date,
  'bank_transfer' as payment_method,
  'Payment made' as notes,
  e.created_at,
  e.updated_at
FROM entries e
WHERE e.direction = 'output' 
  AND e.entry_type = 'expense'
ORDER BY e.id
LIMIT 30;

-- Create sample payments for subscriptions (output payments - subscription payments made)
-- Get first 20 subscription entries and create payments for them
INSERT INTO payments (entry_id, payment_date, amount, is_paid, paid_date, payment_method, notes, created_at, updated_at)
SELECT 
  e.id as entry_id,
  e.entry_date as payment_date,
  e.amount,
  true as is_paid,
  e.entry_date as paid_date,
  'card' as payment_method,
  'Subscription payment' as notes,
  e.created_at,
  e.updated_at
FROM entries e
WHERE e.direction = 'output' 
  AND e.entry_type = 'subscription'
ORDER BY e.id
LIMIT 20;

-- Create sample payments for loan principal (input payments - loan money received)
-- Get all loan entries and create payments for them
INSERT INTO payments (entry_id, payment_date, amount, is_paid, paid_date, payment_method, notes, created_at, updated_at)
SELECT 
  e.id as entry_id,
  e.entry_date as payment_date,
  e.amount,
  true as is_paid,
  e.entry_date as paid_date,
  'bank_transfer' as payment_method,
  'Loan principal received' as notes,
  e.created_at,
  e.updated_at
FROM entries e
WHERE e.direction = 'input' 
  AND e.entry_type = 'loan';

-- Create sample payments for loan repayments (output payments - loan payments made)
-- Get first 24 loan payment entries (first 2 years of payments) and create payments for paid ones
INSERT INTO payments (entry_id, payment_date, amount, is_paid, paid_date, payment_method, notes, created_at, updated_at)
SELECT 
  e.id as entry_id,
  e.entry_date as payment_date,
  e.amount,
  CASE 
    WHEN e.entry_date <= CURRENT_DATE THEN true 
    ELSE false 
  END as is_paid,
  CASE 
    WHEN e.entry_date <= CURRENT_DATE THEN e.entry_date 
    ELSE NULL 
  END as paid_date,
  'bank_transfer' as payment_method,
  'Loan repayment' as notes,
  e.created_at,
  e.updated_at
FROM entries e
WHERE e.direction = 'output' 
  AND e.entry_type = 'loan_payment'
ORDER BY e.entry_date
LIMIT 24;

-- Create sample payments for leasing (output payments - leasing payments made)
-- Get first 12 leasing payment entries and create payments for paid ones
INSERT INTO payments (entry_id, payment_date, amount, is_paid, paid_date, payment_method, notes, created_at, updated_at)
SELECT 
  e.id as entry_id,
  e.entry_date as payment_date,
  e.amount,
  CASE 
    WHEN e.entry_date <= CURRENT_DATE THEN true 
    ELSE false 
  END as is_paid,
  CASE 
    WHEN e.entry_date <= CURRENT_DATE THEN e.entry_date 
    ELSE NULL 
  END as paid_date,
  'bank_transfer' as payment_method,
  'Leasing payment' as notes,
  e.created_at,
  e.updated_at
FROM entries e
WHERE e.direction = 'output' 
  AND e.entry_type = 'leasing_payment'
ORDER BY e.entry_date
LIMIT 12;

-- Migrate actual_payments to payments (if any exist)
INSERT INTO payments (entry_id, payment_date, amount, is_paid, paid_date, notes, created_at, updated_at)
SELECT 
  e.id as entry_id,
  ap.payment_date,
  ap.amount,
  ap.is_paid,
  ap.paid_date,
  ap.notes,
  ap.created_at,
  ap.updated_at
FROM actual_payments ap
INNER JOIN entries e ON (
  e.direction = ap.direction 
  AND e.entry_type = ap.payment_type 
  AND e.reference_id = ap.reference_id
  AND (ap.schedule_entry_id IS NULL OR e.schedule_entry_id = ap.schedule_entry_id)
)
WHERE NOT EXISTS (
  SELECT 1 FROM payments p 
  WHERE p.entry_id = e.id 
    AND p.payment_date = ap.payment_date
    AND p.amount = ap.amount
);

-- Set sequence for payments
SELECT setval('payments_id_seq', (SELECT MAX(id) FROM payments));

-- ============================================================================
-- COFFEE SHOP INVENTORY SEED DATA
-- ============================================================================
-- Seed data for ingredients, suppliers, recipes, and initial stock levels
-- Note: This assumes the inventory management tables exist (from migration)

-- ITEMS - Coffee Shop Essentials (ingredients and non-food items)
-- Note: After migration, ingredients will be merged into items table
-- These will be inserted as items with item_type='item'
INSERT INTO items (name, description, unit, category, item_type, is_active) VALUES
-- Coffee & Espresso
('Arabica Coffee Beans', 'Premium arabica coffee beans', 'kg', 'Coffee', 'item', true),
('Robusta Coffee Beans', 'Robusta coffee beans for espresso', 'kg', 'Coffee', 'item', true),
('Espresso Beans', 'Dark roast espresso beans', 'kg', 'Coffee', 'item', true),
('Decaf Coffee Beans', 'Decaffeinated coffee beans', 'kg', 'Coffee', 'item', true),

-- Dairy & Alternatives
('Whole Milk', 'Fresh whole milk', 'L', 'Dairy', 'item', true),
('Skim Milk', 'Low-fat skim milk', 'L', 'Dairy', 'item', true),
('Oat Milk', 'Oat milk alternative', 'L', 'Dairy Alternatives', 'item', true),
('Almond Milk', 'Almond milk alternative', 'L', 'Dairy Alternatives', 'item', true),
('Soy Milk', 'Soy milk alternative', 'L', 'Dairy Alternatives', 'item', true),
('Heavy Cream', 'Heavy whipping cream', 'L', 'Dairy', 'item', true),
('Half and Half', 'Half milk, half cream', 'L', 'Dairy', 'item', true),

-- Syrups & Flavors
('Vanilla Syrup', 'Vanilla flavored syrup', 'L', 'Syrups', 'item', true),
('Caramel Syrup', 'Caramel flavored syrup', 'L', 'Syrups', 'item', true),
('Hazelnut Syrup', 'Hazelnut flavored syrup', 'L', 'Syrups', 'item', true),
('Chocolate Syrup', 'Chocolate flavored syrup', 'L', 'Syrups', 'item', true),
('Simple Syrup', 'Basic sugar syrup', 'L', 'Syrups', 'item', true),

-- Tea
('Black Tea', 'English breakfast tea', 'kg', 'Tea', 'item', true),
('Green Tea', 'Green tea leaves', 'kg', 'Tea', 'item', true),
('Earl Grey Tea', 'Earl grey tea blend', 'kg', 'Tea', 'item', true),
('Herbal Tea', 'Assorted herbal teas', 'kg', 'Tea', 'item', true),
('Chai Tea', 'Spiced chai tea blend', 'kg', 'Tea', 'item', true),

-- Pastries & Food
('Croissants', 'Butter croissants', 'piece', 'Pastries', 'item', true),
('Muffins', 'Assorted muffins', 'piece', 'Pastries', 'item', true),
('Bagels', 'Fresh bagels', 'piece', 'Pastries', 'item', true),
('Sandwiches', 'Pre-made sandwiches', 'piece', 'Food', 'item', true),
('Cookies', 'Assorted cookies', 'piece', 'Pastries', 'item', true),

-- Cups & Packaging (Non-food items)
('Paper Cups 12oz', '12oz disposable cups', 'box', 'Packaging', 'item', true),
('Paper Cups 16oz', '16oz disposable cups', 'box', 'Packaging', 'item', true),
('Lids 12oz', 'Lids for 12oz cups', 'box', 'Packaging', 'item', true),
('Lids 16oz', 'Lids for 16oz cups', 'box', 'Packaging', 'item', true),
('Sleeves', 'Cup sleeves', 'box', 'Packaging', 'item', true),
('Straws', 'Disposable straws', 'box', 'Packaging', 'item', true),
('Napkins', 'Paper napkins', 'box', 'Packaging', 'item', true),
('Paper Bags', 'Carry-out paper bags', 'box', 'Packaging', 'item', true),
('Receipt Paper', 'Thermal receipt paper rolls', 'roll', 'Packaging', 'item', true),
('To-Go Containers', 'Food containers for takeout', 'box', 'Packaging', 'item', true),
('Utensils Set', 'Forks, knives, spoons', 'box', 'Packaging', 'item', true),
('Stirrers', 'Wooden coffee stirrers', 'box', 'Packaging', 'item', true),
('Cup Carriers', 'Cardboard cup carriers', 'box', 'Packaging', 'item', true),

-- Toppings & Extras
('Whipped Cream', 'Canned whipped cream', 'can', 'Toppings', 'item', true),
('Chocolate Chips', 'Semi-sweet chocolate chips', 'kg', 'Toppings', 'item', true),
('Cinnamon', 'Ground cinnamon', 'kg', 'Spices', 'item', true),
('Cocoa Powder', 'Unsweetened cocoa powder', 'kg', 'Toppings', 'item', true),
('Sugar', 'White granulated sugar', 'kg', 'Sweeteners', 'item', true),
('Brown Sugar', 'Brown sugar', 'kg', 'Sweeteners', 'item', true),
('Honey', 'Natural honey', 'kg', 'Sweeteners', 'item', true),

-- Water & Ice
('Filtered Water', 'Filtered water for coffee', 'L', 'Beverages', 'item', true),
('Ice', 'Ice cubes', 'kg', 'Beverages', 'item', true),

-- Cleaning & Maintenance (Non-food items)
('Espresso Machine Cleaner', 'Machine cleaning solution', 'L', 'Cleaning', 'item', true),
('Milk Frother Cleaner', 'Frother cleaning solution', 'L', 'Cleaning', 'item', true),
('Sanitizer', 'Food-safe sanitizer', 'L', 'Cleaning', 'item', true),
('Dish Soap', 'Commercial dishwashing soap', 'L', 'Cleaning', 'item', true),
('Paper Towels', 'Commercial paper towels', 'roll', 'Cleaning', 'item', true),
('Trash Bags', 'Commercial trash bags', 'box', 'Cleaning', 'item', true),
('Hand Soap', 'Hand sanitizing soap', 'L', 'Cleaning', 'item', true),
('Gloves', 'Disposable gloves', 'box', 'Cleaning', 'item', true),
('Cleaning Cloths', 'Reusable cleaning cloths', 'piece', 'Cleaning', 'item', true),
('Broom', 'Floor broom', 'unit', 'Cleaning', 'item', true),
('Mop', 'Floor mop', 'unit', 'Cleaning', 'item', true)
ON CONFLICT DO NOTHING;

-- SUPPLIERS - Coffee Shop Suppliers
INSERT INTO suppliers (name, email, phone, address, contact_person, payment_terms, is_active) VALUES
('Premium Coffee Roasters', 'orders@premiumcoffee.com', '+1-555-0101', '123 Coffee St, Seattle, WA', 'John Smith', 'Net 30', true),
('Dairy Direct', 'sales@dairydirect.com', '+1-555-0102', '456 Milk Ave, Portland, OR', 'Jane Doe', 'Net 15', true),
('Syrup Suppliers Inc', 'info@syrupsuppliers.com', '+1-555-0103', '789 Flavor Blvd, San Francisco, CA', 'Bob Johnson', 'Net 30', true),
('Packaging Plus', 'orders@packagingplus.com', '+1-555-0104', '321 Box St, Los Angeles, CA', 'Alice Williams', 'Net 30', true),
('Local Bakery', 'orders@localbakery.com', '+1-555-0105', '654 Bread Ln, Seattle, WA', 'Charlie Brown', 'COD', true),
('Tea Importers', 'sales@teaimporters.com', '+1-555-0106', '987 Tea Garden, Portland, OR', 'Diana Prince', 'Net 30', true)
ON CONFLICT DO NOTHING;

-- RECIPES - Common Coffee Shop Drinks
-- Recipes are stored in the recipes table
INSERT INTO recipes (name, description, serving_size, preparation_time, cooking_time, instructions, item_type, unit, category, is_active) VALUES
('Espresso', 'Single shot of espresso', 1, 1, 0, 'Grind 18g coffee beans. Tamp and extract 30ml espresso shot.', 'recipe', 'serving', 'Coffee', true),
('Double Espresso', 'Double shot of espresso', 1, 1, 0, 'Grind 36g coffee beans. Tamp and extract 60ml espresso shot.', 'recipe', 'serving', 'Coffee', true),
('Americano', 'Espresso with hot water', 1, 2, 0, 'Extract double espresso. Add 180ml hot water.', 'recipe', 'serving', 'Coffee', true),
('Cappuccino', 'Espresso with steamed milk and foam', 1, 3, 0, 'Extract double espresso. Steam 120ml milk. Pour milk and top with foam.', 'recipe', 'serving', 'Coffee', true),
('Latte', 'Espresso with steamed milk', 1, 3, 0, 'Extract double espresso. Steam 180ml milk. Pour milk over espresso.', 'recipe', 'serving', 'Coffee', true),
('Mocha', 'Espresso with chocolate and steamed milk', 1, 4, 0, 'Extract double espresso. Add 30ml chocolate syrup. Steam 150ml milk. Pour milk over espresso.', 'recipe', 'serving', 'Coffee', true),
('Caramel Macchiato', 'Espresso with vanilla, caramel, and steamed milk', 1, 4, 0, 'Add 15ml vanilla syrup to cup. Extract double espresso. Steam 150ml milk. Pour milk and drizzle caramel.', 'recipe', 'serving', 'Coffee', true),
('Flat White', 'Espresso with microfoam milk', 1, 3, 0, 'Extract double espresso. Steam 150ml milk with microfoam. Pour milk over espresso.', 'recipe', 'serving', 'Coffee', true),
('Cortado', 'Espresso with equal parts steamed milk', 1, 2, 0, 'Extract double espresso. Steam 60ml milk. Pour milk over espresso.', 'recipe', 'serving', 'Coffee', true),
('Cold Brew', 'Cold brewed coffee', 1, 5, 0, 'Steep 100g coarse ground coffee in 1L cold water for 12-24 hours. Filter and serve over ice.', 'recipe', 'serving', 'Coffee', true),
('Iced Coffee', 'Chilled coffee over ice', 1, 2, 0, 'Brew coffee. Cool and pour over ice. Add milk and sweetener if desired.', 'recipe', 'serving', 'Coffee', true),
('Iced Latte', 'Espresso with cold milk over ice', 1, 3, 0, 'Extract double espresso. Pour over ice. Add 180ml cold milk.', 'recipe', 'serving', 'Coffee', true),
('Frappuccino', 'Blended coffee drink', 1, 5, 0, 'Blend double espresso, 200ml milk, 30ml syrup, ice, and whipped cream.', 'recipe', 'serving', 'Coffee', true),
('Hot Chocolate', 'Steamed milk with chocolate', 1, 3, 0, 'Heat 200ml milk. Add 30ml chocolate syrup. Top with whipped cream.', 'recipe', 'serving', 'Beverages', true),
('Chai Latte', 'Spiced tea with steamed milk', 1, 4, 0, 'Steep chai tea. Steam 150ml milk. Combine tea and milk. Add sweetener.', 'recipe', 'serving', 'Tea', true)
ON CONFLICT DO NOTHING;

-- RECIPE ITEMS - Link recipes to their items
-- This creates the recipe_items table entries
INSERT INTO recipe_items (recipe_id, item_id, quantity, unit)
SELECT 
  r.id as recipe_id,
  i.id as item_id,
  CASE 
    -- Espresso recipes
    WHEN r.name = 'Espresso' AND i.name = 'Espresso Beans' THEN 0.018
    WHEN r.name = 'Double Espresso' AND i.name = 'Espresso Beans' THEN 0.036
    WHEN r.name = 'Americano' AND i.name = 'Espresso Beans' THEN 0.036
    WHEN r.name = 'Americano' AND i.name = 'Filtered Water' THEN 0.180
    -- Cappuccino
    WHEN r.name = 'Cappuccino' AND i.name = 'Espresso Beans' THEN 0.036
    WHEN r.name = 'Cappuccino' AND i.name = 'Whole Milk' THEN 0.120
    -- Latte
    WHEN r.name = 'Latte' AND i.name = 'Espresso Beans' THEN 0.036
    WHEN r.name = 'Latte' AND i.name = 'Whole Milk' THEN 0.180
    -- Mocha
    WHEN r.name = 'Mocha' AND i.name = 'Espresso Beans' THEN 0.036
    WHEN r.name = 'Mocha' AND i.name = 'Chocolate Syrup' THEN 0.030
    WHEN r.name = 'Mocha' AND i.name = 'Whole Milk' THEN 0.150
    -- Caramel Macchiato
    WHEN r.name = 'Caramel Macchiato' AND i.name = 'Vanilla Syrup' THEN 0.015
    WHEN r.name = 'Caramel Macchiato' AND i.name = 'Caramel Syrup' THEN 0.010
    WHEN r.name = 'Caramel Macchiato' AND i.name = 'Espresso Beans' THEN 0.036
    WHEN r.name = 'Caramel Macchiato' AND i.name = 'Whole Milk' THEN 0.150
    -- Flat White
    WHEN r.name = 'Flat White' AND i.name = 'Espresso Beans' THEN 0.036
    WHEN r.name = 'Flat White' AND i.name = 'Whole Milk' THEN 0.150
    -- Cortado
    WHEN r.name = 'Cortado' AND i.name = 'Espresso Beans' THEN 0.036
    WHEN r.name = 'Cortado' AND i.name = 'Whole Milk' THEN 0.060
    -- Cold Brew
    WHEN r.name = 'Cold Brew' AND i.name = 'Arabica Coffee Beans' THEN 0.100
    WHEN r.name = 'Cold Brew' AND i.name = 'Filtered Water' THEN 1.000
    WHEN r.name = 'Cold Brew' AND i.name = 'Ice' THEN 0.200
    -- Iced Coffee
    WHEN r.name = 'Iced Coffee' AND i.name = 'Arabica Coffee Beans' THEN 0.020
    WHEN r.name = 'Iced Coffee' AND i.name = 'Filtered Water' THEN 0.250
    WHEN r.name = 'Iced Coffee' AND i.name = 'Ice' THEN 0.150
    -- Iced Latte
    WHEN r.name = 'Iced Latte' AND i.name = 'Espresso Beans' THEN 0.036
    WHEN r.name = 'Iced Latte' AND i.name = 'Whole Milk' THEN 0.180
    WHEN r.name = 'Iced Latte' AND i.name = 'Ice' THEN 0.150
    -- Frappuccino
    WHEN r.name = 'Frappuccino' AND i.name = 'Espresso Beans' THEN 0.036
    WHEN r.name = 'Frappuccino' AND i.name = 'Whole Milk' THEN 0.200
    WHEN r.name = 'Frappuccino' AND i.name = 'Vanilla Syrup' THEN 0.030
    WHEN r.name = 'Frappuccino' AND i.name = 'Ice' THEN 0.200
    WHEN r.name = 'Frappuccino' AND i.name = 'Whipped Cream' THEN 0.050
    -- Hot Chocolate
    WHEN r.name = 'Hot Chocolate' AND i.name = 'Whole Milk' THEN 0.200
    WHEN r.name = 'Hot Chocolate' AND i.name = 'Chocolate Syrup' THEN 0.030
    WHEN r.name = 'Hot Chocolate' AND i.name = 'Whipped Cream' THEN 0.030
    -- Chai Latte
    WHEN r.name = 'Chai Latte' AND i.name = 'Chai Tea' THEN 0.010
    WHEN r.name = 'Chai Latte' AND i.name = 'Filtered Water' THEN 0.100
    WHEN r.name = 'Chai Latte' AND i.name = 'Whole Milk' THEN 0.150
    WHEN r.name = 'Chai Latte' AND i.name = 'Honey' THEN 0.010
    ELSE NULL
  END as quantity,
  i.unit
FROM recipes r
CROSS JOIN items i
WHERE i.item_type = 'item'
  AND CASE 
    WHEN r.name = 'Espresso' AND i.name = 'Espresso Beans' THEN true
    WHEN r.name = 'Double Espresso' AND i.name = 'Espresso Beans' THEN true
    WHEN r.name = 'Americano' AND i.name IN ('Espresso Beans', 'Filtered Water') THEN true
    WHEN r.name = 'Cappuccino' AND i.name IN ('Espresso Beans', 'Whole Milk') THEN true
    WHEN r.name = 'Latte' AND i.name IN ('Espresso Beans', 'Whole Milk') THEN true
    WHEN r.name = 'Mocha' AND i.name IN ('Espresso Beans', 'Chocolate Syrup', 'Whole Milk') THEN true
    WHEN r.name = 'Caramel Macchiato' AND i.name IN ('Vanilla Syrup', 'Caramel Syrup', 'Espresso Beans', 'Whole Milk') THEN true
    WHEN r.name = 'Flat White' AND i.name IN ('Espresso Beans', 'Whole Milk') THEN true
    WHEN r.name = 'Cortado' AND i.name IN ('Espresso Beans', 'Whole Milk') THEN true
    WHEN r.name = 'Cold Brew' AND i.name IN ('Arabica Coffee Beans', 'Filtered Water', 'Ice') THEN true
    WHEN r.name = 'Iced Coffee' AND i.name IN ('Arabica Coffee Beans', 'Filtered Water', 'Ice') THEN true
    WHEN r.name = 'Iced Latte' AND i.name IN ('Espresso Beans', 'Whole Milk', 'Ice') THEN true
    WHEN r.name = 'Frappuccino' AND i.name IN ('Espresso Beans', 'Whole Milk', 'Vanilla Syrup', 'Ice', 'Whipped Cream') THEN true
    WHEN r.name = 'Hot Chocolate' AND i.name IN ('Whole Milk', 'Chocolate Syrup', 'Whipped Cream') THEN true
    WHEN r.name = 'Chai Latte' AND i.name IN ('Chai Tea', 'Filtered Water', 'Whole Milk', 'Honey') THEN true
    ELSE false
  END
ON CONFLICT (recipe_id, item_id) DO NOTHING;

-- STOCK LEVELS - Initial stock levels with min/max
-- Set up initial stock levels for key items (not recipes)
INSERT INTO stock_levels (item_id, quantity, unit, location, minimum_stock_level, maximum_stock_level)
SELECT 
  id,
  CASE 
    WHEN category = 'Coffee' THEN 10.0
    WHEN category = 'Dairy' OR category = 'Dairy Alternatives' THEN 20.0
    WHEN category = 'Syrups' THEN 5.0
    WHEN category = 'Packaging' THEN 50.0
    WHEN category = 'Pastries' THEN 20.0
    WHEN category = 'Cleaning' THEN 10.0
    ELSE 5.0
  END,
  unit,
  'Main Storage',
  CASE 
    WHEN category = 'Coffee' THEN 5.0
    WHEN category = 'Dairy' OR category = 'Dairy Alternatives' THEN 10.0
    WHEN category = 'Syrups' THEN 2.0
    WHEN category = 'Packaging' THEN 20.0
    WHEN category = 'Pastries' THEN 10.0
    WHEN category = 'Cleaning' THEN 3.0
    ELSE 2.0
  END,
  CASE 
    WHEN category = 'Coffee' THEN 20.0
    WHEN category = 'Dairy' OR category = 'Dairy Alternatives' THEN 40.0
    WHEN category = 'Syrups' THEN 10.0
    WHEN category = 'Packaging' THEN 100.0
    WHEN category = 'Pastries' THEN 50.0
    WHEN category = 'Cleaning' THEN 25.0
    ELSE 15.0
  END
FROM items
WHERE is_active = true 
  AND item_type = 'item'  -- Only items, not recipes
ON CONFLICT (item_id, location) DO NOTHING;

-- ============================================================================
-- SUPPLIER ORDERS - Recent orders for cost calculation
-- ============================================================================
-- Add supplier orders from the last 3 months so recipe cost calculation works
INSERT INTO supplier_orders (supplier_id, order_number, order_date, expected_delivery_date, actual_delivery_date, status, total_amount, notes)
SELECT 
  s.id as supplier_id,
  'ORD-' || TO_CHAR(CURRENT_DATE - INTERVAL '1 month', 'YYYYMMDD') || '-' || LPAD(ROW_NUMBER() OVER()::text, 3, '0') as order_number,
  CURRENT_DATE - INTERVAL '1 month' as order_date,
  CURRENT_DATE - INTERVAL '25 days' as expected_delivery_date,
  CURRENT_DATE - INTERVAL '25 days' as actual_delivery_date,
  'delivered' as status,
  0 as total_amount, -- Will be calculated
  'Monthly restock order' as notes
FROM suppliers s
WHERE s.name IN ('Premium Coffee Roasters', 'Dairy Direct', 'Syrup Suppliers Inc', 'Packaging Plus')
LIMIT 4
ON CONFLICT DO NOTHING;

-- Add more recent orders (last 2 weeks)
INSERT INTO supplier_orders (supplier_id, order_number, order_date, expected_delivery_date, actual_delivery_date, status, total_amount, notes)
SELECT 
  s.id as supplier_id,
  'ORD-' || TO_CHAR(CURRENT_DATE - INTERVAL '10 days', 'YYYYMMDD') || '-' || LPAD(ROW_NUMBER() OVER()::text, 3, '0') as order_number,
  CURRENT_DATE - INTERVAL '10 days' as order_date,
  CURRENT_DATE - INTERVAL '5 days' as expected_delivery_date,
  CURRENT_DATE - INTERVAL '5 days' as actual_delivery_date,
  'delivered' as status,
  0 as total_amount,
  'Weekly restock order' as notes
FROM suppliers s
WHERE s.name IN ('Premium Coffee Roasters', 'Dairy Direct')
LIMIT 2
ON CONFLICT DO NOTHING;

-- ============================================================================
-- SUPPLIER ORDER ITEMS - Items in supplier orders with realistic prices
-- ============================================================================
-- Coffee beans from Premium Coffee Roasters (1 month ago)
INSERT INTO supplier_order_items (order_id, item_id, quantity, unit, unit_price, total_price, received_quantity)
SELECT 
  so.id as order_id,
  i.id as item_id,
  CASE 
    WHEN i.name LIKE '%Espresso Beans%' THEN 50.0
    WHEN i.name LIKE '%Arabica%' THEN 25.0
    WHEN i.name LIKE '%Robusta%' THEN 20.0
    ELSE 10.0
  END as quantity,
  i.unit,
  CASE 
    WHEN i.name LIKE '%Espresso Beans%' THEN 32.00
    WHEN i.name LIKE '%Arabica%' THEN 28.50
    WHEN i.name LIKE '%Robusta%' THEN 22.00
    ELSE 15.00
  END as unit_price,
  CASE 
    WHEN i.name LIKE '%Espresso Beans%' THEN 32.00 * 50.0
    WHEN i.name LIKE '%Arabica%' THEN 28.50 * 25.0
    WHEN i.name LIKE '%Robusta%' THEN 22.00 * 20.0
    ELSE 15.00 * 10.0
  END as total_price,
  CASE 
    WHEN i.name LIKE '%Espresso Beans%' THEN 50.0
    WHEN i.name LIKE '%Arabica%' THEN 25.0
    WHEN i.name LIKE '%Robusta%' THEN 20.0
    ELSE 10.0
  END as received_quantity
FROM supplier_orders so
CROSS JOIN items i
INNER JOIN suppliers s ON so.supplier_id = s.id
WHERE s.name = 'Premium Coffee Roasters'
  AND so.order_date = CURRENT_DATE - INTERVAL '1 month'
  AND i.name IN ('Espresso Beans', 'Arabica Coffee Beans', 'Robusta Coffee Beans')
  AND i.item_type = 'item'
ON CONFLICT DO NOTHING;

-- Milk from Dairy Direct (1 month ago)
INSERT INTO supplier_order_items (order_id, item_id, quantity, unit, unit_price, total_price, received_quantity)
SELECT 
  so.id as order_id,
  i.id as item_id,
  CASE 
    WHEN i.name LIKE '%Whole Milk%' THEN 100.0
    WHEN i.name LIKE '%Skim Milk%' THEN 50.0
    WHEN i.name LIKE '%Oat Milk%' THEN 30.0
    WHEN i.name LIKE '%Almond Milk%' THEN 30.0
    WHEN i.name LIKE '%Soy Milk%' THEN 30.0
    ELSE 20.0
  END as quantity,
  i.unit,
  CASE 
    WHEN i.name LIKE '%Whole Milk%' THEN 3.50
    WHEN i.name LIKE '%Skim Milk%' THEN 3.20
    WHEN i.name LIKE '%Oat Milk%' THEN 4.50
    WHEN i.name LIKE '%Almond Milk%' THEN 5.00
    WHEN i.name LIKE '%Soy Milk%' THEN 4.00
    ELSE 3.00
  END as unit_price,
  CASE 
    WHEN i.name LIKE '%Whole Milk%' THEN 3.50 * 100.0
    WHEN i.name LIKE '%Skim Milk%' THEN 3.20 * 50.0
    WHEN i.name LIKE '%Oat Milk%' THEN 4.50 * 30.0
    WHEN i.name LIKE '%Almond Milk%' THEN 5.00 * 30.0
    WHEN i.name LIKE '%Soy Milk%' THEN 4.00 * 30.0
    ELSE 3.00 * 20.0
  END as total_price,
  CASE 
    WHEN i.name LIKE '%Whole Milk%' THEN 100.0
    WHEN i.name LIKE '%Skim Milk%' THEN 50.0
    WHEN i.name LIKE '%Oat Milk%' THEN 30.0
    WHEN i.name LIKE '%Almond Milk%' THEN 30.0
    WHEN i.name LIKE '%Soy Milk%' THEN 30.0
    ELSE 20.0
  END as received_quantity
FROM supplier_orders so
CROSS JOIN items i
INNER JOIN suppliers s ON so.supplier_id = s.id
WHERE s.name = 'Dairy Direct'
  AND so.order_date = CURRENT_DATE - INTERVAL '1 month'
  AND i.name IN ('Whole Milk', 'Skim Milk', 'Oat Milk', 'Almond Milk', 'Soy Milk')
  AND i.item_type = 'item'
ON CONFLICT DO NOTHING;

-- Syrups from Syrup Suppliers Inc (1 month ago)
INSERT INTO supplier_order_items (order_id, item_id, quantity, unit, unit_price, total_price, received_quantity)
SELECT 
  so.id as order_id,
  i.id as item_id,
  CASE 
    WHEN i.name LIKE '%Vanilla Syrup%' THEN 20.0
    WHEN i.name LIKE '%Caramel Syrup%' THEN 15.0
    WHEN i.name LIKE '%Chocolate Syrup%' THEN 15.0
    WHEN i.name LIKE '%Hazelnut Syrup%' THEN 12.0
    ELSE 10.0
  END as quantity,
  i.unit,
  CASE 
    WHEN i.name LIKE '%Vanilla Syrup%' THEN 8.50
    WHEN i.name LIKE '%Caramel Syrup%' THEN 9.00
    WHEN i.name LIKE '%Chocolate Syrup%' THEN 8.75
    WHEN i.name LIKE '%Hazelnut Syrup%' THEN 9.50
    ELSE 8.00
  END as unit_price,
  CASE 
    WHEN i.name LIKE '%Vanilla Syrup%' THEN 8.50 * 20.0
    WHEN i.name LIKE '%Caramel Syrup%' THEN 9.00 * 15.0
    WHEN i.name LIKE '%Chocolate Syrup%' THEN 8.75 * 15.0
    WHEN i.name LIKE '%Hazelnut Syrup%' THEN 9.50 * 12.0
    ELSE 8.00 * 10.0
  END as total_price,
  CASE 
    WHEN i.name LIKE '%Vanilla Syrup%' THEN 20.0
    WHEN i.name LIKE '%Caramel Syrup%' THEN 15.0
    WHEN i.name LIKE '%Chocolate Syrup%' THEN 15.0
    WHEN i.name LIKE '%Hazelnut Syrup%' THEN 12.0
    ELSE 10.0
  END as received_quantity
FROM supplier_orders so
CROSS JOIN items i
INNER JOIN suppliers s ON so.supplier_id = s.id
WHERE s.name = 'Syrup Suppliers Inc'
  AND so.order_date = CURRENT_DATE - INTERVAL '1 month'
  AND i.name IN ('Vanilla Syrup', 'Caramel Syrup', 'Chocolate Syrup', 'Hazelnut Syrup')
  AND i.item_type = 'item'
ON CONFLICT DO NOTHING;

-- Packaging from Packaging Plus (1 month ago)
INSERT INTO supplier_order_items (order_id, item_id, quantity, unit, unit_price, total_price, received_quantity)
SELECT 
  so.id as order_id,
  i.id as item_id,
  CASE 
    WHEN i.name LIKE '%Paper Cup%' THEN 1000.0
    WHEN i.name LIKE '%Lid%' THEN 1000.0
    WHEN i.name LIKE '%Sleeve%' THEN 500.0
    WHEN i.name LIKE '%Napkin%' THEN 2000.0
    ELSE 100.0
  END as quantity,
  i.unit,
  CASE 
    WHEN i.name LIKE '%Paper Cup%' THEN 0.15
    WHEN i.name LIKE '%Lid%' THEN 0.08
    WHEN i.name LIKE '%Sleeve%' THEN 0.05
    WHEN i.name LIKE '%Napkin%' THEN 0.02
    ELSE 0.10
  END as unit_price,
  CASE 
    WHEN i.name LIKE '%Paper Cup%' THEN 0.15 * 1000.0
    WHEN i.name LIKE '%Lid%' THEN 0.08 * 1000.0
    WHEN i.name LIKE '%Sleeve%' THEN 0.05 * 500.0
    WHEN i.name LIKE '%Napkin%' THEN 0.02 * 2000.0
    ELSE 0.10 * 100.0
  END as total_price,
  CASE 
    WHEN i.name LIKE '%Paper Cup%' THEN 1000.0
    WHEN i.name LIKE '%Lid%' THEN 1000.0
    WHEN i.name LIKE '%Sleeve%' THEN 500.0
    WHEN i.name LIKE '%Napkin%' THEN 2000.0
    ELSE 100.0
  END as received_quantity
FROM supplier_orders so
CROSS JOIN items i
INNER JOIN suppliers s ON so.supplier_id = s.id
WHERE s.name = 'Packaging Plus'
  AND so.order_date = CURRENT_DATE - INTERVAL '1 month'
  AND i.category = 'Packaging'
  AND i.item_type = 'item'
ON CONFLICT DO NOTHING;

-- Recent orders (10 days ago) - Coffee beans
INSERT INTO supplier_order_items (order_id, item_id, quantity, unit, unit_price, total_price, received_quantity)
SELECT 
  so.id as order_id,
  i.id as item_id,
  30.0 as quantity,
  i.unit,
  CASE 
    WHEN i.name LIKE '%Espresso Beans%' THEN 33.00
    WHEN i.name LIKE '%Arabica%' THEN 29.00
    ELSE 23.00
  END as unit_price,
  CASE 
    WHEN i.name LIKE '%Espresso Beans%' THEN 33.00 * 30.0
    WHEN i.name LIKE '%Arabica%' THEN 29.00 * 30.0
    ELSE 23.00 * 30.0
  END as total_price,
  30.0 as received_quantity
FROM supplier_orders so
CROSS JOIN items i
INNER JOIN suppliers s ON so.supplier_id = s.id
WHERE s.name = 'Premium Coffee Roasters'
  AND so.order_date = CURRENT_DATE - INTERVAL '10 days'
  AND i.name IN ('Espresso Beans', 'Arabica Coffee Beans')
  AND i.item_type = 'item'
LIMIT 2
ON CONFLICT DO NOTHING;

-- Recent orders (10 days ago) - Milk
INSERT INTO supplier_order_items (order_id, item_id, quantity, unit, unit_price, total_price, received_quantity)
SELECT 
  so.id as order_id,
  i.id as item_id,
  80.0 as quantity,
  i.unit,
  3.60 as unit_price,
  3.60 * 80.0 as total_price,
  80.0 as received_quantity
FROM supplier_orders so
CROSS JOIN items i
INNER JOIN suppliers s ON so.supplier_id = s.id
WHERE s.name = 'Dairy Direct'
  AND so.order_date = CURRENT_DATE - INTERVAL '10 days'
  AND i.name = 'Whole Milk'
  AND i.item_type = 'item'
LIMIT 1
ON CONFLICT DO NOTHING;

-- Update total_amount for all supplier orders
UPDATE supplier_orders
SET total_amount = (
  SELECT COALESCE(SUM(total_price), 0)
  FROM supplier_order_items
  WHERE supplier_order_items.order_id = supplier_orders.id
);
